To honour the JVM settings for this build a single-use Daemon process will be forked. For more on this, please refer to https://docs.gradle.org/9.6.1/userguide/gradle_daemon.html#sec:disabling_the_daemon in the Gradle documentation.
Daemon will be stopped at the end of the build 

> Configure project :
WARNING: The option setting 'android.overridePathCheck=true' is experimental.
The current default is 'false'.

> Task :ShortTV:checkKotlinGradlePluginConfigurationErrors SKIPPED
> Task :ShortTV:preBuild UP-TO-DATE
> Task :ShortTV:preDebugBuild UP-TO-DATE
> Task :ShortTV:generateDebugResValues UP-TO-DATE
> Task :ShortTV:generateDebugResources UP-TO-DATE
> Task :ShortTV:packageDebugResources UP-TO-DATE
> Task :ShortTV:parseDebugLocalResources UP-TO-DATE
> Task :ShortTV:generateDebugRFile UP-TO-DATE
> Task :ShortTV:compileDebugKotlin UP-TO-DATE
> Task :ShortTV:compileDex UP-TO-DATE
> Task :ShortTV:generateManifest UP-TO-DATE
> Task :ShortTV:make UP-TO-DATE
> Task :FlexTV:checkKotlinGradlePluginConfigurationErrors SKIPPED
> Task :FlexTV:preBuild UP-TO-DATE
> Task :FlexTV:preDebugBuild UP-TO-DATE
> Task :FlexTV:generateDebugResValues UP-TO-DATE
> Task :FlexTV:generateDebugResources UP-TO-DATE
> Task :FlexTV:packageDebugResources UP-TO-DATE
> Task :FlexTV:parseDebugLocalResources UP-TO-DATE
> Task :FlexTV:generateDebugRFile UP-TO-DATE
> Task :FlexTV:compileDebugKotlin UP-TO-DATE
> Task :FlexTV:compileDex UP-TO-DATE
> Task :FlexTV:generateManifest UP-TO-DATE
> Task :FlexTV:make UP-TO-DATE
> Task :StardustTV:checkKotlinGradlePluginConfigurationErrors SKIPPED
> Task :StardustTV:preBuild UP-TO-DATE
> Task :StardustTV:preDebugBuild UP-TO-DATE
> Task :StardustTV:generateDebugResValues UP-TO-DATE
> Task :StardustTV:generateDebugResources UP-TO-DATE
> Task :StardustTV:packageDebugResources UP-TO-DATE
> Task :StardustTV:parseDebugLocalResources UP-TO-DATE
> Task :StardustTV:generateDebugRFile UP-TO-DATE
> Task :StardustTV:compileDebugKotlin UP-TO-DATE
> Task :StardustTV:compileDex UP-TO-DATE
> Task :StardustTV:generateManifest UP-TO-DATE

> Task :StardustTV:make
Made CloudStream package at C:\Users\yemen\Desktop\برمجه\arab-videos\StardustTV\build\StardustTV.cs3

> Task :NetShort:checkKotlinGradlePluginConfigurationErrors SKIPPED
> Task :NetShort:preBuild UP-TO-DATE
> Task :NetShort:preDebugBuild UP-TO-DATE
> Task :NetShort:generateDebugResValues UP-TO-DATE
> Task :NetShort:generateDebugResources UP-TO-DATE
> Task :NetShort:packageDebugResources UP-TO-DATE
> Task :NetShort:parseDebugLocalResources UP-TO-DATE
> Task :NetShort:generateDebugRFile UP-TO-DATE
> Task :NetShort:compileDebugKotlin UP-TO-DATE

> Task :NetShort:compileDex
WARNING: D8: Unexpected error during rewriting of Kotlin metadata for class 'com.netshort.plugin.NetShortProvider$loadLinks$2':
com.android.tools.r8.internal.Os0: Should never be called
	at com.android.tools.r8.kotlin.a0.a(R8_8.7.18_f8bee6d6fb926b7ebb3b15bf98f726f9d57471456ea20fce6d17d9a020197688:2)
	at com.android.tools.r8.kotlin.Z.a(R8_8.7.18_f8bee6d6fb926b7ebb3b15bf98f726f9d57471456ea20fce6d17d9a020197688:185)
	at com.android.tools.r8.kotlin.Z.a(R8_8.7.18_f8bee6d6fb926b7ebb3b15bf98f726f9d57471456ea20fce6d17d9a020197688:184)
	at com.android.tools.r8.internal.ep0.a(R8_8.7.18_f8bee6d6fb926b7ebb3b15bf98f726f9d57471456ea20fce6d17d9a020197688:23)
	at com.android.tools.r8.internal.ep0.a(R8_8.7.18_f8bee6d6fb926b7ebb3b15bf98f726f9d57471456ea20fce6d17d9a020197688:34)
	at com.android.tools.r8.internal.ep0.a(R8_8.7.18_f8bee6d6fb926b7ebb3b15bf98f726f9d57471456ea20fce6d17d9a020197688:17)
	at com.google.common.util.concurrent.TrustedListenableFutureTask$TrustedFutureInterruptibleTask.runInterruptibly(TrustedListenableFutureTask.java:131)
	at com.google.common.util.concurrent.InterruptibleTask.run(InterruptibleTask.java:75)
	at com.google.common.util.concurrent.TrustedListenableFutureTask.run(TrustedListenableFutureTask.java:82)
	at com.google.common.util.concurrent.MoreExecutors$DirectExecutorService.execute(MoreExecutors.java:327)
	at java.base/java.util.concurrent.AbstractExecutorService.submit(AbstractExecutorService.java:145)
	at com.google.common.util.concurrent.AbstractListeningExecutorService.submit(AbstractListeningExecutorService.java:79)
	at com.google.common.util.concurrent.AbstractListeningExecutorService.submit(AbstractListeningExecutorService.java:37)
	at com.android.tools.r8.internal.fp0.submit(R8_8.7.18_f8bee6d6fb926b7ebb3b15bf98f726f9d57471456ea20fce6d17d9a020197688:1)
	at com.android.tools.r8.internal.Ro0.a(R8_8.7.18_f8bee6d6fb926b7ebb3b15bf98f726f9d57471456ea20fce6d17d9a020197688:1)
	at com.android.tools.r8.internal.ep0.a(R8_8.7.18_f8bee6d6fb926b7ebb3b15bf98f726f9d57471456ea20fce6d17d9a020197688:19)
	at com.android.tools.r8.internal.Yw.a(R8_8.7.18_f8bee6d6fb926b7ebb3b15bf98f726f9d57471456ea20fce6d17d9a020197688:3)
	at java.base/java.util.ArrayList.forEach(ArrayList.java:1596)
	at com.android.tools.r8.internal.Yw.a(R8_8.7.18_f8bee6d6fb926b7ebb3b15bf98f726f9d57471456ea20fce6d17d9a020197688:2)
	at com.android.tools.r8.internal.ep0.a(R8_8.7.18_f8bee6d6fb926b7ebb3b15bf98f726f9d57471456ea20fce6d17d9a020197688:10)
	at com.android.tools.r8.internal.ep0.a(R8_8.7.18_f8bee6d6fb926b7ebb3b15bf98f726f9d57471456ea20fce6d17d9a020197688:33)
	at com.android.tools.r8.internal.ep0.a(R8_8.7.18_f8bee6d6fb926b7ebb3b15bf98f726f9d57471456ea20fce6d17d9a020197688:25)
	at com.android.tools.r8.internal.ep0.a(R8_8.7.18_f8bee6d6fb926b7ebb3b15bf98f726f9d57471456ea20fce6d17d9a020197688:22)
	at com.android.tools.r8.K.a(R8_8.7.18_f8bee6d6fb926b7ebb3b15bf98f726f9d57471456ea20fce6d17d9a020197688:3)
	at com.android.tools.r8.kotlin.Z.a(R8_8.7.18_f8bee6d6fb926b7ebb3b15bf98f726f9d57471456ea20fce6d17d9a020197688:9)
	at com.android.tools.r8.D8.b(R8_8.7.18_f8bee6d6fb926b7ebb3b15bf98f726f9d57471456ea20fce6d17d9a020197688:17)
	at com.android.tools.r8.internal.Gp0.a(R8_8.7.18_f8bee6d6fb926b7ebb3b15bf98f726f9d57471456ea20fce6d17d9a020197688:57)
	at com.android.tools.r8.D8.a(R8_8.7.18_f8bee6d6fb926b7ebb3b15bf98f726f9d57471456ea20fce6d17d9a020197688:88)
	at com.android.tools.r8.D8.d(R8_8.7.18_f8bee6d6fb926b7ebb3b15bf98f726f9d57471456ea20fce6d17d9a020197688:137)
	at com.android.tools.r8.D8.b(R8_8.7.18_f8bee6d6fb926b7ebb3b15bf98f726f9d57471456ea20fce6d17d9a020197688:1)
	at com.android.tools.r8.internal.yu.a(R8_8.7.18_f8bee6d6fb926b7ebb3b15bf98f726f9d57471456ea20fce6d17d9a020197688:28)
	at com.android.tools.r8.internal.yu.b(R8_8.7.18_f8bee6d6fb926b7ebb3b15bf98f726f9d57471456ea20fce6d17d9a020197688:2)
	at com.android.tools.r8.D8.run(R8_8.7.18_f8bee6d6fb926b7ebb3b15bf98f726f9d57471456ea20fce6d17d9a020197688:11)
	at com.android.builder.dexing.D8DexArchiveBuilder.convert(D8DexArchiveBuilder.java:127)
	at com.android.builder.dexing.DexArchiveBuilder.convert$default(DexArchiveBuilder.kt:44)
	at com.lagradost.cloudstream3.gradle.tasks.CompileDexTask.compileDex(CompileDexTask.kt:88)
	at java.base/jdk.internal.reflect.DirectMethodHandleAccessor.invoke(DirectMethodHandleAccessor.java:103)
	at java.base/java.lang.reflect.Method.invoke(Method.java:580)
	at org.gradle.internal.reflect.JavaMethod.invoke(JavaMethod.java:125)
	at org.gradle.api.internal.project.taskfactory.StandardTaskAction.doExecute(StandardTaskAction.java:58)
	at org.gradle.api.internal.project.taskfactory.StandardTaskAction.execute(StandardTaskAction.java:51)
	at org.gradle.api.internal.project.taskfactory.StandardTaskAction.execute(StandardTaskAction.java:29)
	at org.gradle.api.internal.tasks.execution.TaskExecution$3.run(TaskExecution.java:259)
	at org.gradle.internal.operations.DefaultBuildOperationRunner$1.execute(DefaultBuildOperationRunner.java:30)
	at org.gradle.internal.operations.DefaultBuildOperationRunner$1.execute(DefaultBuildOperationRunner.java:27)
	at org.gradle.internal.operations.DefaultBuildOperationRunner$2.execute(DefaultBuildOperationRunner.java:67)
	at org.gradle.internal.operations.DefaultBuildOperationRunner$2.execute(DefaultBuildOperationRunner.java:60)
	at org.gradle.internal.operations.DefaultBuildOperationRunner.execute(DefaultBuildOperationRunner.java:167)
	at org.gradle.internal.operations.DefaultBuildOperationRunner.execute(DefaultBuildOperationRunner.java:60)
	at org.gradle.internal.operations.DefaultBuildOperationRunner.run(DefaultBuildOperationRunner.java:48)
	at org.gradle.api.internal.tasks.execution.TaskExecution.executeAction(TaskExecution.java:244)
	at org.gradle.api.internal.tasks.execution.TaskExecution.executeActions(TaskExecution.java:227)
	at org.gradle.api.internal.tasks.execution.TaskExecution.executeWithPreviousOutputFiles(TaskExecution.java:210)
	at org.gradle.api.internal.tasks.execution.TaskExecution.execute(TaskExecution.java:176)
	at org.gradle.internal.execution.steps.ExecuteStep.executeInternal(ExecuteStep.java:167)
	at org.gradle.internal.execution.steps.ExecuteStep.access$000(ExecuteStep.java:47)
	at org.gradle.internal.execution.steps.ExecuteStep$1.call(ExecuteStep.java:137)
	at org.gradle.internal.execution.steps.ExecuteStep$1.call(ExecuteStep.java:134)
	at org.gradle.internal.operations.DefaultBuildOperationRunner$CallableBuildOperationWorker.execute(DefaultBuildOperationRunner.java:210)
	at org.gradle.internal.operations.DefaultBuildOperationRunner$CallableBuildOperationWorker.execute(DefaultBuildOperationRunner.java:205)
	at org.gradle.internal.operations.DefaultBuildOperationRunner$2.execute(DefaultBuildOperationRunner.java:67)
	at org.gradle.internal.operations.DefaultBuildOperationRunner$2.execute(DefaultBuildOperationRunner.java:60)
	at org.gradle.internal.operations.DefaultBuildOperationRunner.execute(DefaultBuildOperationRunner.java:167)
	at org.gradle.internal.operations.DefaultBuildOperationRunner.execute(DefaultBuildOperationRunner.java:60)
	at org.gradle.internal.operations.DefaultBuildOperationRunner.call(DefaultBuildOperationRunner.java:54)
	at org.gradle.internal.execution.steps.ExecuteStep.execute(ExecuteStep.java:134)
	at org.gradle.internal.execution.steps.ExecuteStep$Mutable.execute(ExecuteStep.java:80)
	at org.gradle.internal.execution.steps.CancelExecutionStep.execute(CancelExecutionStep.java:42)
	at org.gradle.internal.execution.steps.TimeoutStep.executeWithoutTimeout(TimeoutStep.java:75)
	at org.gradle.internal.execution.steps.TimeoutStep.execute(TimeoutStep.java:55)
	at org.gradle.internal.execution.steps.PreCreateOutputParentsStep.execute(PreCreateOutputParentsStep.java:51)
	at org.gradle.internal.execution.steps.PreCreateOutputParentsStep.execute(PreCreateOutputParentsStep.java:29)
	at org.gradle.internal.execution.steps.RemovePreviousOutputsStep.executeMutable(RemovePreviousOutputsStep.java:67)
	at org.gradle.internal.execution.steps.RemovePreviousOutputsStep.executeMutable(RemovePreviousOutputsStep.java:39)
	at org.gradle.internal.execution.steps.MutableStep.execute(MutableStep.java:26)
	at org.gradle.internal.execution.steps.BroadcastChangingOutputsStep.execute(BroadcastChangingOutputsStep.java:42)
	at org.gradle.internal.execution.steps.BroadcastChangingOutputsStep.execute(BroadcastChangingOutputsStep.java:24)
	at org.gradle.internal.execution.steps.CaptureOutputsAfterExecutionStep.execute(CaptureOutputsAfterExecutionStep.java:69)
	at org.gradle.internal.execution.steps.CaptureOutputsAfterExecutionStep.execute(CaptureOutputsAfterExecutionStep.java:46)
	at org.gradle.internal.execution.steps.ResolveInputChangesStep.executeMutable(ResolveInputChangesStep.java:39)
	at org.gradle.internal.execution.steps.ResolveInputChangesStep.executeMutable(ResolveInputChangesStep.java:28)
	at org.gradle.internal.execution.steps.MutableStep.execute(MutableStep.java:26)
	at org.gradle.internal.execution.steps.BuildCacheStep.executeWithoutCache(BuildCacheStep.java:189)
	at org.gradle.internal.execution.steps.BuildCacheStep.lambda$execute$1(BuildCacheStep.java:76)
	at org.gradle.internal.Either$Right.fold(Either.java:176)
	at org.gradle.internal.execution.caching.CachingState.fold(CachingState.java:62)
	at org.gradle.internal.execution.steps.BuildCacheStep.execute(BuildCacheStep.java:74)
	at org.gradle.internal.execution.steps.BuildCacheStep.execute(BuildCacheStep.java:49)
	at org.gradle.internal.execution.steps.StoreExecutionStateStep.executeMutable(StoreExecutionStateStep.java:46)
	at org.gradle.internal.execution.steps.StoreExecutionStateStep.executeMutable(StoreExecutionStateStep.java:35)
	at org.gradle.internal.execution.steps.MutableStep.execute(MutableStep.java:26)
	at org.gradle.internal.execution.steps.SkipUpToDateStep.executeBecause(SkipUpToDateStep.java:75)
	at org.gradle.internal.execution.steps.SkipUpToDateStep.lambda$execute$2(SkipUpToDateStep.java:53)
	at java.base/java.util.Optional.orElseGet(Optional.java:364)
	at org.gradle.internal.execution.steps.SkipUpToDateStep.execute(SkipUpToDateStep.java:53)
	at org.gradle.internal.execution.steps.SkipUpToDateStep.execute(SkipUpToDateStep.java:35)
	at org.gradle.internal.execution.steps.legacy.MarkSnapshottingInputsFinishedStep.execute(MarkSnapshottingInputsFinishedStep.java:37)
	at org.gradle.internal.execution.steps.legacy.MarkSnapshottingInputsFinishedStep.execute(MarkSnapshottingInputsFinishedStep.java:27)
	at org.gradle.internal.execution.steps.ResolveMutableCachingStateStep.executeDelegate(ResolveMutableCachingStateStep.java:70)
	at org.gradle.internal.execution.steps.ResolveMutableCachingStateStep.executeDelegate(ResolveMutableCachingStateStep.java:32)
	at org.gradle.internal.execution.steps.AbstractResolveCachingStateStep.execute(AbstractResolveCachingStateStep.java:69)
	at org.gradle.internal.execution.steps.AbstractResolveCachingStateStep.execute(AbstractResolveCachingStateStep.java:37)
	at org.gradle.internal.execution.steps.ResolveChangesStep.executeMutable(ResolveChangesStep.java:63)
	at org.gradle.internal.execution.steps.ResolveChangesStep.executeMutable(ResolveChangesStep.java:34)
	at org.gradle.internal.execution.steps.MutableStep.execute(MutableStep.java:26)
	at org.gradle.internal.execution.steps.ValidateStep$Mutable.executeDelegate(ValidateStep.java:79)
	at org.gradle.internal.execution.steps.ValidateStep$Mutable.executeDelegate(ValidateStep.java:65)
	at org.gradle.internal.execution.steps.ValidateStep.execute(ValidateStep.java:105)
	at org.gradle.internal.execution.steps.ValidateStep$Mutable.execute(ValidateStep.java:65)
	at org.gradle.internal.execution.steps.CaptureMutableStateBeforeExecutionStep.executeMutable(CaptureMutableStateBeforeExecutionStep.java:86)
	at org.gradle.internal.execution.steps.CaptureMutableStateBeforeExecutionStep.execute(CaptureMutableStateBeforeExecutionStep.java:65)
	at org.gradle.internal.execution.steps.CaptureMutableStateBeforeExecutionStep.execute(CaptureMutableStateBeforeExecutionStep.java:45)
	at org.gradle.internal.execution.steps.SkipEmptyMutableWorkStep.executeWithNonEmptySources(SkipEmptyMutableWorkStep.java:210)
	at org.gradle.internal.execution.steps.SkipEmptyMutableWorkStep.executeMutable(SkipEmptyMutableWorkStep.java:90)
	at org.gradle.internal.execution.steps.SkipEmptyMutableWorkStep.executeMutable(SkipEmptyMutableWorkStep.java:53)
	at org.gradle.internal.execution.steps.MutableStep.execute(MutableStep.java:26)
	at org.gradle.internal.execution.steps.legacy.MarkSnapshottingInputsStartedStep.execute(MarkSnapshottingInputsStartedStep.java:38)
	at org.gradle.internal.execution.steps.LoadPreviousExecutionStateStep.executeMutable(LoadPreviousExecutionStateStep.java:36)
	at org.gradle.internal.execution.steps.LoadPreviousExecutionStateStep.executeMutable(LoadPreviousExecutionStateStep.java:23)
	at org.gradle.internal.execution.steps.MutableStep.execute(MutableStep.java:26)
	at org.gradle.internal.execution.steps.HandleStaleOutputsStep.executeMutable(HandleStaleOutputsStep.java:77)
	at org.gradle.internal.execution.steps.HandleStaleOutputsStep.executeMutable(HandleStaleOutputsStep.java:43)
	at org.gradle.internal.execution.steps.MutableStep.execute(MutableStep.java:26)
	at org.gradle.internal.execution.steps.AssignMutableWorkspaceStep.lambda$executeMutable$0(AssignMutableWorkspaceStep.java:34)
	at org.gradle.api.internal.tasks.execution.TaskExecution$4.withWorkspace(TaskExecution.java:305)
	at org.gradle.internal.execution.steps.AssignMutableWorkspaceStep.executeMutable(AssignMutableWorkspaceStep.java:30)
	at org.gradle.internal.execution.steps.AssignMutableWorkspaceStep.executeMutable(AssignMutableWorkspaceStep.java:21)
	at org.gradle.internal.execution.steps.MutableStep.execute(MutableStep.java:26)
	at org.gradle.internal.execution.steps.ChoosePipelineStep.execute(ChoosePipelineStep.java:40)
	at org.gradle.internal.execution.steps.ChoosePipelineStep.execute(ChoosePipelineStep.java:23)
	at org.gradle.internal.execution.steps.ExecuteWorkBuildOperationFiringStep.lambda$execute$2(ExecuteWorkBuildOperationFiringStep.java:67)
	at java.base/java.util.Optional.orElseGet(Optional.java:364)
	at org.gradle.internal.execution.steps.ExecuteWorkBuildOperationFiringStep.execute(ExecuteWorkBuildOperationFiringStep.java:67)
	at org.gradle.internal.execution.steps.ExecuteWorkBuildOperationFiringStep.execute(ExecuteWorkBuildOperationFiringStep.java:39)
	at org.gradle.internal.execution.steps.IdentityCacheStep.execute(IdentityCacheStep.java:46)
	at org.gradle.internal.execution.steps.IdentityCacheStep.execute(IdentityCacheStep.java:34)
	at org.gradle.internal.execution.steps.IdentifyStep.execute(IdentifyStep.java:56)
	at org.gradle.internal.execution.steps.IdentifyStep.execute(IdentifyStep.java:38)
	at org.gradle.internal.execution.impl.DefaultExecutionEngine$1.execute(DefaultExecutionEngine.java:68)
	at org.gradle.api.internal.tasks.execution.ExecuteActionsTaskExecuter.executeIfValid(ExecuteActionsTaskExecuter.java:132)
	at org.gradle.api.internal.tasks.execution.ExecuteActionsTaskExecuter.execute(ExecuteActionsTaskExecuter.java:121)
	at org.gradle.api.internal.tasks.execution.ProblemsTaskPathTrackingTaskExecuter.execute(ProblemsTaskPathTrackingTaskExecuter.java:41)
	at org.gradle.api.internal.tasks.execution.ResolveTaskExecutionModeExecuter.execute(ResolveTaskExecutionModeExecuter.java:51)
	at org.gradle.api.internal.tasks.execution.FinalizePropertiesTaskExecuter.execute(FinalizePropertiesTaskExecuter.java:46)
	at org.gradle.api.internal.tasks.execution.SkipTaskWithNoActionsExecuter.execute(SkipTaskWithNoActionsExecuter.java:57)
	at org.gradle.api.internal.tasks.execution.SkipOnlyIfTaskExecuter.execute(SkipOnlyIfTaskExecuter.java:74)
	at org.gradle.api.internal.tasks.execution.CatchExceptionTaskExecuter.execute(CatchExceptionTaskExecuter.java:36)
	at org.gradle.api.internal.tasks.execution.EventFiringTaskExecuter$1.executeTask(EventFiringTaskExecuter.java:77)
	at org.gradle.api.internal.tasks.execution.EventFiringTaskExecuter$1.call(EventFiringTaskExecuter.java:55)
	at org.gradle.api.internal.tasks.execution.EventFiringTaskExecuter$1.call(EventFiringTaskExecuter.java:52)
	at org.gradle.internal.operations.DefaultBuildOperationRunner$CallableBuildOperationWorker.execute(DefaultBuildOperationRunner.java:210)
	at org.gradle.internal.operations.DefaultBuildOperationRunner$CallableBuildOperationWorker.execute(DefaultBuildOperationRunner.java:205)
	at org.gradle.internal.operations.DefaultBuildOperationRunner$2.execute(DefaultBuildOperationRunner.java:67)
	at org.gradle.internal.operations.DefaultBuildOperationRunner$2.execute(DefaultBuildOperationRunner.java:60)
	at org.gradle.internal.operations.DefaultBuildOperationRunner.execute(DefaultBuildOperationRunner.java:167)
	at org.gradle.internal.operations.DefaultBuildOperationRunner.execute(DefaultBuildOperationRunner.java:60)
	at org.gradle.internal.operations.DefaultBuildOperationRunner.call(DefaultBuildOperationRunner.java:54)
	at org.gradle.api.internal.tasks.execution.EventFiringTaskExecuter.execute(EventFiringTaskExecuter.java:52)
	at org.gradle.execution.plan.DefaultNodeExecutor.executeLocalTaskNode(DefaultNodeExecutor.java:55)
	at org.gradle.execution.plan.DefaultNodeExecutor.execute(DefaultNodeExecutor.java:34)
	at org.gradle.execution.taskgraph.DefaultTaskExecutionGraph$InvokeNodeExecutorsAction.execute(DefaultTaskExecutionGraph.java:355)
	at org.gradle.execution.taskgraph.DefaultTaskExecutionGraph$InvokeNodeExecutorsAction.execute(DefaultTaskExecutionGraph.java:343)
	at org.gradle.execution.taskgraph.DefaultTaskExecutionGraph$BuildOperationAwareExecutionAction.lambda$execute$0(DefaultTaskExecutionGraph.java:339)
	at org.gradle.internal.operations.CurrentBuildOperationRef.with(CurrentBuildOperationRef.java:84)
	at org.gradle.execution.taskgraph.DefaultTaskExecutionGraph$BuildOperationAwareExecutionAction.execute(DefaultTaskExecutionGraph.java:339)
	at org.gradle.execution.taskgraph.DefaultTaskExecutionGraph$BuildOperationAwareExecutionAction.execute(DefaultTaskExecutionGraph.java:328)
	at org.gradle.execution.plan.DefaultPlanExecutor$ExecutorWorker.execute(DefaultPlanExecutor.java:459)
	at org.gradle.execution.plan.DefaultPlanExecutor$ExecutorWorker.run(DefaultPlanExecutor.java:376)
	at org.gradle.internal.concurrent.ExecutorPolicy$CatchAndRecordFailures.onExecute(ExecutorPolicy.java:64)
	at org.gradle.internal.concurrent.AbstractManagedExecutor$1.run(AbstractManagedExecutor.java:47)
	at java.base/java.util.concurrent.ThreadPoolExecutor.runWorker(ThreadPoolExecutor.java:1144)
	at java.base/java.util.concurrent.ThreadPoolExecutor$Worker.run(ThreadPoolExecutor.java:642)
	at java.base/java.lang.Thread.run(Thread.java:1583)

WARNING: D8: An error occurred when parsing kotlin metadata. This normally happens when using a newer version of kotlin than the kotlin version released when this version of R8 was created. To find compatible kotlin versions, please see: https://developer.android.com/studio/build/kotlin-d8-r8-versions
WARNING: D8: Unexpected error during rewriting of Kotlin metadata for class 'com.netshort.plugin.NetShortProvider$loadLinks$1':
com.android.tools.r8.internal.Os0: Should never be called
	at com.android.tools.r8.kotlin.a0.a(R8_8.7.18_f8bee6d6fb926b7ebb3b15bf98f726f9d57471456ea20fce6d17d9a020197688:2)
	at com.android.tools.r8.kotlin.Z.a(R8_8.7.18_f8bee6d6fb926b7ebb3b15bf98f726f9d57471456ea20fce6d17d9a020197688:185)
	at com.android.tools.r8.kotlin.Z.a(R8_8.7.18_f8bee6d6fb926b7ebb3b15bf98f726f9d57471456ea20fce6d17d9a020197688:184)
	at com.android.tools.r8.internal.ep0.a(R8_8.7.18_f8bee6d6fb926b7ebb3b15bf98f726f9d57471456ea20fce6d17d9a020197688:23)
	at com.android.tools.r8.internal.ep0.a(R8_8.7.18_f8bee6d6fb926b7ebb3b15bf98f726f9d57471456ea20fce6d17d9a020197688:34)
	at com.android.tools.r8.internal.ep0.a(R8_8.7.18_f8bee6d6fb926b7ebb3b15bf98f726f9d57471456ea20fce6d17d9a020197688:17)
	at com.google.common.util.concurrent.TrustedListenableFutureTask$TrustedFutureInterruptibleTask.runInterruptibly(TrustedListenableFutureTask.java:131)
	at com.google.common.util.concurrent.InterruptibleTask.run(InterruptibleTask.java:75)
	at com.google.common.util.concurrent.TrustedListenableFutureTask.run(TrustedListenableFutureTask.java:82)
	at com.google.common.util.concurrent.MoreExecutors$DirectExecutorService.execute(MoreExecutors.java:327)
	at java.base/java.util.concurrent.AbstractExecutorService.submit(AbstractExecutorService.java:145)
	at com.google.common.util.concurrent.AbstractListeningExecutorService.submit(AbstractListeningExecutorService.java:79)
	at com.google.common.util.concurrent.AbstractListeningExecutorService.submit(AbstractListeningExecutorService.java:37)
	at com.android.tools.r8.internal.fp0.submit(R8_8.7.18_f8bee6d6fb926b7ebb3b15bf98f726f9d57471456ea20fce6d17d9a020197688:1)
	at com.android.tools.r8.internal.Ro0.a(R8_8.7.18_f8bee6d6fb926b7ebb3b15bf98f726f9d57471456ea20fce6d17d9a020197688:1)
	at com.android.tools.r8.internal.ep0.a(R8_8.7.18_f8bee6d6fb926b7ebb3b15bf98f726f9d57471456ea20fce6d17d9a020197688:19)
	at com.android.tools.r8.internal.Yw.a(R8_8.7.18_f8bee6d6fb926b7ebb3b15bf98f726f9d57471456ea20fce6d17d9a020197688:3)
	at java.base/java.util.ArrayList.forEach(ArrayList.java:1596)
	at com.android.tools.r8.internal.Yw.a(R8_8.7.18_f8bee6d6fb926b7ebb3b15bf98f726f9d57471456ea20fce6d17d9a020197688:2)
	at com.android.tools.r8.internal.ep0.a(R8_8.7.18_f8bee6d6fb926b7ebb3b15bf98f726f9d57471456ea20fce6d17d9a020197688:10)
	at com.android.tools.r8.internal.ep0.a(R8_8.7.18_f8bee6d6fb926b7ebb3b15bf98f726f9d57471456ea20fce6d17d9a020197688:33)
	at com.android.tools.r8.internal.ep0.a(R8_8.7.18_f8bee6d6fb926b7ebb3b15bf98f726f9d57471456ea20fce6d17d9a020197688:25)
	at com.android.tools.r8.internal.ep0.a(R8_8.7.18_f8bee6d6fb926b7ebb3b15bf98f726f9d57471456ea20fce6d17d9a020197688:22)
	at com.android.tools.r8.K.a(R8_8.7.18_f8bee6d6fb926b7ebb3b15bf98f726f9d57471456ea20fce6d17d9a020197688:3)
	at com.android.tools.r8.kotlin.Z.a(R8_8.7.18_f8bee6d6fb926b7ebb3b15bf98f726f9d57471456ea20fce6d17d9a020197688:9)
	at com.android.tools.r8.D8.b(R8_8.7.18_f8bee6d6fb926b7ebb3b15bf98f726f9d57471456ea20fce6d17d9a020197688:17)
	at com.android.tools.r8.internal.Gp0.a(R8_8.7.18_f8bee6d6fb926b7ebb3b15bf98f726f9d57471456ea20fce6d17d9a020197688:57)
	at com.android.tools.r8.D8.a(R8_8.7.18_f8bee6d6fb926b7ebb3b15bf98f726f9d57471456ea20fce6d17d9a020197688:88)
	at com.android.tools.r8.D8.d(R8_8.7.18_f8bee6d6fb926b7ebb3b15bf98f726f9d57471456ea20fce6d17d9a020197688:137)
	at com.android.tools.r8.D8.b(R8_8.7.18_f8bee6d6fb926b7ebb3b15bf98f726f9d57471456ea20fce6d17d9a020197688:1)
	at com.android.tools.r8.internal.yu.a(R8_8.7.18_f8bee6d6fb926b7ebb3b15bf98f726f9d57471456ea20fce6d17d9a020197688:28)
	at com.android.tools.r8.internal.yu.b(R8_8.7.18_f8bee6d6fb926b7ebb3b15bf98f726f9d57471456ea20fce6d17d9a020197688:2)
	at com.android.tools.r8.D8.run(R8_8.7.18_f8bee6d6fb926b7ebb3b15bf98f726f9d57471456ea20fce6d17d9a020197688:11)
	at com.android.builder.dexing.D8DexArchiveBuilder.convert(D8DexArchiveBuilder.java:127)
	at com.android.builder.dexing.DexArchiveBuilder.convert$default(DexArchiveBuilder.kt:44)
	at com.lagradost.cloudstream3.gradle.tasks.CompileDexTask.compileDex(CompileDexTask.kt:88)
	at java.base/jdk.internal.reflect.DirectMethodHandleAccessor.invoke(DirectMethodHandleAccessor.java:103)
	at java.base/java.lang.reflect.Method.invoke(Method.java:580)
	at org.gradle.internal.reflect.JavaMethod.invoke(JavaMethod.java:125)
	at org.gradle.api.internal.project.taskfactory.StandardTaskAction.doExecute(StandardTaskAction.java:58)
	at org.gradle.api.internal.project.taskfactory.StandardTaskAction.execute(StandardTaskAction.java:51)
	at org.gradle.api.internal.project.taskfactory.StandardTaskAction.execute(StandardTaskAction.java:29)
	at org.gradle.api.internal.tasks.execution.TaskExecution$3.run(TaskExecution.java:259)
	at org.gradle.internal.operations.DefaultBuildOperationRunner$1.execute(DefaultBuildOperationRunner.java:30)
	at org.gradle.internal.operations.DefaultBuildOperationRunner$1.execute(DefaultBuildOperationRunner.java:27)
	at org.gradle.internal.operations.DefaultBuildOperationRunner$2.execute(DefaultBuildOperationRunner.java:67)
	at org.gradle.internal.operations.DefaultBuildOperationRunner$2.execute(DefaultBuildOperationRunner.java:60)
	at org.gradle.internal.operations.DefaultBuildOperationRunner.execute(DefaultBuildOperationRunner.java:167)
	at org.gradle.internal.operations.DefaultBuildOperationRunner.execute(DefaultBuildOperationRunner.java:60)
	at org.gradle.internal.operations.DefaultBuildOperationRunner.run(DefaultBuildOperationRunner.java:48)
	at org.gradle.api.internal.tasks.execution.TaskExecution.executeAction(TaskExecution.java:244)
	at org.gradle.api.internal.tasks.execution.TaskExecution.executeActions(TaskExecution.java:227)
	at org.gradle.api.internal.tasks.execution.TaskExecution.executeWithPreviousOutputFiles(TaskExecution.java:210)
	at org.gradle.api.internal.tasks.execution.TaskExecution.execute(TaskExecution.java:176)
	at org.gradle.internal.execution.steps.ExecuteStep.executeInternal(ExecuteStep.java:167)
	at org.gradle.internal.execution.steps.ExecuteStep.access$000(ExecuteStep.java:47)
	at org.gradle.internal.execution.steps.ExecuteStep$1.call(ExecuteStep.java:137)
	at org.gradle.internal.execution.steps.ExecuteStep$1.call(ExecuteStep.java:134)
	at org.gradle.internal.operations.DefaultBuildOperationRunner$CallableBuildOperationWorker.execute(DefaultBuildOperationRunner.java:210)
	at org.gradle.internal.operations.DefaultBuildOperationRunner$CallableBuildOperationWorker.execute(DefaultBuildOperationRunner.java:205)
	at org.gradle.internal.operations.DefaultBuildOperationRunner$2.execute(DefaultBuildOperationRunner.java:67)
	at org.gradle.internal.operations.DefaultBuildOperationRunner$2.execute(DefaultBuildOperationRunner.java:60)
	at org.gradle.internal.operations.DefaultBuildOperationRunner.execute(DefaultBuildOperationRunner.java:167)
	at org.gradle.internal.operations.DefaultBuildOperationRunner.execute(DefaultBuildOperationRunner.java:60)
	at org.gradle.internal.operations.DefaultBuildOperationRunner.call(DefaultBuildOperationRunner.java:54)
	at org.gradle.internal.execution.steps.ExecuteStep.execute(ExecuteStep.java:134)
	at org.gradle.internal.execution.steps.ExecuteStep$Mutable.execute(ExecuteStep.java:80)
	at org.gradle.internal.execution.steps.CancelExecutionStep.execute(CancelExecutionStep.java:42)
	at org.gradle.internal.execution.steps.TimeoutStep.executeWithoutTimeout(TimeoutStep.java:75)
	at org.gradle.internal.execution.steps.TimeoutStep.execute(TimeoutStep.java:55)
	at org.gradle.internal.execution.steps.PreCreateOutputParentsStep.execute(PreCreateOutputParentsStep.java:51)
	at org.gradle.internal.execution.steps.PreCreateOutputParentsStep.execute(PreCreateOutputParentsStep.java:29)
	at org.gradle.internal.execution.steps.RemovePreviousOutputsStep.executeMutable(RemovePreviousOutputsStep.java:67)
	at org.gradle.internal.execution.steps.RemovePreviousOutputsStep.executeMutable(RemovePreviousOutputsStep.java:39)
	at org.gradle.internal.execution.steps.MutableStep.execute(MutableStep.java:26)
	at org.gradle.internal.execution.steps.BroadcastChangingOutputsStep.execute(BroadcastChangingOutputsStep.java:42)
	at org.gradle.internal.execution.steps.BroadcastChangingOutputsStep.execute(BroadcastChangingOutputsStep.java:24)
	at org.gradle.internal.execution.steps.CaptureOutputsAfterExecutionStep.execute(CaptureOutputsAfterExecutionStep.java:69)
	at org.gradle.internal.execution.steps.CaptureOutputsAfterExecutionStep.execute(CaptureOutputsAfterExecutionStep.java:46)
	at org.gradle.internal.execution.steps.ResolveInputChangesStep.executeMutable(ResolveInputChangesStep.java:39)
	at org.gradle.internal.execution.steps.ResolveInputChangesStep.executeMutable(ResolveInputChangesStep.java:28)
	at org.gradle.internal.execution.steps.MutableStep.execute(MutableStep.java:26)
	at org.gradle.internal.execution.steps.BuildCacheStep.executeWithoutCache(BuildCacheStep.java:189)
	at org.gradle.internal.execution.steps.BuildCacheStep.lambda$execute$1(BuildCacheStep.java:76)
	at org.gradle.internal.Either$Right.fold(Either.java:176)
	at org.gradle.internal.execution.caching.CachingState.fold(CachingState.java:62)
	at org.gradle.internal.execution.steps.BuildCacheStep.execute(BuildCacheStep.java:74)
	at org.gradle.internal.execution.steps.BuildCacheStep.execute(BuildCacheStep.java:49)
	at org.gradle.internal.execution.steps.StoreExecutionStateStep.executeMutable(StoreExecutionStateStep.java:46)
	at org.gradle.internal.execution.steps.StoreExecutionStateStep.executeMutable(StoreExecutionStateStep.java:35)
	at org.gradle.internal.execution.steps.MutableStep.execute(MutableStep.java:26)
	at org.gradle.internal.execution.steps.SkipUpToDateStep.executeBecause(SkipUpToDateStep.java:75)
	at org.gradle.internal.execution.steps.SkipUpToDateStep.lambda$execute$2(SkipUpToDateStep.java:53)
	at java.base/java.util.Optional.orElseGet(Optional.java:364)
	at org.gradle.internal.execution.steps.SkipUpToDateStep.execute(SkipUpToDateStep.java:53)
	at org.gradle.internal.execution.steps.SkipUpToDateStep.execute(SkipUpToDateStep.java:35)
	at org.gradle.internal.execution.steps.legacy.MarkSnapshottingInputsFinishedStep.execute(MarkSnapshottingInputsFinishedStep.java:37)
	at org.gradle.internal.execution.steps.legacy.MarkSnapshottingInputsFinishedStep.execute(MarkSnapshottingInputsFinishedStep.java:27)
	at org.gradle.internal.execution.steps.ResolveMutableCachingStateStep.executeDelegate(ResolveMutableCachingStateStep.java:70)
	at org.gradle.internal.execution.steps.ResolveMutableCachingStateStep.executeDelegate(ResolveMutableCachingStateStep.java:32)
	at org.gradle.internal.execution.steps.AbstractResolveCachingStateStep.execute(AbstractResolveCachingStateStep.java:69)
	at org.gradle.internal.execution.steps.AbstractResolveCachingStateStep.execute(AbstractResolveCachingStateStep.java:37)
	at org.gradle.internal.execution.steps.ResolveChangesStep.executeMutable(ResolveChangesStep.java:63)
	at org.gradle.internal.execution.steps.ResolveChangesStep.executeMutable(ResolveChangesStep.java:34)
	at org.gradle.internal.execution.steps.MutableStep.execute(MutableStep.java:26)
	at org.gradle.internal.execution.steps.ValidateStep$Mutable.executeDelegate(ValidateStep.java:79)
	at org.gradle.internal.execution.steps.ValidateStep$Mutable.executeDelegate(ValidateStep.java:65)
	at org.gradle.internal.execution.steps.ValidateStep.execute(ValidateStep.java:105)
	at org.gradle.internal.execution.steps.ValidateStep$Mutable.execute(ValidateStep.java:65)
	at org.gradle.internal.execution.steps.CaptureMutableStateBeforeExecutionStep.executeMutable(CaptureMutableStateBeforeExecutionStep.java:86)
	at org.gradle.internal.execution.steps.CaptureMutableStateBeforeExecutionStep.execute(CaptureMutableStateBeforeExecutionStep.java:65)
	at org.gradle.internal.execution.steps.CaptureMutableStateBeforeExecutionStep.execute(CaptureMutableStateBeforeExecutionStep.java:45)
	at org.gradle.internal.execution.steps.SkipEmptyMutableWorkStep.executeWithNonEmptySources(SkipEmptyMutableWorkStep.java:210)
	at org.gradle.internal.execution.steps.SkipEmptyMutableWorkStep.executeMutable(SkipEmptyMutableWorkStep.java:90)
	at org.gradle.internal.execution.steps.SkipEmptyMutableWorkStep.executeMutable(SkipEmptyMutableWorkStep.java:53)
	at org.gradle.internal.execution.steps.MutableStep.execute(MutableStep.java:26)
	at org.gradle.internal.execution.steps.legacy.MarkSnapshottingInputsStartedStep.execute(MarkSnapshottingInputsStartedStep.java:38)
	at org.gradle.internal.execution.steps.LoadPreviousExecutionStateStep.executeMutable(LoadPreviousExecutionStateStep.java:36)
	at org.gradle.internal.execution.steps.LoadPreviousExecutionStateStep.executeMutable(LoadPreviousExecutionStateStep.java:23)
	at org.gradle.internal.execution.steps.MutableStep.execute(MutableStep.java:26)
	at org.gradle.internal.execution.steps.HandleStaleOutputsStep.executeMutable(HandleStaleOutputsStep.java:77)
	at org.gradle.internal.execution.steps.HandleStaleOutputsStep.executeMutable(HandleStaleOutputsStep.java:43)
	at org.gradle.internal.execution.steps.MutableStep.execute(MutableStep.java:26)
	at org.gradle.internal.execution.steps.AssignMutableWorkspaceStep.lambda$executeMutable$0(AssignMutableWorkspaceStep.java:34)
	at org.gradle.api.internal.tasks.execution.TaskExecution$4.withWorkspace(TaskExecution.java:305)
	at org.gradle.internal.execution.steps.AssignMutableWorkspaceStep.executeMutable(AssignMutableWorkspaceStep.java:30)
	at org.gradle.internal.execution.steps.AssignMutableWorkspaceStep.executeMutable(AssignMutableWorkspaceStep.java:21)
	at org.gradle.internal.execution.steps.MutableStep.execute(MutableStep.java:26)
	at org.gradle.internal.execution.steps.ChoosePipelineStep.execute(ChoosePipelineStep.java:40)
	at org.gradle.internal.execution.steps.ChoosePipelineStep.execute(ChoosePipelineStep.java:23)
	at org.gradle.internal.execution.steps.ExecuteWorkBuildOperationFiringStep.lambda$execute$2(ExecuteWorkBuildOperationFiringStep.java:67)
	at java.base/java.util.Optional.orElseGet(Optional.java:364)
	at org.gradle.internal.execution.steps.ExecuteWorkBuildOperationFiringStep.execute(ExecuteWorkBuildOperationFiringStep.java:67)
	at org.gradle.internal.execution.steps.ExecuteWorkBuildOperationFiringStep.execute(ExecuteWorkBuildOperationFiringStep.java:39)
	at org.gradle.internal.execution.steps.IdentityCacheStep.execute(IdentityCacheStep.java:46)
	at org.gradle.internal.execution.steps.IdentityCacheStep.execute(IdentityCacheStep.java:34)
	at org.gradle.internal.execution.steps.IdentifyStep.execute(IdentifyStep.java:56)
	at org.gradle.internal.execution.steps.IdentifyStep.execute(IdentifyStep.java:38)
	at org.gradle.internal.execution.impl.DefaultExecutionEngine$1.execute(DefaultExecutionEngine.java:68)
	at org.gradle.api.internal.tasks.execution.ExecuteActionsTaskExecuter.executeIfValid(ExecuteActionsTaskExecuter.java:132)
	at org.gradle.api.internal.tasks.execution.ExecuteActionsTaskExecuter.execute(ExecuteActionsTaskExecuter.java:121)
	at org.gradle.api.internal.tasks.execution.ProblemsTaskPathTrackingTaskExecuter.execute(ProblemsTaskPathTrackingTaskExecuter.java:41)
	at org.gradle.api.internal.tasks.execution.ResolveTaskExecutionModeExecuter.execute(ResolveTaskExecutionModeExecuter.java:51)
	at org.gradle.api.internal.tasks.execution.FinalizePropertiesTaskExecuter.execute(FinalizePropertiesTaskExecuter.java:46)
	at org.gradle.api.internal.tasks.execution.SkipTaskWithNoActionsExecuter.execute(SkipTaskWithNoActionsExecuter.java:57)
	at org.gradle.api.internal.tasks.execution.SkipOnlyIfTaskExecuter.execute(SkipOnlyIfTaskExecuter.java:74)
	at org.gradle.api.internal.tasks.execution.CatchExceptionTaskExecuter.execute(CatchExceptionTaskExecuter.java:36)
	at org.gradle.api.internal.tasks.execution.EventFiringTaskExecuter$1.executeTask(EventFiringTaskExecuter.java:77)
	at org.gradle.api.internal.tasks.execution.EventFiringTaskExecuter$1.call(EventFiringTaskExecuter.java:55)
	at org.gradle.api.internal.tasks.execution.EventFiringTaskExecuter$1.call(EventFiringTaskExecuter.java:52)
	at org.gradle.internal.operations.DefaultBuildOperationRunner$CallableBuildOperationWorker.execute(DefaultBuildOperationRunner.java:210)
	at org.gradle.internal.operations.DefaultBuildOperationRunner$CallableBuildOperationWorker.execute(DefaultBuildOperationRunner.java:205)
	at org.gradle.internal.operations.DefaultBuildOperationRunner$2.execute(DefaultBuildOperationRunner.java:67)
	at org.gradle.internal.operations.DefaultBuildOperationRunner$2.execute(DefaultBuildOperationRunner.java:60)
	at org.gradle.internal.operations.DefaultBuildOperationRunner.execute(DefaultBuildOperationRunner.java:167)
	at org.gradle.internal.operations.DefaultBuildOperationRunner.execute(DefaultBuildOperationRunner.java:60)
	at org.gradle.internal.operations.DefaultBuildOperationRunner.call(DefaultBuildOperationRunner.java:54)
	at org.gradle.api.internal.tasks.execution.EventFiringTaskExecuter.execute(EventFiringTaskExecuter.java:52)
	at org.gradle.execution.plan.DefaultNodeExecutor.executeLocalTaskNode(DefaultNodeExecutor.java:55)
	at org.gradle.execution.plan.DefaultNodeExecutor.execute(DefaultNodeExecutor.java:34)
	at org.gradle.execution.taskgraph.DefaultTaskExecutionGraph$InvokeNodeExecutorsAction.execute(DefaultTaskExecutionGraph.java:355)
	at org.gradle.execution.taskgraph.DefaultTaskExecutionGraph$InvokeNodeExecutorsAction.execute(DefaultTaskExecutionGraph.java:343)
	at org.gradle.execution.taskgraph.DefaultTaskExecutionGraph$BuildOperationAwareExecutionAction.lambda$execute$0(DefaultTaskExecutionGraph.java:339)
	at org.gradle.internal.operations.CurrentBuildOperationRef.with(CurrentBuildOperationRef.java:84)
	at org.gradle.execution.taskgraph.DefaultTaskExecutionGraph$BuildOperationAwareExecutionAction.execute(DefaultTaskExecutionGraph.java:339)
	at org.gradle.execution.taskgraph.DefaultTaskExecutionGraph$BuildOperationAwareExecutionAction.execute(DefaultTaskExecutionGraph.java:328)
	at org.gradle.execution.plan.DefaultPlanExecutor$ExecutorWorker.execute(DefaultPlanExecutor.java:459)
	at org.gradle.execution.plan.DefaultPlanExecutor$ExecutorWorker.run(DefaultPlanExecutor.java:376)
	at org.gradle.internal.concurrent.ExecutorPolicy$CatchAndRecordFailures.onExecute(ExecutorPolicy.java:64)
	at org.gradle.internal.concurrent.AbstractManagedExecutor$1.run(AbstractManagedExecutor.java:47)
	at java.base/java.util.concurrent.ThreadPoolExecutor.runWorker(ThreadPoolExecutor.java:1144)
	at java.base/java.util.concurrent.ThreadPoolExecutor$Worker.run(ThreadPoolExecutor.java:642)
	at java.base/java.lang.Thread.run(Thread.java:1583)

WARNING: D8: An error occurred when parsing kotlin metadata. This normally happens when using a newer version of kotlin than the kotlin version released when this version of R8 was created. To find compatible kotlin versions, please see: https://developer.android.com/studio/build/kotlin-d8-r8-versions
WARNING: D8: Unexpected error during rewriting of Kotlin metadata for class 'com.netshort.plugin.NetShortPlugin':
com.android.tools.r8.internal.Os0: Should never be called
	at com.android.tools.r8.kotlin.a0.a(R8_8.7.18_f8bee6d6fb926b7ebb3b15bf98f726f9d57471456ea20fce6d17d9a020197688:2)
	at com.android.tools.r8.kotlin.Z.a(R8_8.7.18_f8bee6d6fb926b7ebb3b15bf98f726f9d57471456ea20fce6d17d9a020197688:185)
	at com.android.tools.r8.kotlin.Z.a(R8_8.7.18_f8bee6d6fb926b7ebb3b15bf98f726f9d57471456ea20fce6d17d9a020197688:184)
	at com.android.tools.r8.internal.ep0.a(R8_8.7.18_f8bee6d6fb926b7ebb3b15bf98f726f9d57471456ea20fce6d17d9a020197688:23)
	at com.android.tools.r8.internal.ep0.a(R8_8.7.18_f8bee6d6fb926b7ebb3b15bf98f726f9d57471456ea20fce6d17d9a020197688:34)
	at com.android.tools.r8.internal.ep0.a(R8_8.7.18_f8bee6d6fb926b7ebb3b15bf98f726f9d57471456ea20fce6d17d9a020197688:17)
	at com.google.common.util.concurrent.TrustedListenableFutureTask$TrustedFutureInterruptibleTask.runInterruptibly(TrustedListenableFutureTask.java:131)
	at com.google.common.util.concurrent.InterruptibleTask.run(InterruptibleTask.java:75)
	at com.google.common.util.concurrent.TrustedListenableFutureTask.run(TrustedListenableFutureTask.java:82)
	at com.google.common.util.concurrent.MoreExecutors$DirectExecutorService.execute(MoreExecutors.java:327)
	at java.base/java.util.concurrent.AbstractExecutorService.submit(AbstractExecutorService.java:145)
	at com.google.common.util.concurrent.AbstractListeningExecutorService.submit(AbstractListeningExecutorService.java:79)
	at com.google.common.util.concurrent.AbstractListeningExecutorService.submit(AbstractListeningExecutorService.java:37)
	at com.android.tools.r8.internal.fp0.submit(R8_8.7.18_f8bee6d6fb926b7ebb3b15bf98f726f9d57471456ea20fce6d17d9a020197688:1)
	at com.android.tools.r8.internal.Ro0.a(R8_8.7.18_f8bee6d6fb926b7ebb3b15bf98f726f9d57471456ea20fce6d17d9a020197688:1)
	at com.android.tools.r8.internal.ep0.a(R8_8.7.18_f8bee6d6fb926b7ebb3b15bf98f726f9d57471456ea20fce6d17d9a020197688:19)
	at com.android.tools.r8.internal.Yw.a(R8_8.7.18_f8bee6d6fb926b7ebb3b15bf98f726f9d57471456ea20fce6d17d9a020197688:3)
	at java.base/java.util.ArrayList.forEach(ArrayList.java:1596)
	at com.android.tools.r8.internal.Yw.a(R8_8.7.18_f8bee6d6fb926b7ebb3b15bf98f726f9d57471456ea20fce6d17d9a020197688:2)
	at com.android.tools.r8.internal.ep0.a(R8_8.7.18_f8bee6d6fb926b7ebb3b15bf98f726f9d57471456ea20fce6d17d9a020197688:10)
	at com.android.tools.r8.internal.ep0.a(R8_8.7.18_f8bee6d6fb926b7ebb3b15bf98f726f9d57471456ea20fce6d17d9a020197688:33)
	at com.android.tools.r8.internal.ep0.a(R8_8.7.18_f8bee6d6fb926b7ebb3b15bf98f726f9d57471456ea20fce6d17d9a020197688:25)
	at com.android.tools.r8.internal.ep0.a(R8_8.7.18_f8bee6d6fb926b7ebb3b15bf98f726f9d57471456ea20fce6d17d9a020197688:22)
	at com.android.tools.r8.K.a(R8_8.7.18_f8bee6d6fb926b7ebb3b15bf98f726f9d57471456ea20fce6d17d9a020197688:3)
	at com.android.tools.r8.kotlin.Z.a(R8_8.7.18_f8bee6d6fb926b7ebb3b15bf98f726f9d57471456ea20fce6d17d9a020197688:9)
	at com.android.tools.r8.D8.b(R8_8.7.18_f8bee6d6fb926b7ebb3b15bf98f726f9d57471456ea20fce6d17d9a020197688:17)
	at com.android.tools.r8.internal.Gp0.a(R8_8.7.18_f8bee6d6fb926b7ebb3b15bf98f726f9d57471456ea20fce6d17d9a020197688:57)
	at com.android.tools.r8.D8.a(R8_8.7.18_f8bee6d6fb926b7ebb3b15bf98f726f9d57471456ea20fce6d17d9a020197688:88)
	at com.android.tools.r8.D8.d(R8_8.7.18_f8bee6d6fb926b7ebb3b15bf98f726f9d57471456ea20fce6d17d9a020197688:137)
	at com.android.tools.r8.D8.b(R8_8.7.18_f8bee6d6fb926b7ebb3b15bf98f726f9d57471456ea20fce6d17d9a020197688:1)
	at com.android.tools.r8.internal.yu.a(R8_8.7.18_f8bee6d6fb926b7ebb3b15bf98f726f9d57471456ea20fce6d17d9a020197688:28)
	at com.android.tools.r8.internal.yu.b(R8_8.7.18_f8bee6d6fb926b7ebb3b15bf98f726f9d57471456ea20fce6d17d9a020197688:2)
	at com.android.tools.r8.D8.run(R8_8.7.18_f8bee6d6fb926b7ebb3b15bf98f726f9d57471456ea20fce6d17d9a020197688:11)
	at com.android.builder.dexing.D8DexArchiveBuilder.convert(D8DexArchiveBuilder.java:127)
	at com.android.builder.dexing.DexArchiveBuilder.convert$default(DexArchiveBuilder.kt:44)
	at com.lagradost.cloudstream3.gradle.tasks.CompileDexTask.compileDex(CompileDexTask.kt:88)
	at java.base/jdk.internal.reflect.DirectMethodHandleAccessor.invoke(DirectMethodHandleAccessor.java:103)
	at java.base/java.lang.reflect.Method.invoke(Method.java:580)
	at org.gradle.internal.reflect.JavaMethod.invoke(JavaMethod.java:125)
	at org.gradle.api.internal.project.taskfactory.StandardTaskAction.doExecute(StandardTaskAction.java:58)
	at org.gradle.api.internal.project.taskfactory.StandardTaskAction.execute(StandardTaskAction.java:51)
	at org.gradle.api.internal.project.taskfactory.StandardTaskAction.execute(StandardTaskAction.java:29)
	at org.gradle.api.internal.tasks.execution.TaskExecution$3.run(TaskExecution.java:259)
	at org.gradle.internal.operations.DefaultBuildOperationRunner$1.execute(DefaultBuildOperationRunner.java:30)
	at org.gradle.internal.operations.DefaultBuildOperationRunner$1.execute(DefaultBuildOperationRunner.java:27)
	at org.gradle.internal.operations.DefaultBuildOperationRunner$2.execute(DefaultBuildOperationRunner.java:67)
	at org.gradle.internal.operations.DefaultBuildOperationRunner$2.execute(DefaultBuildOperationRunner.java:60)
	at org.gradle.internal.operations.DefaultBuildOperationRunner.execute(DefaultBuildOperationRunner.java:167)
	at org.gradle.internal.operations.DefaultBuildOperationRunner.execute(DefaultBuildOperationRunner.java:60)
	at org.gradle.internal.operations.DefaultBuildOperationRunner.run(DefaultBuildOperationRunner.java:48)
	at org.gradle.api.internal.tasks.execution.TaskExecution.executeAction(TaskExecution.java:244)
	at org.gradle.api.internal.tasks.execution.TaskExecution.executeActions(TaskExecution.java:227)
	at org.gradle.api.internal.tasks.execution.TaskExecution.executeWithPreviousOutputFiles(TaskExecution.java:210)
	at org.gradle.api.internal.tasks.execution.TaskExecution.execute(TaskExecution.java:176)
	at org.gradle.internal.execution.steps.ExecuteStep.executeInternal(ExecuteStep.java:167)
	at org.gradle.internal.execution.steps.ExecuteStep.access$000(ExecuteStep.java:47)
	at org.gradle.internal.execution.steps.ExecuteStep$1.call(ExecuteStep.java:137)
	at org.gradle.internal.execution.steps.ExecuteStep$1.call(ExecuteStep.java:134)
	at org.gradle.internal.operations.DefaultBuildOperationRunner$CallableBuildOperationWorker.execute(DefaultBuildOperationRunner.java:210)
	at org.gradle.internal.operations.DefaultBuildOperationRunner$CallableBuildOperationWorker.execute(DefaultBuildOperationRunner.java:205)
	at org.gradle.internal.operations.DefaultBuildOperationRunner$2.execute(DefaultBuildOperationRunner.java:67)
	at org.gradle.internal.operations.DefaultBuildOperationRunner$2.execute(DefaultBuildOperationRunner.java:60)
	at org.gradle.internal.operations.DefaultBuildOperationRunner.execute(DefaultBuildOperationRunner.java:167)
	at org.gradle.internal.operations.DefaultBuildOperationRunner.execute(DefaultBuildOperationRunner.java:60)
	at org.gradle.internal.operations.DefaultBuildOperationRunner.call(DefaultBuildOperationRunner.java:54)
	at org.gradle.internal.execution.steps.ExecuteStep.execute(ExecuteStep.java:134)
	at org.gradle.internal.execution.steps.ExecuteStep$Mutable.execute(ExecuteStep.java:80)
	at org.gradle.internal.execution.steps.CancelExecutionStep.execute(CancelExecutionStep.java:42)
	at org.gradle.internal.execution.steps.TimeoutStep.executeWithoutTimeout(TimeoutStep.java:75)
	at org.gradle.internal.execution.steps.TimeoutStep.execute(TimeoutStep.java:55)
	at org.gradle.internal.execution.steps.PreCreateOutputParentsStep.execute(PreCreateOutputParentsStep.java:51)
	at org.gradle.internal.execution.steps.PreCreateOutputParentsStep.execute(PreCreateOutputParentsStep.java:29)
	at org.gradle.internal.execution.steps.RemovePreviousOutputsStep.executeMutable(RemovePreviousOutputsStep.java:67)
	at org.gradle.internal.execution.steps.RemovePreviousOutputsStep.executeMutable(RemovePreviousOutputsStep.java:39)
	at org.gradle.internal.execution.steps.MutableStep.execute(MutableStep.java:26)
	at org.gradle.internal.execution.steps.BroadcastChangingOutputsStep.execute(BroadcastChangingOutputsStep.java:42)
	at org.gradle.internal.execution.steps.BroadcastChangingOutputsStep.execute(BroadcastChangingOutputsStep.java:24)
	at org.gradle.internal.execution.steps.CaptureOutputsAfterExecutionStep.execute(CaptureOutputsAfterExecutionStep.java:69)
	at org.gradle.internal.execution.steps.CaptureOutputsAfterExecutionStep.execute(CaptureOutputsAfterExecutionStep.java:46)
	at org.gradle.internal.execution.steps.ResolveInputChangesStep.executeMutable(ResolveInputChangesStep.java:39)
	at org.gradle.internal.execution.steps.ResolveInputChangesStep.executeMutable(ResolveInputChangesStep.java:28)
	at org.gradle.internal.execution.steps.MutableStep.execute(MutableStep.java:26)
	at org.gradle.internal.execution.steps.BuildCacheStep.executeWithoutCache(BuildCacheStep.java:189)
	at org.gradle.internal.execution.steps.BuildCacheStep.lambda$execute$1(BuildCacheStep.java:76)
	at org.gradle.internal.Either$Right.fold(Either.java:176)
	at org.gradle.internal.execution.caching.CachingState.fold(CachingState.java:62)
	at org.gradle.internal.execution.steps.BuildCacheStep.execute(BuildCacheStep.java:74)
	at org.gradle.internal.execution.steps.BuildCacheStep.execute(BuildCacheStep.java:49)
	at org.gradle.internal.execution.steps.StoreExecutionStateStep.executeMutable(StoreExecutionStateStep.java:46)
	at org.gradle.internal.execution.steps.StoreExecutionStateStep.executeMutable(StoreExecutionStateStep.java:35)
	at org.gradle.internal.execution.steps.MutableStep.execute(MutableStep.java:26)
	at org.gradle.internal.execution.steps.SkipUpToDateStep.executeBecause(SkipUpToDateStep.java:75)
	at org.gradle.internal.execution.steps.SkipUpToDateStep.lambda$execute$2(SkipUpToDateStep.java:53)
	at java.base/java.util.Optional.orElseGet(Optional.java:364)
	at org.gradle.internal.execution.steps.SkipUpToDateStep.execute(SkipUpToDateStep.java:53)
	at org.gradle.internal.execution.steps.SkipUpToDateStep.execute(SkipUpToDateStep.java:35)
	at org.gradle.internal.execution.steps.legacy.MarkSnapshottingInputsFinishedStep.execute(MarkSnapshottingInputsFinishedStep.java:37)
	at org.gradle.internal.execution.steps.legacy.MarkSnapshottingInputsFinishedStep.execute(MarkSnapshottingInputsFinishedStep.java:27)
	at org.gradle.internal.execution.steps.ResolveMutableCachingStateStep.executeDelegate(ResolveMutableCachingStateStep.java:70)
	at org.gradle.internal.execution.steps.ResolveMutableCachingStateStep.executeDelegate(ResolveMutableCachingStateStep.java:32)
	at org.gradle.internal.execution.steps.AbstractResolveCachingStateStep.execute(AbstractResolveCachingStateStep.java:69)
	at org.gradle.internal.execution.steps.AbstractResolveCachingStateStep.execute(AbstractResolveCachingStateStep.java:37)
	at org.gradle.internal.execution.steps.ResolveChangesStep.executeMutable(ResolveChangesStep.java:63)
	at org.gradle.internal.execution.steps.ResolveChangesStep.executeMutable(ResolveChangesStep.java:34)
	at org.gradle.internal.execution.steps.MutableStep.execute(MutableStep.java:26)
	at org.gradle.internal.execution.steps.ValidateStep$Mutable.executeDelegate(ValidateStep.java:79)
	at org.gradle.internal.execution.steps.ValidateStep$Mutable.executeDelegate(ValidateStep.java:65)
	at org.gradle.internal.execution.steps.ValidateStep.execute(ValidateStep.java:105)
	at org.gradle.internal.execution.steps.ValidateStep$Mutable.execute(ValidateStep.java:65)
	at org.gradle.internal.execution.steps.CaptureMutableStateBeforeExecutionStep.executeMutable(CaptureMutableStateBeforeExecutionStep.java:86)
	at org.gradle.internal.execution.steps.CaptureMutableStateBeforeExecutionStep.execute(CaptureMutableStateBeforeExecutionStep.java:65)
	at org.gradle.internal.execution.steps.CaptureMutableStateBeforeExecutionStep.execute(CaptureMutableStateBeforeExecutionStep.java:45)
	at org.gradle.internal.execution.steps.SkipEmptyMutableWorkStep.executeWithNonEmptySources(SkipEmptyMutableWorkStep.java:210)
	at org.gradle.internal.execution.steps.SkipEmptyMutableWorkStep.executeMutable(SkipEmptyMutableWorkStep.java:90)
	at org.gradle.internal.execution.steps.SkipEmptyMutableWorkStep.executeMutable(SkipEmptyMutableWorkStep.java:53)
	at org.gradle.internal.execution.steps.MutableStep.execute(MutableStep.java:26)
	at org.gradle.internal.execution.steps.legacy.MarkSnapshottingInputsStartedStep.execute(MarkSnapshottingInputsStartedStep.java:38)
	at org.gradle.internal.execution.steps.LoadPreviousExecutionStateStep.executeMutable(LoadPreviousExecutionStateStep.java:36)
	at org.gradle.internal.execution.steps.LoadPreviousExecutionStateStep.executeMutable(LoadPreviousExecutionStateStep.java:23)
	at org.gradle.internal.execution.steps.MutableStep.execute(MutableStep.java:26)
	at org.gradle.internal.execution.steps.HandleStaleOutputsStep.executeMutable(HandleStaleOutputsStep.java:77)
	at org.gradle.internal.execution.steps.HandleStaleOutputsStep.executeMutable(HandleStaleOutputsStep.java:43)
	at org.gradle.internal.execution.steps.MutableStep.execute(MutableStep.java:26)
	at org.gradle.internal.execution.steps.AssignMutableWorkspaceStep.lambda$executeMutable$0(AssignMutableWorkspaceStep.java:34)
	at org.gradle.api.internal.tasks.execution.TaskExecution$4.withWorkspace(TaskExecution.java:305)
	at org.gradle.internal.execution.steps.AssignMutableWorkspaceStep.executeMutable(AssignMutableWorkspaceStep.java:30)
	at org.gradle.internal.execution.steps.AssignMutableWorkspaceStep.executeMutable(AssignMutableWorkspaceStep.java:21)
	at org.gradle.internal.execution.steps.MutableStep.execute(MutableStep.java:26)
	at org.gradle.internal.execution.steps.ChoosePipelineStep.execute(ChoosePipelineStep.java:40)
	at org.gradle.internal.execution.steps.ChoosePipelineStep.execute(ChoosePipelineStep.java:23)
	at org.gradle.internal.execution.steps.ExecuteWorkBuildOperationFiringStep.lambda$execute$2(ExecuteWorkBuildOperationFiringStep.java:67)
	at java.base/java.util.Optional.orElseGet(Optional.java:364)
	at org.gradle.internal.execution.steps.ExecuteWorkBuildOperationFiringStep.execute(ExecuteWorkBuildOperationFiringStep.java:67)
	at org.gradle.internal.execution.steps.ExecuteWorkBuildOperationFiringStep.execute(ExecuteWorkBuildOperationFiringStep.java:39)
	at org.gradle.internal.execution.steps.IdentityCacheStep.execute(IdentityCacheStep.java:46)
	at org.gradle.internal.execution.steps.IdentityCacheStep.execute(IdentityCacheStep.java:34)
	at org.gradle.internal.execution.steps.IdentifyStep.execute(IdentifyStep.java:56)
	at org.gradle.internal.execution.steps.IdentifyStep.execute(IdentifyStep.java:38)
	at org.gradle.internal.execution.impl.DefaultExecutionEngine$1.execute(DefaultExecutionEngine.java:68)
	at org.gradle.api.internal.tasks.execution.ExecuteActionsTaskExecuter.executeIfValid(ExecuteActionsTaskExecuter.java:132)
	at org.gradle.api.internal.tasks.execution.ExecuteActionsTaskExecuter.execute(ExecuteActionsTaskExecuter.java:121)
	at org.gradle.api.internal.tasks.execution.ProblemsTaskPathTrackingTaskExecuter.execute(ProblemsTaskPathTrackingTaskExecuter.java:41)
	at org.gradle.api.internal.tasks.execution.ResolveTaskExecutionModeExecuter.execute(ResolveTaskExecutionModeExecuter.java:51)
	at org.gradle.api.internal.tasks.execution.FinalizePropertiesTaskExecuter.execute(FinalizePropertiesTaskExecuter.java:46)
	at org.gradle.api.internal.tasks.execution.SkipTaskWithNoActionsExecuter.execute(SkipTaskWithNoActionsExecuter.java:57)
	at org.gradle.api.internal.tasks.execution.SkipOnlyIfTaskExecuter.execute(SkipOnlyIfTaskExecuter.java:74)
	at org.gradle.api.internal.tasks.execution.CatchExceptionTaskExecuter.execute(CatchExceptionTaskExecuter.java:36)
	at org.gradle.api.internal.tasks.execution.EventFiringTaskExecuter$1.executeTask(EventFiringTaskExecuter.java:77)
	at org.gradle.api.internal.tasks.execution.EventFiringTaskExecuter$1.call(EventFiringTaskExecuter.java:55)
	at org.gradle.api.internal.tasks.execution.EventFiringTaskExecuter$1.call(EventFiringTaskExecuter.java:52)
	at org.gradle.internal.operations.DefaultBuildOperationRunner$CallableBuildOperationWorker.execute(DefaultBuildOperationRunner.java:210)
	at org.gradle.internal.operations.DefaultBuildOperationRunner$CallableBuildOperationWorker.execute(DefaultBuildOperationRunner.java:205)
	at org.gradle.internal.operations.DefaultBuildOperationRunner$2.execute(DefaultBuildOperationRunner.java:67)
	at org.gradle.internal.operations.DefaultBuildOperationRunner$2.execute(DefaultBuildOperationRunner.java:60)
	at org.gradle.internal.operations.DefaultBuildOperationRunner.execute(DefaultBuildOperationRunner.java:167)
	at org.gradle.internal.operations.DefaultBuildOperationRunner.execute(DefaultBuildOperationRunner.java:60)
	at org.gradle.internal.operations.DefaultBuildOperationRunner.call(DefaultBuildOperationRunner.java:54)
	at org.gradle.api.internal.tasks.execution.EventFiringTaskExecuter.execute(EventFiringTaskExecuter.java:52)
	at org.gradle.execution.plan.DefaultNodeExecutor.executeLocalTaskNode(DefaultNodeExecutor.java:55)
	at org.gradle.execution.plan.DefaultNodeExecutor.execute(DefaultNodeExecutor.java:34)
	at org.gradle.execution.taskgraph.DefaultTaskExecutionGraph$InvokeNodeExecutorsAction.execute(DefaultTaskExecutionGraph.java:355)
	at org.gradle.execution.taskgraph.DefaultTaskExecutionGraph$InvokeNodeExecutorsAction.execute(DefaultTaskExecutionGraph.java:343)
	at org.gradle.execution.taskgraph.DefaultTaskExecutionGraph$BuildOperationAwareExecutionAction.lambda$execute$0(DefaultTaskExecutionGraph.java:339)
	at org.gradle.internal.operations.CurrentBuildOperationRef.with(CurrentBuildOperationRef.java:84)
	at org.gradle.execution.taskgraph.DefaultTaskExecutionGraph$BuildOperationAwareExecutionAction.execute(DefaultTaskExecutionGraph.java:339)
	at org.gradle.execution.taskgraph.DefaultTaskExecutionGraph$BuildOperationAwareExecutionAction.execute(DefaultTaskExecutionGraph.java:328)
	at org.gradle.execution.plan.DefaultPlanExecutor$ExecutorWorker.execute(DefaultPlanExecutor.java:459)
	at org.gradle.execution.plan.DefaultPlanExecutor$ExecutorWorker.run(DefaultPlanExecutor.java:376)
	at org.gradle.internal.concurrent.ExecutorPolicy$CatchAndRecordFailures.onExecute(ExecutorPolicy.java:64)
	at org.gradle.internal.concurrent.AbstractManagedExecutor$1.run(AbstractManagedExecutor.java:47)
	at java.base/java.util.concurrent.ThreadPoolExecutor.runWorker(ThreadPoolExecutor.java:1144)
	at java.base/java.util.concurrent.ThreadPoolExecutor$Worker.run(ThreadPoolExecutor.java:642)
	at java.base/java.lang.Thread.run(Thread.java:1583)

WARNING: D8: An error occurred when parsing kotlin metadata. This normally happens when using a newer version of kotlin than the kotlin version released when this version of R8 was created. To find compatible kotlin versions, please see: https://developer.android.com/studio/build/kotlin-d8-r8-versions
WARNING: D8: Unexpected error during rewriting of Kotlin metadata for class 'com.netshort.plugin.NetShortProvider$getMainPage$1':
com.android.tools.r8.internal.Os0: Should never be called
	at com.android.tools.r8.kotlin.a0.a(R8_8.7.18_f8bee6d6fb926b7ebb3b15bf98f726f9d57471456ea20fce6d17d9a020197688:2)
	at com.android.tools.r8.kotlin.Z.a(R8_8.7.18_f8bee6d6fb926b7ebb3b15bf98f726f9d57471456ea20fce6d17d9a020197688:185)
	at com.android.tools.r8.kotlin.Z.a(R8_8.7.18_f8bee6d6fb926b7ebb3b15bf98f726f9d57471456ea20fce6d17d9a020197688:184)
	at com.android.tools.r8.internal.ep0.a(R8_8.7.18_f8bee6d6fb926b7ebb3b15bf98f726f9d57471456ea20fce6d17d9a020197688:23)
	at com.android.tools.r8.internal.ep0.a(R8_8.7.18_f8bee6d6fb926b7ebb3b15bf98f726f9d57471456ea20fce6d17d9a020197688:34)
	at com.android.tools.r8.internal.ep0.a(R8_8.7.18_f8bee6d6fb926b7ebb3b15bf98f726f9d57471456ea20fce6d17d9a020197688:17)
	at com.google.common.util.concurrent.TrustedListenableFutureTask$TrustedFutureInterruptibleTask.runInterruptibly(TrustedListenableFutureTask.java:131)
	at com.google.common.util.concurrent.InterruptibleTask.run(InterruptibleTask.java:75)
	at com.google.common.util.concurrent.TrustedListenableFutureTask.run(TrustedListenableFutureTask.java:82)
	at com.google.common.util.concurrent.MoreExecutors$DirectExecutorService.execute(MoreExecutors.java:327)
	at java.base/java.util.concurrent.AbstractExecutorService.submit(AbstractExecutorService.java:145)
	at com.google.common.util.concurrent.AbstractListeningExecutorService.submit(AbstractListeningExecutorService.java:79)
	at com.google.common.util.concurrent.AbstractListeningExecutorService.submit(AbstractListeningExecutorService.java:37)
	at com.android.tools.r8.internal.fp0.submit(R8_8.7.18_f8bee6d6fb926b7ebb3b15bf98f726f9d57471456ea20fce6d17d9a020197688:1)
	at com.android.tools.r8.internal.Ro0.a(R8_8.7.18_f8bee6d6fb926b7ebb3b15bf98f726f9d57471456ea20fce6d17d9a020197688:1)
	at com.android.tools.r8.internal.ep0.a(R8_8.7.18_f8bee6d6fb926b7ebb3b15bf98f726f9d57471456ea20fce6d17d9a020197688:19)
	at com.android.tools.r8.internal.Yw.a(R8_8.7.18_f8bee6d6fb926b7ebb3b15bf98f726f9d57471456ea20fce6d17d9a020197688:3)
	at java.base/java.util.ArrayList.forEach(ArrayList.java:1596)
	at com.android.tools.r8.internal.Yw.a(R8_8.7.18_f8bee6d6fb926b7ebb3b15bf98f726f9d57471456ea20fce6d17d9a020197688:2)
	at com.android.tools.r8.internal.ep0.a(R8_8.7.18_f8bee6d6fb926b7ebb3b15bf98f726f9d57471456ea20fce6d17d9a020197688:10)
	at com.android.tools.r8.internal.ep0.a(R8_8.7.18_f8bee6d6fb926b7ebb3b15bf98f726f9d57471456ea20fce6d17d9a020197688:33)
	at com.android.tools.r8.internal.ep0.a(R8_8.7.18_f8bee6d6fb926b7ebb3b15bf98f726f9d57471456ea20fce6d17d9a020197688:25)
	at com.android.tools.r8.internal.ep0.a(R8_8.7.18_f8bee6d6fb926b7ebb3b15bf98f726f9d57471456ea20fce6d17d9a020197688:22)
	at com.android.tools.r8.K.a(R8_8.7.18_f8bee6d6fb926b7ebb3b15bf98f726f9d57471456ea20fce6d17d9a020197688:3)
	at com.android.tools.r8.kotlin.Z.a(R8_8.7.18_f8bee6d6fb926b7ebb3b15bf98f726f9d57471456ea20fce6d17d9a020197688:9)
	at com.android.tools.r8.D8.b(R8_8.7.18_f8bee6d6fb926b7ebb3b15bf98f726f9d57471456ea20fce6d17d9a020197688:17)
	at com.android.tools.r8.internal.Gp0.a(R8_8.7.18_f8bee6d6fb926b7ebb3b15bf98f726f9d57471456ea20fce6d17d9a020197688:57)
	at com.android.tools.r8.D8.a(R8_8.7.18_f8bee6d6fb926b7ebb3b15bf98f726f9d57471456ea20fce6d17d9a020197688:88)
	at com.android.tools.r8.D8.d(R8_8.7.18_f8bee6d6fb926b7ebb3b15bf98f726f9d57471456ea20fce6d17d9a020197688:137)
	at com.android.tools.r8.D8.b(R8_8.7.18_f8bee6d6fb926b7ebb3b15bf98f726f9d57471456ea20fce6d17d9a020197688:1)
	at com.android.tools.r8.internal.yu.a(R8_8.7.18_f8bee6d6fb926b7ebb3b15bf98f726f9d57471456ea20fce6d17d9a020197688:28)
	at com.android.tools.r8.internal.yu.b(R8_8.7.18_f8bee6d6fb926b7ebb3b15bf98f726f9d57471456ea20fce6d17d9a020197688:2)
	at com.android.tools.r8.D8.run(R8_8.7.18_f8bee6d6fb926b7ebb3b15bf98f726f9d57471456ea20fce6d17d9a020197688:11)
	at com.android.builder.dexing.D8DexArchiveBuilder.convert(D8DexArchiveBuilder.java:127)
	at com.android.builder.dexing.DexArchiveBuilder.convert$default(DexArchiveBuilder.kt:44)
	at com.lagradost.cloudstream3.gradle.tasks.CompileDexTask.compileDex(CompileDexTask.kt:88)
	at java.base/jdk.internal.reflect.DirectMethodHandleAccessor.invoke(DirectMethodHandleAccessor.java:103)
	at java.base/java.lang.reflect.Method.invoke(Method.java:580)
	at org.gradle.internal.reflect.JavaMethod.invoke(JavaMethod.java:125)
	at org.gradle.api.internal.project.taskfactory.StandardTaskAction.doExecute(StandardTaskAction.java:58)
	at org.gradle.api.internal.project.taskfactory.StandardTaskAction.execute(StandardTaskAction.java:51)
	at org.gradle.api.internal.project.taskfactory.StandardTaskAction.execute(StandardTaskAction.java:29)
	at org.gradle.api.internal.tasks.execution.TaskExecution$3.run(TaskExecution.java:259)
	at org.gradle.internal.operations.DefaultBuildOperationRunner$1.execute(DefaultBuildOperationRunner.java:30)
	at org.gradle.internal.operations.DefaultBuildOperationRunner$1.execute(DefaultBuildOperationRunner.java:27)
	at org.gradle.internal.operations.DefaultBuildOperationRunner$2.execute(DefaultBuildOperationRunner.java:67)
	at org.gradle.internal.operations.DefaultBuildOperationRunner$2.execute(DefaultBuildOperationRunner.java:60)
	at org.gradle.internal.operations.DefaultBuildOperationRunner.execute(DefaultBuildOperationRunner.java:167)
	at org.gradle.internal.operations.DefaultBuildOperationRunner.execute(DefaultBuildOperationRunner.java:60)
	at org.gradle.internal.operations.DefaultBuildOperationRunner.run(DefaultBuildOperationRunner.java:48)
	at org.gradle.api.internal.tasks.execution.TaskExecution.executeAction(TaskExecution.java:244)
	at org.gradle.api.internal.tasks.execution.TaskExecution.executeActions(TaskExecution.java:227)
	at org.gradle.api.internal.tasks.execution.TaskExecution.executeWithPreviousOutputFiles(TaskExecution.java:210)
	at org.gradle.api.internal.tasks.execution.TaskExecution.execute(TaskExecution.java:176)
	at org.gradle.internal.execution.steps.ExecuteStep.executeInternal(ExecuteStep.java:167)
	at org.gradle.internal.execution.steps.ExecuteStep.access$000(ExecuteStep.java:47)
	at org.gradle.internal.execution.steps.ExecuteStep$1.call(ExecuteStep.java:137)
	at org.gradle.internal.execution.steps.ExecuteStep$1.call(ExecuteStep.java:134)
	at org.gradle.internal.operations.DefaultBuildOperationRunner$CallableBuildOperationWorker.execute(DefaultBuildOperationRunner.java:210)
	at org.gradle.internal.operations.DefaultBuildOperationRunner$CallableBuildOperationWorker.execute(DefaultBuildOperationRunner.java:205)
	at org.gradle.internal.operations.DefaultBuildOperationRunner$2.execute(DefaultBuildOperationRunner.java:67)
	at org.gradle.internal.operations.DefaultBuildOperationRunner$2.execute(DefaultBuildOperationRunner.java:60)
	at org.gradle.internal.operations.DefaultBuildOperationRunner.execute(DefaultBuildOperationRunner.java:167)
	at org.gradle.internal.operations.DefaultBuildOperationRunner.execute(DefaultBuildOperationRunner.java:60)
	at org.gradle.internal.operations.DefaultBuildOperationRunner.call(DefaultBuildOperationRunner.java:54)
	at org.gradle.internal.execution.steps.ExecuteStep.execute(ExecuteStep.java:134)
	at org.gradle.internal.execution.steps.ExecuteStep$Mutable.execute(ExecuteStep.java:80)
	at org.gradle.internal.execution.steps.CancelExecutionStep.execute(CancelExecutionStep.java:42)
	at org.gradle.internal.execution.steps.TimeoutStep.executeWithoutTimeout(TimeoutStep.java:75)
	at org.gradle.internal.execution.steps.TimeoutStep.execute(TimeoutStep.java:55)
	at org.gradle.internal.execution.steps.PreCreateOutputParentsStep.execute(PreCreateOutputParentsStep.java:51)
	at org.gradle.internal.execution.steps.PreCreateOutputParentsStep.execute(PreCreateOutputParentsStep.java:29)
	at org.gradle.internal.execution.steps.RemovePreviousOutputsStep.executeMutable(RemovePreviousOutputsStep.java:67)
	at org.gradle.internal.execution.steps.RemovePreviousOutputsStep.executeMutable(RemovePreviousOutputsStep.java:39)
	at org.gradle.internal.execution.steps.MutableStep.execute(MutableStep.java:26)
	at org.gradle.internal.execution.steps.BroadcastChangingOutputsStep.execute(BroadcastChangingOutputsStep.java:42)
	at org.gradle.internal.execution.steps.BroadcastChangingOutputsStep.execute(BroadcastChangingOutputsStep.java:24)
	at org.gradle.internal.execution.steps.CaptureOutputsAfterExecutionStep.execute(CaptureOutputsAfterExecutionStep.java:69)
	at org.gradle.internal.execution.steps.CaptureOutputsAfterExecutionStep.execute(CaptureOutputsAfterExecutionStep.java:46)
	at org.gradle.internal.execution.steps.ResolveInputChangesStep.executeMutable(ResolveInputChangesStep.java:39)
	at org.gradle.internal.execution.steps.ResolveInputChangesStep.executeMutable(ResolveInputChangesStep.java:28)
	at org.gradle.internal.execution.steps.MutableStep.execute(MutableStep.java:26)
	at org.gradle.internal.execution.steps.BuildCacheStep.executeWithoutCache(BuildCacheStep.java:189)
	at org.gradle.internal.execution.steps.BuildCacheStep.lambda$execute$1(BuildCacheStep.java:76)
	at org.gradle.internal.Either$Right.fold(Either.java:176)
	at org.gradle.internal.execution.caching.CachingState.fold(CachingState.java:62)
	at org.gradle.internal.execution.steps.BuildCacheStep.execute(BuildCacheStep.java:74)
	at org.gradle.internal.execution.steps.BuildCacheStep.execute(BuildCacheStep.java:49)
	at org.gradle.internal.execution.steps.StoreExecutionStateStep.executeMutable(StoreExecutionStateStep.java:46)
	at org.gradle.internal.execution.steps.StoreExecutionStateStep.executeMutable(StoreExecutionStateStep.java:35)
	at org.gradle.internal.execution.steps.MutableStep.execute(MutableStep.java:26)
	at org.gradle.internal.execution.steps.SkipUpToDateStep.executeBecause(SkipUpToDateStep.java:75)
	at org.gradle.internal.execution.steps.SkipUpToDateStep.lambda$execute$2(SkipUpToDateStep.java:53)
	at java.base/java.util.Optional.orElseGet(Optional.java:364)
	at org.gradle.internal.execution.steps.SkipUpToDateStep.execute(SkipUpToDateStep.java:53)
	at org.gradle.internal.execution.steps.SkipUpToDateStep.execute(SkipUpToDateStep.java:35)
	at org.gradle.internal.execution.steps.legacy.MarkSnapshottingInputsFinishedStep.execute(MarkSnapshottingInputsFinishedStep.java:37)
	at org.gradle.internal.execution.steps.legacy.MarkSnapshottingInputsFinishedStep.execute(MarkSnapshottingInputsFinishedStep.java:27)
	at org.gradle.internal.execution.steps.ResolveMutableCachingStateStep.executeDelegate(ResolveMutableCachingStateStep.java:70)
	at org.gradle.internal.execution.steps.ResolveMutableCachingStateStep.executeDelegate(ResolveMutableCachingStateStep.java:32)
	at org.gradle.internal.execution.steps.AbstractResolveCachingStateStep.execute(AbstractResolveCachingStateStep.java:69)
	at org.gradle.internal.execution.steps.AbstractResolveCachingStateStep.execute(AbstractResolveCachingStateStep.java:37)
	at org.gradle.internal.execution.steps.ResolveChangesStep.executeMutable(ResolveChangesStep.java:63)
	at org.gradle.internal.execution.steps.ResolveChangesStep.executeMutable(ResolveChangesStep.java:34)
	at org.gradle.internal.execution.steps.MutableStep.execute(MutableStep.java:26)
	at org.gradle.internal.execution.steps.ValidateStep$Mutable.executeDelegate(ValidateStep.java:79)
	at org.gradle.internal.execution.steps.ValidateStep$Mutable.executeDelegate(ValidateStep.java:65)
	at org.gradle.internal.execution.steps.ValidateStep.execute(ValidateStep.java:105)
	at org.gradle.internal.execution.steps.ValidateStep$Mutable.execute(ValidateStep.java:65)
	at org.gradle.internal.execution.steps.CaptureMutableStateBeforeExecutionStep.executeMutable(CaptureMutableStateBeforeExecutionStep.java:86)
	at org.gradle.internal.execution.steps.CaptureMutableStateBeforeExecutionStep.execute(CaptureMutableStateBeforeExecutionStep.java:65)
	at org.gradle.internal.execution.steps.CaptureMutableStateBeforeExecutionStep.execute(CaptureMutableStateBeforeExecutionStep.java:45)
	at org.gradle.internal.execution.steps.SkipEmptyMutableWorkStep.executeWithNonEmptySources(SkipEmptyMutableWorkStep.java:210)
	at org.gradle.internal.execution.steps.SkipEmptyMutableWorkStep.executeMutable(SkipEmptyMutableWorkStep.java:90)
	at org.gradle.internal.execution.steps.SkipEmptyMutableWorkStep.executeMutable(SkipEmptyMutableWorkStep.java:53)
	at org.gradle.internal.execution.steps.MutableStep.execute(MutableStep.java:26)
	at org.gradle.internal.execution.steps.legacy.MarkSnapshottingInputsStartedStep.execute(MarkSnapshottingInputsStartedStep.java:38)
	at org.gradle.internal.execution.steps.LoadPreviousExecutionStateStep.executeMutable(LoadPreviousExecutionStateStep.java:36)
	at org.gradle.internal.execution.steps.LoadPreviousExecutionStateStep.executeMutable(LoadPreviousExecutionStateStep.java:23)
	at org.gradle.internal.execution.steps.MutableStep.execute(MutableStep.java:26)
	at org.gradle.internal.execution.steps.HandleStaleOutputsStep.executeMutable(HandleStaleOutputsStep.java:77)
	at org.gradle.internal.execution.steps.HandleStaleOutputsStep.executeMutable(HandleStaleOutputsStep.java:43)
	at org.gradle.internal.execution.steps.MutableStep.execute(MutableStep.java:26)
	at org.gradle.internal.execution.steps.AssignMutableWorkspaceStep.lambda$executeMutable$0(AssignMutableWorkspaceStep.java:34)
	at org.gradle.api.internal.tasks.execution.TaskExecution$4.withWorkspace(TaskExecution.java:305)
	at org.gradle.internal.execution.steps.AssignMutableWorkspaceStep.executeMutable(AssignMutableWorkspaceStep.java:30)
	at org.gradle.internal.execution.steps.AssignMutableWorkspaceStep.executeMutable(AssignMutableWorkspaceStep.java:21)
	at org.gradle.internal.execution.steps.MutableStep.execute(MutableStep.java:26)
	at org.gradle.internal.execution.steps.ChoosePipelineStep.execute(ChoosePipelineStep.java:40)
	at org.gradle.internal.execution.steps.ChoosePipelineStep.execute(ChoosePipelineStep.java:23)
	at org.gradle.internal.execution.steps.ExecuteWorkBuildOperationFiringStep.lambda$execute$2(ExecuteWorkBuildOperationFiringStep.java:67)
	at java.base/java.util.Optional.orElseGet(Optional.java:364)
	at org.gradle.internal.execution.steps.ExecuteWorkBuildOperationFiringStep.execute(ExecuteWorkBuildOperationFiringStep.java:67)
	at org.gradle.internal.execution.steps.ExecuteWorkBuildOperationFiringStep.execute(ExecuteWorkBuildOperationFiringStep.java:39)
	at org.gradle.internal.execution.steps.IdentityCacheStep.execute(IdentityCacheStep.java:46)
	at org.gradle.internal.execution.steps.IdentityCacheStep.execute(IdentityCacheStep.java:34)
	at org.gradle.internal.execution.steps.IdentifyStep.execute(IdentifyStep.java:56)
	at org.gradle.internal.execution.steps.IdentifyStep.execute(IdentifyStep.java:38)
	at org.gradle.internal.execution.impl.DefaultExecutionEngine$1.execute(DefaultExecutionEngine.java:68)
	at org.gradle.api.internal.tasks.execution.ExecuteActionsTaskExecuter.executeIfValid(ExecuteActionsTaskExecuter.java:132)
	at org.gradle.api.internal.tasks.execution.ExecuteActionsTaskExecuter.execute(ExecuteActionsTaskExecuter.java:121)
	at org.gradle.api.internal.tasks.execution.ProblemsTaskPathTrackingTaskExecuter.execute(ProblemsTaskPathTrackingTaskExecuter.java:41)
	at org.gradle.api.internal.tasks.execution.ResolveTaskExecutionModeExecuter.execute(ResolveTaskExecutionModeExecuter.java:51)
	at org.gradle.api.internal.tasks.execution.FinalizePropertiesTaskExecuter.execute(FinalizePropertiesTaskExecuter.java:46)
	at org.gradle.api.internal.tasks.execution.SkipTaskWithNoActionsExecuter.execute(SkipTaskWithNoActionsExecuter.java:57)
	at org.gradle.api.internal.tasks.execution.SkipOnlyIfTaskExecuter.execute(SkipOnlyIfTaskExecuter.java:74)
	at org.gradle.api.internal.tasks.execution.CatchExceptionTaskExecuter.execute(CatchExceptionTaskExecuter.java:36)
	at org.gradle.api.internal.tasks.execution.EventFiringTaskExecuter$1.executeTask(EventFiringTaskExecuter.java:77)
	at org.gradle.api.internal.tasks.execution.EventFiringTaskExecuter$1.call(EventFiringTaskExecuter.java:55)
	at org.gradle.api.internal.tasks.execution.EventFiringTaskExecuter$1.call(EventFiringTaskExecuter.java:52)
	at org.gradle.internal.operations.DefaultBuildOperationRunner$CallableBuildOperationWorker.execute(DefaultBuildOperationRunner.java:210)
	at org.gradle.internal.operations.DefaultBuildOperationRunner$CallableBuildOperationWorker.execute(DefaultBuildOperationRunner.java:205)
	at org.gradle.internal.operations.DefaultBuildOperationRunner$2.execute(DefaultBuildOperationRunner.java:67)
	at org.gradle.internal.operations.DefaultBuildOperationRunner$2.execute(DefaultBuildOperationRunner.java:60)
	at org.gradle.internal.operations.DefaultBuildOperationRunner.execute(DefaultBuildOperationRunner.java:167)
	at org.gradle.internal.operations.DefaultBuildOperationRunner.execute(DefaultBuildOperationRunner.java:60)
	at org.gradle.internal.operations.DefaultBuildOperationRunner.call(DefaultBuildOperationRunner.java:54)
	at org.gradle.api.internal.tasks.execution.EventFiringTaskExecuter.execute(EventFiringTaskExecuter.java:52)
	at org.gradle.execution.plan.DefaultNodeExecutor.executeLocalTaskNode(DefaultNodeExecutor.java:55)
	at org.gradle.execution.plan.DefaultNodeExecutor.execute(DefaultNodeExecutor.java:34)
	at org.gradle.execution.taskgraph.DefaultTaskExecutionGraph$InvokeNodeExecutorsAction.execute(DefaultTaskExecutionGraph.java:355)
	at org.gradle.execution.taskgraph.DefaultTaskExecutionGraph$InvokeNodeExecutorsAction.execute(DefaultTaskExecutionGraph.java:343)
	at org.gradle.execution.taskgraph.DefaultTaskExecutionGraph$BuildOperationAwareExecutionAction.lambda$execute$0(DefaultTaskExecutionGraph.java:339)
	at org.gradle.internal.operations.CurrentBuildOperationRef.with(CurrentBuildOperationRef.java:84)
	at org.gradle.execution.taskgraph.DefaultTaskExecutionGraph$BuildOperationAwareExecutionAction.execute(DefaultTaskExecutionGraph.java:339)
	at org.gradle.execution.taskgraph.DefaultTaskExecutionGraph$BuildOperationAwareExecutionAction.execute(DefaultTaskExecutionGraph.java:328)
	at org.gradle.execution.plan.DefaultPlanExecutor$ExecutorWorker.execute(DefaultPlanExecutor.java:459)
	at org.gradle.execution.plan.DefaultPlanExecutor$ExecutorWorker.run(DefaultPlanExecutor.java:376)
	at org.gradle.internal.concurrent.ExecutorPolicy$CatchAndRecordFailures.onExecute(ExecutorPolicy.java:64)
	at org.gradle.internal.concurrent.AbstractManagedExecutor$1.run(AbstractManagedExecutor.java:47)
	at java.base/java.util.concurrent.ThreadPoolExecutor.runWorker(ThreadPoolExecutor.java:1144)
	at java.base/java.util.concurrent.ThreadPoolExecutor$Worker.run(ThreadPoolExecutor.java:642)
	at java.base/java.lang.Thread.run(Thread.java:1583)

WARNING: D8: An error occurred when parsing kotlin metadata. This normally happens when using a newer version of kotlin than the kotlin version released when this version of R8 was created. To find compatible kotlin versions, please see: https://developer.android.com/studio/build/kotlin-d8-r8-versions
WARNING: D8: Unexpected error during rewriting of Kotlin metadata for class 'com.netshort.plugin.NetShortProviderKt':
com.android.tools.r8.internal.Os0: Should never be called
	at com.android.tools.r8.kotlin.a0.a(R8_8.7.18_f8bee6d6fb926b7ebb3b15bf98f726f9d57471456ea20fce6d17d9a020197688:2)
	at com.android.tools.r8.kotlin.Z.a(R8_8.7.18_f8bee6d6fb926b7ebb3b15bf98f726f9d57471456ea20fce6d17d9a020197688:185)
	at com.android.tools.r8.kotlin.Z.a(R8_8.7.18_f8bee6d6fb926b7ebb3b15bf98f726f9d57471456ea20fce6d17d9a020197688:184)
	at com.android.tools.r8.internal.ep0.a(R8_8.7.18_f8bee6d6fb926b7ebb3b15bf98f726f9d57471456ea20fce6d17d9a020197688:23)
	at com.android.tools.r8.internal.ep0.a(R8_8.7.18_f8bee6d6fb926b7ebb3b15bf98f726f9d57471456ea20fce6d17d9a020197688:34)
	at com.android.tools.r8.internal.ep0.a(R8_8.7.18_f8bee6d6fb926b7ebb3b15bf98f726f9d57471456ea20fce6d17d9a020197688:17)
	at com.google.common.util.concurrent.TrustedListenableFutureTask$TrustedFutureInterruptibleTask.runInterruptibly(TrustedListenableFutureTask.java:131)
	at com.google.common.util.concurrent.InterruptibleTask.run(InterruptibleTask.java:75)
	at com.google.common.util.concurrent.TrustedListenableFutureTask.run(TrustedListenableFutureTask.java:82)
	at com.google.common.util.concurrent.MoreExecutors$DirectExecutorService.execute(MoreExecutors.java:327)
	at java.base/java.util.concurrent.AbstractExecutorService.submit(AbstractExecutorService.java:145)
	at com.google.common.util.concurrent.AbstractListeningExecutorService.submit(AbstractListeningExecutorService.java:79)
	at com.google.common.util.concurrent.AbstractListeningExecutorService.submit(AbstractListeningExecutorService.java:37)
	at com.android.tools.r8.internal.fp0.submit(R8_8.7.18_f8bee6d6fb926b7ebb3b15bf98f726f9d57471456ea20fce6d17d9a020197688:1)
	at com.android.tools.r8.internal.Ro0.a(R8_8.7.18_f8bee6d6fb926b7ebb3b15bf98f726f9d57471456ea20fce6d17d9a020197688:1)
	at com.android.tools.r8.internal.ep0.a(R8_8.7.18_f8bee6d6fb926b7ebb3b15bf98f726f9d57471456ea20fce6d17d9a020197688:19)
	at com.android.tools.r8.internal.Yw.a(R8_8.7.18_f8bee6d6fb926b7ebb3b15bf98f726f9d57471456ea20fce6d17d9a020197688:3)
	at java.base/java.util.ArrayList.forEach(ArrayList.java:1596)
	at com.android.tools.r8.internal.Yw.a(R8_8.7.18_f8bee6d6fb926b7ebb3b15bf98f726f9d57471456ea20fce6d17d9a020197688:2)
	at com.android.tools.r8.internal.ep0.a(R8_8.7.18_f8bee6d6fb926b7ebb3b15bf98f726f9d57471456ea20fce6d17d9a020197688:10)
	at com.android.tools.r8.internal.ep0.a(R8_8.7.18_f8bee6d6fb926b7ebb3b15bf98f726f9d57471456ea20fce6d17d9a020197688:33)
	at com.android.tools.r8.internal.ep0.a(R8_8.7.18_f8bee6d6fb926b7ebb3b15bf98f726f9d57471456ea20fce6d17d9a020197688:25)
	at com.android.tools.r8.internal.ep0.a(R8_8.7.18_f8bee6d6fb926b7ebb3b15bf98f726f9d57471456ea20fce6d17d9a020197688:22)
	at com.android.tools.r8.K.a(R8_8.7.18_f8bee6d6fb926b7ebb3b15bf98f726f9d57471456ea20fce6d17d9a020197688:3)
	at com.android.tools.r8.kotlin.Z.a(R8_8.7.18_f8bee6d6fb926b7ebb3b15bf98f726f9d57471456ea20fce6d17d9a020197688:9)
	at com.android.tools.r8.D8.b(R8_8.7.18_f8bee6d6fb926b7ebb3b15bf98f726f9d57471456ea20fce6d17d9a020197688:17)
	at com.android.tools.r8.internal.Gp0.a(R8_8.7.18_f8bee6d6fb926b7ebb3b15bf98f726f9d57471456ea20fce6d17d9a020197688:57)
	at com.android.tools.r8.D8.a(R8_8.7.18_f8bee6d6fb926b7ebb3b15bf98f726f9d57471456ea20fce6d17d9a020197688:88)
	at com.android.tools.r8.D8.d(R8_8.7.18_f8bee6d6fb926b7ebb3b15bf98f726f9d57471456ea20fce6d17d9a020197688:137)
	at com.android.tools.r8.D8.b(R8_8.7.18_f8bee6d6fb926b7ebb3b15bf98f726f9d57471456ea20fce6d17d9a020197688:1)
	at com.android.tools.r8.internal.yu.a(R8_8.7.18_f8bee6d6fb926b7ebb3b15bf98f726f9d57471456ea20fce6d17d9a020197688:28)
	at com.android.tools.r8.internal.yu.b(R8_8.7.18_f8bee6d6fb926b7ebb3b15bf98f726f9d57471456ea20fce6d17d9a020197688:2)
	at com.android.tools.r8.D8.run(R8_8.7.18_f8bee6d6fb926b7ebb3b15bf98f726f9d57471456ea20fce6d17d9a020197688:11)
	at com.android.builder.dexing.D8DexArchiveBuilder.convert(D8DexArchiveBuilder.java:127)
	at com.android.builder.dexing.DexArchiveBuilder.convert$default(DexArchiveBuilder.kt:44)
	at com.lagradost.cloudstream3.gradle.tasks.CompileDexTask.compileDex(CompileDexTask.kt:88)
	at java.base/jdk.internal.reflect.DirectMethodHandleAccessor.invoke(DirectMethodHandleAccessor.java:103)
	at java.base/java.lang.reflect.Method.invoke(Method.java:580)
	at org.gradle.internal.reflect.JavaMethod.invoke(JavaMethod.java:125)
	at org.gradle.api.internal.project.taskfactory.StandardTaskAction.doExecute(StandardTaskAction.java:58)
	at org.gradle.api.internal.project.taskfactory.StandardTaskAction.execute(StandardTaskAction.java:51)
	at org.gradle.api.internal.project.taskfactory.StandardTaskAction.execute(StandardTaskAction.java:29)
	at org.gradle.api.internal.tasks.execution.TaskExecution$3.run(TaskExecution.java:259)
	at org.gradle.internal.operations.DefaultBuildOperationRunner$1.execute(DefaultBuildOperationRunner.java:30)
	at org.gradle.internal.operations.DefaultBuildOperationRunner$1.execute(DefaultBuildOperationRunner.java:27)
	at org.gradle.internal.operations.DefaultBuildOperationRunner$2.execute(DefaultBuildOperationRunner.java:67)
	at org.gradle.internal.operations.DefaultBuildOperationRunner$2.execute(DefaultBuildOperationRunner.java:60)
	at org.gradle.internal.operations.DefaultBuildOperationRunner.execute(DefaultBuildOperationRunner.java:167)
	at org.gradle.internal.operations.DefaultBuildOperationRunner.execute(DefaultBuildOperationRunner.java:60)
	at org.gradle.internal.operations.DefaultBuildOperationRunner.run(DefaultBuildOperationRunner.java:48)
	at org.gradle.api.internal.tasks.execution.TaskExecution.executeAction(TaskExecution.java:244)
	at org.gradle.api.internal.tasks.execution.TaskExecution.executeActions(TaskExecution.java:227)
	at org.gradle.api.internal.tasks.execution.TaskExecution.executeWithPreviousOutputFiles(TaskExecution.java:210)
	at org.gradle.api.internal.tasks.execution.TaskExecution.execute(TaskExecution.java:176)
	at org.gradle.internal.execution.steps.ExecuteStep.executeInternal(ExecuteStep.java:167)
	at org.gradle.internal.execution.steps.ExecuteStep.access$000(ExecuteStep.java:47)
	at org.gradle.internal.execution.steps.ExecuteStep$1.call(ExecuteStep.java:137)
	at org.gradle.internal.execution.steps.ExecuteStep$1.call(ExecuteStep.java:134)
	at org.gradle.internal.operations.DefaultBuildOperationRunner$CallableBuildOperationWorker.execute(DefaultBuildOperationRunner.java:210)
	at org.gradle.internal.operations.DefaultBuildOperationRunner$CallableBuildOperationWorker.execute(DefaultBuildOperationRunner.java:205)
	at org.gradle.internal.operations.DefaultBuildOperationRunner$2.execute(DefaultBuildOperationRunner.java:67)
	at org.gradle.internal.operations.DefaultBuildOperationRunner$2.execute(DefaultBuildOperationRunner.java:60)
	at org.gradle.internal.operations.DefaultBuildOperationRunner.execute(DefaultBuildOperationRunner.java:167)
	at org.gradle.internal.operations.DefaultBuildOperationRunner.execute(DefaultBuildOperationRunner.java:60)
	at org.gradle.internal.operations.DefaultBuildOperationRunner.call(DefaultBuildOperationRunner.java:54)
	at org.gradle.internal.execution.steps.ExecuteStep.execute(ExecuteStep.java:134)
	at org.gradle.internal.execution.steps.ExecuteStep$Mutable.execute(ExecuteStep.java:80)
	at org.gradle.internal.execution.steps.CancelExecutionStep.execute(CancelExecutionStep.java:42)
	at org.gradle.internal.execution.steps.TimeoutStep.executeWithoutTimeout(TimeoutStep.java:75)
	at org.gradle.internal.execution.steps.TimeoutStep.execute(TimeoutStep.java:55)
	at org.gradle.internal.execution.steps.PreCreateOutputParentsStep.execute(PreCreateOutputParentsStep.java:51)
	at org.gradle.internal.execution.steps.PreCreateOutputParentsStep.execute(PreCreateOutputParentsStep.java:29)
	at org.gradle.internal.execution.steps.RemovePreviousOutputsStep.executeMutable(RemovePreviousOutputsStep.java:67)
	at org.gradle.internal.execution.steps.RemovePreviousOutputsStep.executeMutable(RemovePreviousOutputsStep.java:39)
	at org.gradle.internal.execution.steps.MutableStep.execute(MutableStep.java:26)
	at org.gradle.internal.execution.steps.BroadcastChangingOutputsStep.execute(BroadcastChangingOutputsStep.java:42)
	at org.gradle.internal.execution.steps.BroadcastChangingOutputsStep.execute(BroadcastChangingOutputsStep.java:24)
	at org.gradle.internal.execution.steps.CaptureOutputsAfterExecutionStep.execute(CaptureOutputsAfterExecutionStep.java:69)
	at org.gradle.internal.execution.steps.CaptureOutputsAfterExecutionStep.execute(CaptureOutputsAfterExecutionStep.java:46)
	at org.gradle.internal.execution.steps.ResolveInputChangesStep.executeMutable(ResolveInputChangesStep.java:39)
	at org.gradle.internal.execution.steps.ResolveInputChangesStep.executeMutable(ResolveInputChangesStep.java:28)
	at org.gradle.internal.execution.steps.MutableStep.execute(MutableStep.java:26)
	at org.gradle.internal.execution.steps.BuildCacheStep.executeWithoutCache(BuildCacheStep.java:189)
	at org.gradle.internal.execution.steps.BuildCacheStep.lambda$execute$1(BuildCacheStep.java:76)
	at org.gradle.internal.Either$Right.fold(Either.java:176)
	at org.gradle.internal.execution.caching.CachingState.fold(CachingState.java:62)
	at org.gradle.internal.execution.steps.BuildCacheStep.execute(BuildCacheStep.java:74)
	at org.gradle.internal.execution.steps.BuildCacheStep.execute(BuildCacheStep.java:49)
	at org.gradle.internal.execution.steps.StoreExecutionStateStep.executeMutable(StoreExecutionStateStep.java:46)
	at org.gradle.internal.execution.steps.StoreExecutionStateStep.executeMutable(StoreExecutionStateStep.java:35)
	at org.gradle.internal.execution.steps.MutableStep.execute(MutableStep.java:26)
	at org.gradle.internal.execution.steps.SkipUpToDateStep.executeBecause(SkipUpToDateStep.java:75)
	at org.gradle.internal.execution.steps.SkipUpToDateStep.lambda$execute$2(SkipUpToDateStep.java:53)
	at java.base/java.util.Optional.orElseGet(Optional.java:364)
	at org.gradle.internal.execution.steps.SkipUpToDateStep.execute(SkipUpToDateStep.java:53)
	at org.gradle.internal.execution.steps.SkipUpToDateStep.execute(SkipUpToDateStep.java:35)
	at org.gradle.internal.execution.steps.legacy.MarkSnapshottingInputsFinishedStep.execute(MarkSnapshottingInputsFinishedStep.java:37)
	at org.gradle.internal.execution.steps.legacy.MarkSnapshottingInputsFinishedStep.execute(MarkSnapshottingInputsFinishedStep.java:27)
	at org.gradle.internal.execution.steps.ResolveMutableCachingStateStep.executeDelegate(ResolveMutableCachingStateStep.java:70)
	at org.gradle.internal.execution.steps.ResolveMutableCachingStateStep.executeDelegate(ResolveMutableCachingStateStep.java:32)
	at org.gradle.internal.execution.steps.AbstractResolveCachingStateStep.execute(AbstractResolveCachingStateStep.java:69)
	at org.gradle.internal.execution.steps.AbstractResolveCachingStateStep.execute(AbstractResolveCachingStateStep.java:37)
	at org.gradle.internal.execution.steps.ResolveChangesStep.executeMutable(ResolveChangesStep.java:63)
	at org.gradle.internal.execution.steps.ResolveChangesStep.executeMutable(ResolveChangesStep.java:34)
	at org.gradle.internal.execution.steps.MutableStep.execute(MutableStep.java:26)
	at org.gradle.internal.execution.steps.ValidateStep$Mutable.executeDelegate(ValidateStep.java:79)
	at org.gradle.internal.execution.steps.ValidateStep$Mutable.executeDelegate(ValidateStep.java:65)
	at org.gradle.internal.execution.steps.ValidateStep.execute(ValidateStep.java:105)
	at org.gradle.internal.execution.steps.ValidateStep$Mutable.execute(ValidateStep.java:65)
	at org.gradle.internal.execution.steps.CaptureMutableStateBeforeExecutionStep.executeMutable(CaptureMutableStateBeforeExecutionStep.java:86)
	at org.gradle.internal.execution.steps.CaptureMutableStateBeforeExecutionStep.execute(CaptureMutableStateBeforeExecutionStep.java:65)
	at org.gradle.internal.execution.steps.CaptureMutableStateBeforeExecutionStep.execute(CaptureMutableStateBeforeExecutionStep.java:45)
	at org.gradle.internal.execution.steps.SkipEmptyMutableWorkStep.executeWithNonEmptySources(SkipEmptyMutableWorkStep.java:210)
	at org.gradle.internal.execution.steps.SkipEmptyMutableWorkStep.executeMutable(SkipEmptyMutableWorkStep.java:90)
	at org.gradle.internal.execution.steps.SkipEmptyMutableWorkStep.executeMutable(SkipEmptyMutableWorkStep.java:53)
	at org.gradle.internal.execution.steps.MutableStep.execute(MutableStep.java:26)
	at org.gradle.internal.execution.steps.legacy.MarkSnapshottingInputsStartedStep.execute(MarkSnapshottingInputsStartedStep.java:38)
	at org.gradle.internal.execution.steps.LoadPreviousExecutionStateStep.executeMutable(LoadPreviousExecutionStateStep.java:36)
	at org.gradle.internal.execution.steps.LoadPreviousExecutionStateStep.executeMutable(LoadPreviousExecutionStateStep.java:23)
	at org.gradle.internal.execution.steps.MutableStep.execute(MutableStep.java:26)
	at org.gradle.internal.execution.steps.HandleStaleOutputsStep.executeMutable(HandleStaleOutputsStep.java:77)
	at org.gradle.internal.execution.steps.HandleStaleOutputsStep.executeMutable(HandleStaleOutputsStep.java:43)
	at org.gradle.internal.execution.steps.MutableStep.execute(MutableStep.java:26)
	at org.gradle.internal.execution.steps.AssignMutableWorkspaceStep.lambda$executeMutable$0(AssignMutableWorkspaceStep.java:34)
	at org.gradle.api.internal.tasks.execution.TaskExecution$4.withWorkspace(TaskExecution.java:305)
	at org.gradle.internal.execution.steps.AssignMutableWorkspaceStep.executeMutable(AssignMutableWorkspaceStep.java:30)
	at org.gradle.internal.execution.steps.AssignMutableWorkspaceStep.executeMutable(AssignMutableWorkspaceStep.java:21)
	at org.gradle.internal.execution.steps.MutableStep.execute(MutableStep.java:26)
	at org.gradle.internal.execution.steps.ChoosePipelineStep.execute(ChoosePipelineStep.java:40)
	at org.gradle.internal.execution.steps.ChoosePipelineStep.execute(ChoosePipelineStep.java:23)
	at org.gradle.internal.execution.steps.ExecuteWorkBuildOperationFiringStep.lambda$execute$2(ExecuteWorkBuildOperationFiringStep.java:67)
	at java.base/java.util.Optional.orElseGet(Optional.java:364)
	at org.gradle.internal.execution.steps.ExecuteWorkBuildOperationFiringStep.execute(ExecuteWorkBuildOperationFiringStep.java:67)
	at org.gradle.internal.execution.steps.ExecuteWorkBuildOperationFiringStep.execute(ExecuteWorkBuildOperationFiringStep.java:39)
	at org.gradle.internal.execution.steps.IdentityCacheStep.execute(IdentityCacheStep.java:46)
	at org.gradle.internal.execution.steps.IdentityCacheStep.execute(IdentityCacheStep.java:34)
	at org.gradle.internal.execution.steps.IdentifyStep.execute(IdentifyStep.java:56)
	at org.gradle.internal.execution.steps.IdentifyStep.execute(IdentifyStep.java:38)
	at org.gradle.internal.execution.impl.DefaultExecutionEngine$1.execute(DefaultExecutionEngine.java:68)
	at org.gradle.api.internal.tasks.execution.ExecuteActionsTaskExecuter.executeIfValid(ExecuteActionsTaskExecuter.java:132)
	at org.gradle.api.internal.tasks.execution.ExecuteActionsTaskExecuter.execute(ExecuteActionsTaskExecuter.java:121)
	at org.gradle.api.internal.tasks.execution.ProblemsTaskPathTrackingTaskExecuter.execute(ProblemsTaskPathTrackingTaskExecuter.java:41)
	at org.gradle.api.internal.tasks.execution.ResolveTaskExecutionModeExecuter.execute(ResolveTaskExecutionModeExecuter.java:51)
	at org.gradle.api.internal.tasks.execution.FinalizePropertiesTaskExecuter.execute(FinalizePropertiesTaskExecuter.java:46)
	at org.gradle.api.internal.tasks.execution.SkipTaskWithNoActionsExecuter.execute(SkipTaskWithNoActionsExecuter.java:57)
	at org.gradle.api.internal.tasks.execution.SkipOnlyIfTaskExecuter.execute(SkipOnlyIfTaskExecuter.java:74)
	at org.gradle.api.internal.tasks.execution.CatchExceptionTaskExecuter.execute(CatchExceptionTaskExecuter.java:36)
	at org.gradle.api.internal.tasks.execution.EventFiringTaskExecuter$1.executeTask(EventFiringTaskExecuter.java:77)
	at org.gradle.api.internal.tasks.execution.EventFiringTaskExecuter$1.call(EventFiringTaskExecuter.java:55)
	at org.gradle.api.internal.tasks.execution.EventFiringTaskExecuter$1.call(EventFiringTaskExecuter.java:52)
	at org.gradle.internal.operations.DefaultBuildOperationRunner$CallableBuildOperationWorker.execute(DefaultBuildOperationRunner.java:210)
	at org.gradle.internal.operations.DefaultBuildOperationRunner$CallableBuildOperationWorker.execute(DefaultBuildOperationRunner.java:205)
	at org.gradle.internal.operations.DefaultBuildOperationRunner$2.execute(DefaultBuildOperationRunner.java:67)
	at org.gradle.internal.operations.DefaultBuildOperationRunner$2.execute(DefaultBuildOperationRunner.java:60)
	at org.gradle.internal.operations.DefaultBuildOperationRunner.execute(DefaultBuildOperationRunner.java:167)
	at org.gradle.internal.operations.DefaultBuildOperationRunner.execute(DefaultBuildOperationRunner.java:60)
	at org.gradle.internal.operations.DefaultBuildOperationRunner.call(DefaultBuildOperationRunner.java:54)
	at org.gradle.api.internal.tasks.execution.EventFiringTaskExecuter.execute(EventFiringTaskExecuter.java:52)
	at org.gradle.execution.plan.DefaultNodeExecutor.executeLocalTaskNode(DefaultNodeExecutor.java:55)
	at org.gradle.execution.plan.DefaultNodeExecutor.execute(DefaultNodeExecutor.java:34)
	at org.gradle.execution.taskgraph.DefaultTaskExecutionGraph$InvokeNodeExecutorsAction.execute(DefaultTaskExecutionGraph.java:355)
	at org.gradle.execution.taskgraph.DefaultTaskExecutionGraph$InvokeNodeExecutorsAction.execute(DefaultTaskExecutionGraph.java:343)
	at org.gradle.execution.taskgraph.DefaultTaskExecutionGraph$BuildOperationAwareExecutionAction.lambda$execute$0(DefaultTaskExecutionGraph.java:339)
	at org.gradle.internal.operations.CurrentBuildOperationRef.with(CurrentBuildOperationRef.java:84)
	at org.gradle.execution.taskgraph.DefaultTaskExecutionGraph$BuildOperationAwareExecutionAction.execute(DefaultTaskExecutionGraph.java:339)
	at org.gradle.execution.taskgraph.DefaultTaskExecutionGraph$BuildOperationAwareExecutionAction.execute(DefaultTaskExecutionGraph.java:328)
	at org.gradle.execution.plan.DefaultPlanExecutor$ExecutorWorker.execute(DefaultPlanExecutor.java:459)
	at org.gradle.execution.plan.DefaultPlanExecutor$ExecutorWorker.run(DefaultPlanExecutor.java:376)
	at org.gradle.internal.concurrent.ExecutorPolicy$CatchAndRecordFailures.onExecute(ExecutorPolicy.java:64)
	at org.gradle.internal.concurrent.AbstractManagedExecutor$1.run(AbstractManagedExecutor.java:47)
	at java.base/java.util.concurrent.ThreadPoolExecutor.runWorker(ThreadPoolExecutor.java:1144)
	at java.base/java.util.concurrent.ThreadPoolExecutor$Worker.run(ThreadPoolExecutor.java:642)
	at java.base/java.lang.Thread.run(Thread.java:1583)

WARNING: D8: An error occurred when parsing kotlin metadata. This normally happens when using a newer version of kotlin than the kotlin version released when this version of R8 was created. To find compatible kotlin versions, please see: https://developer.android.com/studio/build/kotlin-d8-r8-versions
WARNING: D8: Unexpected error during rewriting of Kotlin metadata for class 'com.netshort.plugin.SubtitleItem':
com.android.tools.r8.internal.Os0: Should never be called
	at com.android.tools.r8.kotlin.a0.a(R8_8.7.18_f8bee6d6fb926b7ebb3b15bf98f726f9d57471456ea20fce6d17d9a020197688:2)
	at com.android.tools.r8.kotlin.Z.a(R8_8.7.18_f8bee6d6fb926b7ebb3b15bf98f726f9d57471456ea20fce6d17d9a020197688:185)
	at com.android.tools.r8.kotlin.Z.a(R8_8.7.18_f8bee6d6fb926b7ebb3b15bf98f726f9d57471456ea20fce6d17d9a020197688:184)
	at com.android.tools.r8.internal.ep0.a(R8_8.7.18_f8bee6d6fb926b7ebb3b15bf98f726f9d57471456ea20fce6d17d9a020197688:23)
	at com.android.tools.r8.internal.ep0.a(R8_8.7.18_f8bee6d6fb926b7ebb3b15bf98f726f9d57471456ea20fce6d17d9a020197688:34)
	at com.android.tools.r8.internal.ep0.a(R8_8.7.18_f8bee6d6fb926b7ebb3b15bf98f726f9d57471456ea20fce6d17d9a020197688:17)
	at com.google.common.util.concurrent.TrustedListenableFutureTask$TrustedFutureInterruptibleTask.runInterruptibly(TrustedListenableFutureTask.java:131)
	at com.google.common.util.concurrent.InterruptibleTask.run(InterruptibleTask.java:75)
	at com.google.common.util.concurrent.TrustedListenableFutureTask.run(TrustedListenableFutureTask.java:82)
	at com.google.common.util.concurrent.MoreExecutors$DirectExecutorService.execute(MoreExecutors.java:327)
	at java.base/java.util.concurrent.AbstractExecutorService.submit(AbstractExecutorService.java:145)
	at com.google.common.util.concurrent.AbstractListeningExecutorService.submit(AbstractListeningExecutorService.java:79)
	at com.google.common.util.concurrent.AbstractListeningExecutorService.submit(AbstractListeningExecutorService.java:37)
	at com.android.tools.r8.internal.fp0.submit(R8_8.7.18_f8bee6d6fb926b7ebb3b15bf98f726f9d57471456ea20fce6d17d9a020197688:1)
	at com.android.tools.r8.internal.Ro0.a(R8_8.7.18_f8bee6d6fb926b7ebb3b15bf98f726f9d57471456ea20fce6d17d9a020197688:1)
	at com.android.tools.r8.internal.ep0.a(R8_8.7.18_f8bee6d6fb926b7ebb3b15bf98f726f9d57471456ea20fce6d17d9a020197688:19)
	at com.android.tools.r8.internal.Yw.a(R8_8.7.18_f8bee6d6fb926b7ebb3b15bf98f726f9d57471456ea20fce6d17d9a020197688:3)
	at java.base/java.util.ArrayList.forEach(ArrayList.java:1596)
	at com.android.tools.r8.internal.Yw.a(R8_8.7.18_f8bee6d6fb926b7ebb3b15bf98f726f9d57471456ea20fce6d17d9a020197688:2)
	at com.android.tools.r8.internal.ep0.a(R8_8.7.18_f8bee6d6fb926b7ebb3b15bf98f726f9d57471456ea20fce6d17d9a020197688:10)
	at com.android.tools.r8.internal.ep0.a(R8_8.7.18_f8bee6d6fb926b7ebb3b15bf98f726f9d57471456ea20fce6d17d9a020197688:33)
	at com.android.tools.r8.internal.ep0.a(R8_8.7.18_f8bee6d6fb926b7ebb3b15bf98f726f9d57471456ea20fce6d17d9a020197688:25)
	at com.android.tools.r8.internal.ep0.a(R8_8.7.18_f8bee6d6fb926b7ebb3b15bf98f726f9d57471456ea20fce6d17d9a020197688:22)
	at com.android.tools.r8.K.a(R8_8.7.18_f8bee6d6fb926b7ebb3b15bf98f726f9d57471456ea20fce6d17d9a020197688:3)
	at com.android.tools.r8.kotlin.Z.a(R8_8.7.18_f8bee6d6fb926b7ebb3b15bf98f726f9d57471456ea20fce6d17d9a020197688:9)
	at com.android.tools.r8.D8.b(R8_8.7.18_f8bee6d6fb926b7ebb3b15bf98f726f9d57471456ea20fce6d17d9a020197688:17)
	at com.android.tools.r8.internal.Gp0.a(R8_8.7.18_f8bee6d6fb926b7ebb3b15bf98f726f9d57471456ea20fce6d17d9a020197688:57)
	at com.android.tools.r8.D8.a(R8_8.7.18_f8bee6d6fb926b7ebb3b15bf98f726f9d57471456ea20fce6d17d9a020197688:88)
	at com.android.tools.r8.D8.d(R8_8.7.18_f8bee6d6fb926b7ebb3b15bf98f726f9d57471456ea20fce6d17d9a020197688:137)
	at com.android.tools.r8.D8.b(R8_8.7.18_f8bee6d6fb926b7ebb3b15bf98f726f9d57471456ea20fce6d17d9a020197688:1)
	at com.android.tools.r8.internal.yu.a(R8_8.7.18_f8bee6d6fb926b7ebb3b15bf98f726f9d57471456ea20fce6d17d9a020197688:28)
	at com.android.tools.r8.internal.yu.b(R8_8.7.18_f8bee6d6fb926b7ebb3b15bf98f726f9d57471456ea20fce6d17d9a020197688:2)
	at com.android.tools.r8.D8.run(R8_8.7.18_f8bee6d6fb926b7ebb3b15bf98f726f9d57471456ea20fce6d17d9a020197688:11)
	at com.android.builder.dexing.D8DexArchiveBuilder.convert(D8DexArchiveBuilder.java:127)
	at com.android.builder.dexing.DexArchiveBuilder.convert$default(DexArchiveBuilder.kt:44)
	at com.lagradost.cloudstream3.gradle.tasks.CompileDexTask.compileDex(CompileDexTask.kt:88)
	at java.base/jdk.internal.reflect.DirectMethodHandleAccessor.invoke(DirectMethodHandleAccessor.java:103)
	at java.base/java.lang.reflect.Method.invoke(Method.java:580)
	at org.gradle.internal.reflect.JavaMethod.invoke(JavaMethod.java:125)
	at org.gradle.api.internal.project.taskfactory.StandardTaskAction.doExecute(StandardTaskAction.java:58)
	at org.gradle.api.internal.project.taskfactory.StandardTaskAction.execute(StandardTaskAction.java:51)
	at org.gradle.api.internal.project.taskfactory.StandardTaskAction.execute(StandardTaskAction.java:29)
	at org.gradle.api.internal.tasks.execution.TaskExecution$3.run(TaskExecution.java:259)
	at org.gradle.internal.operations.DefaultBuildOperationRunner$1.execute(DefaultBuildOperationRunner.java:30)
	at org.gradle.internal.operations.DefaultBuildOperationRunner$1.execute(DefaultBuildOperationRunner.java:27)
	at org.gradle.internal.operations.DefaultBuildOperationRunner$2.execute(DefaultBuildOperationRunner.java:67)
	at org.gradle.internal.operations.DefaultBuildOperationRunner$2.execute(DefaultBuildOperationRunner.java:60)
	at org.gradle.internal.operations.DefaultBuildOperationRunner.execute(DefaultBuildOperationRunner.java:167)
	at org.gradle.internal.operations.DefaultBuildOperationRunner.execute(DefaultBuildOperationRunner.java:60)
	at org.gradle.internal.operations.DefaultBuildOperationRunner.run(DefaultBuildOperationRunner.java:48)
	at org.gradle.api.internal.tasks.execution.TaskExecution.executeAction(TaskExecution.java:244)
	at org.gradle.api.internal.tasks.execution.TaskExecution.executeActions(TaskExecution.java:227)
	at org.gradle.api.internal.tasks.execution.TaskExecution.executeWithPreviousOutputFiles(TaskExecution.java:210)
	at org.gradle.api.internal.tasks.execution.TaskExecution.execute(TaskExecution.java:176)
	at org.gradle.internal.execution.steps.ExecuteStep.executeInternal(ExecuteStep.java:167)
	at org.gradle.internal.execution.steps.ExecuteStep.access$000(ExecuteStep.java:47)
	at org.gradle.internal.execution.steps.ExecuteStep$1.call(ExecuteStep.java:137)
	at org.gradle.internal.execution.steps.ExecuteStep$1.call(ExecuteStep.java:134)
	at org.gradle.internal.operations.DefaultBuildOperationRunner$CallableBuildOperationWorker.execute(DefaultBuildOperationRunner.java:210)
	at org.gradle.internal.operations.DefaultBuildOperationRunner$CallableBuildOperationWorker.execute(DefaultBuildOperationRunner.java:205)
	at org.gradle.internal.operations.DefaultBuildOperationRunner$2.execute(DefaultBuildOperationRunner.java:67)
	at org.gradle.internal.operations.DefaultBuildOperationRunner$2.execute(DefaultBuildOperationRunner.java:60)
	at org.gradle.internal.operations.DefaultBuildOperationRunner.execute(DefaultBuildOperationRunner.java:167)
	at org.gradle.internal.operations.DefaultBuildOperationRunner.execute(DefaultBuildOperationRunner.java:60)
	at org.gradle.internal.operations.DefaultBuildOperationRunner.call(DefaultBuildOperationRunner.java:54)
	at org.gradle.internal.execution.steps.ExecuteStep.execute(ExecuteStep.java:134)
	at org.gradle.internal.execution.steps.ExecuteStep$Mutable.execute(ExecuteStep.java:80)
	at org.gradle.internal.execution.steps.CancelExecutionStep.execute(CancelExecutionStep.java:42)
	at org.gradle.internal.execution.steps.TimeoutStep.executeWithoutTimeout(TimeoutStep.java:75)
	at org.gradle.internal.execution.steps.TimeoutStep.execute(TimeoutStep.java:55)
	at org.gradle.internal.execution.steps.PreCreateOutputParentsStep.execute(PreCreateOutputParentsStep.java:51)
	at org.gradle.internal.execution.steps.PreCreateOutputParentsStep.execute(PreCreateOutputParentsStep.java:29)
	at org.gradle.internal.execution.steps.RemovePreviousOutputsStep.executeMutable(RemovePreviousOutputsStep.java:67)
	at org.gradle.internal.execution.steps.RemovePreviousOutputsStep.executeMutable(RemovePreviousOutputsStep.java:39)
	at org.gradle.internal.execution.steps.MutableStep.execute(MutableStep.java:26)
	at org.gradle.internal.execution.steps.BroadcastChangingOutputsStep.execute(BroadcastChangingOutputsStep.java:42)
	at org.gradle.internal.execution.steps.BroadcastChangingOutputsStep.execute(BroadcastChangingOutputsStep.java:24)
	at org.gradle.internal.execution.steps.CaptureOutputsAfterExecutionStep.execute(CaptureOutputsAfterExecutionStep.java:69)
	at org.gradle.internal.execution.steps.CaptureOutputsAfterExecutionStep.execute(CaptureOutputsAfterExecutionStep.java:46)
	at org.gradle.internal.execution.steps.ResolveInputChangesStep.executeMutable(ResolveInputChangesStep.java:39)
	at org.gradle.internal.execution.steps.ResolveInputChangesStep.executeMutable(ResolveInputChangesStep.java:28)
	at org.gradle.internal.execution.steps.MutableStep.execute(MutableStep.java:26)
	at org.gradle.internal.execution.steps.BuildCacheStep.executeWithoutCache(BuildCacheStep.java:189)
	at org.gradle.internal.execution.steps.BuildCacheStep.lambda$execute$1(BuildCacheStep.java:76)
	at org.gradle.internal.Either$Right.fold(Either.java:176)
	at org.gradle.internal.execution.caching.CachingState.fold(CachingState.java:62)
	at org.gradle.internal.execution.steps.BuildCacheStep.execute(BuildCacheStep.java:74)
	at org.gradle.internal.execution.steps.BuildCacheStep.execute(BuildCacheStep.java:49)
	at org.gradle.internal.execution.steps.StoreExecutionStateStep.executeMutable(StoreExecutionStateStep.java:46)
	at org.gradle.internal.execution.steps.StoreExecutionStateStep.executeMutable(StoreExecutionStateStep.java:35)
	at org.gradle.internal.execution.steps.MutableStep.execute(MutableStep.java:26)
	at org.gradle.internal.execution.steps.SkipUpToDateStep.executeBecause(SkipUpToDateStep.java:75)
	at org.gradle.internal.execution.steps.SkipUpToDateStep.lambda$execute$2(SkipUpToDateStep.java:53)
	at java.base/java.util.Optional.orElseGet(Optional.java:364)
	at org.gradle.internal.execution.steps.SkipUpToDateStep.execute(SkipUpToDateStep.java:53)
	at org.gradle.internal.execution.steps.SkipUpToDateStep.execute(SkipUpToDateStep.java:35)
	at org.gradle.internal.execution.steps.legacy.MarkSnapshottingInputsFinishedStep.execute(MarkSnapshottingInputsFinishedStep.java:37)
	at org.gradle.internal.execution.steps.legacy.MarkSnapshottingInputsFinishedStep.execute(MarkSnapshottingInputsFinishedStep.java:27)
	at org.gradle.internal.execution.steps.ResolveMutableCachingStateStep.executeDelegate(ResolveMutableCachingStateStep.java:70)
	at org.gradle.internal.execution.steps.ResolveMutableCachingStateStep.executeDelegate(ResolveMutableCachingStateStep.java:32)
	at org.gradle.internal.execution.steps.AbstractResolveCachingStateStep.execute(AbstractResolveCachingStateStep.java:69)
	at org.gradle.internal.execution.steps.AbstractResolveCachingStateStep.execute(AbstractResolveCachingStateStep.java:37)
	at org.gradle.internal.execution.steps.ResolveChangesStep.executeMutable(ResolveChangesStep.java:63)
	at org.gradle.internal.execution.steps.ResolveChangesStep.executeMutable(ResolveChangesStep.java:34)
	at org.gradle.internal.execution.steps.MutableStep.execute(MutableStep.java:26)
	at org.gradle.internal.execution.steps.ValidateStep$Mutable.executeDelegate(ValidateStep.java:79)
	at org.gradle.internal.execution.steps.ValidateStep$Mutable.executeDelegate(ValidateStep.java:65)
	at org.gradle.internal.execution.steps.ValidateStep.execute(ValidateStep.java:105)
	at org.gradle.internal.execution.steps.ValidateStep$Mutable.execute(ValidateStep.java:65)
	at org.gradle.internal.execution.steps.CaptureMutableStateBeforeExecutionStep.executeMutable(CaptureMutableStateBeforeExecutionStep.java:86)
	at org.gradle.internal.execution.steps.CaptureMutableStateBeforeExecutionStep.execute(CaptureMutableStateBeforeExecutionStep.java:65)
	at org.gradle.internal.execution.steps.CaptureMutableStateBeforeExecutionStep.execute(CaptureMutableStateBeforeExecutionStep.java:45)
	at org.gradle.internal.execution.steps.SkipEmptyMutableWorkStep.executeWithNonEmptySources(SkipEmptyMutableWorkStep.java:210)
	at org.gradle.internal.execution.steps.SkipEmptyMutableWorkStep.executeMutable(SkipEmptyMutableWorkStep.java:90)
	at org.gradle.internal.execution.steps.SkipEmptyMutableWorkStep.executeMutable(SkipEmptyMutableWorkStep.java:53)
	at org.gradle.internal.execution.steps.MutableStep.execute(MutableStep.java:26)
	at org.gradle.internal.execution.steps.legacy.MarkSnapshottingInputsStartedStep.execute(MarkSnapshottingInputsStartedStep.java:38)
	at org.gradle.internal.execution.steps.LoadPreviousExecutionStateStep.executeMutable(LoadPreviousExecutionStateStep.java:36)
	at org.gradle.internal.execution.steps.LoadPreviousExecutionStateStep.executeMutable(LoadPreviousExecutionStateStep.java:23)
	at org.gradle.internal.execution.steps.MutableStep.execute(MutableStep.java:26)
	at org.gradle.internal.execution.steps.HandleStaleOutputsStep.executeMutable(HandleStaleOutputsStep.java:77)
	at org.gradle.internal.execution.steps.HandleStaleOutputsStep.executeMutable(HandleStaleOutputsStep.java:43)
	at org.gradle.internal.execution.steps.MutableStep.execute(MutableStep.java:26)
	at org.gradle.internal.execution.steps.AssignMutableWorkspaceStep.lambda$executeMutable$0(AssignMutableWorkspaceStep.java:34)
	at org.gradle.api.internal.tasks.execution.TaskExecution$4.withWorkspace(TaskExecution.java:305)
	at org.gradle.internal.execution.steps.AssignMutableWorkspaceStep.executeMutable(AssignMutableWorkspaceStep.java:30)
	at org.gradle.internal.execution.steps.AssignMutableWorkspaceStep.executeMutable(AssignMutableWorkspaceStep.java:21)
	at org.gradle.internal.execution.steps.MutableStep.execute(MutableStep.java:26)
	at org.gradle.internal.execution.steps.ChoosePipelineStep.execute(ChoosePipelineStep.java:40)
	at org.gradle.internal.execution.steps.ChoosePipelineStep.execute(ChoosePipelineStep.java:23)
	at org.gradle.internal.execution.steps.ExecuteWorkBuildOperationFiringStep.lambda$execute$2(ExecuteWorkBuildOperationFiringStep.java:67)
	at java.base/java.util.Optional.orElseGet(Optional.java:364)
	at org.gradle.internal.execution.steps.ExecuteWorkBuildOperationFiringStep.execute(ExecuteWorkBuildOperationFiringStep.java:67)
	at org.gradle.internal.execution.steps.ExecuteWorkBuildOperationFiringStep.execute(ExecuteWorkBuildOperationFiringStep.java:39)
	at org.gradle.internal.execution.steps.IdentityCacheStep.execute(IdentityCacheStep.java:46)
	at org.gradle.internal.execution.steps.IdentityCacheStep.execute(IdentityCacheStep.java:34)
	at org.gradle.internal.execution.steps.IdentifyStep.execute(IdentifyStep.java:56)
	at org.gradle.internal.execution.steps.IdentifyStep.execute(IdentifyStep.java:38)
	at org.gradle.internal.execution.impl.DefaultExecutionEngine$1.execute(DefaultExecutionEngine.java:68)
	at org.gradle.api.internal.tasks.execution.ExecuteActionsTaskExecuter.executeIfValid(ExecuteActionsTaskExecuter.java:132)
	at org.gradle.api.internal.tasks.execution.ExecuteActionsTaskExecuter.execute(ExecuteActionsTaskExecuter.java:121)
	at org.gradle.api.internal.tasks.execution.ProblemsTaskPathTrackingTaskExecuter.execute(ProblemsTaskPathTrackingTaskExecuter.java:41)
	at org.gradle.api.internal.tasks.execution.ResolveTaskExecutionModeExecuter.execute(ResolveTaskExecutionModeExecuter.java:51)
	at org.gradle.api.internal.tasks.execution.FinalizePropertiesTaskExecuter.execute(FinalizePropertiesTaskExecuter.java:46)
	at org.gradle.api.internal.tasks.execution.SkipTaskWithNoActionsExecuter.execute(SkipTaskWithNoActionsExecuter.java:57)
	at org.gradle.api.internal.tasks.execution.SkipOnlyIfTaskExecuter.execute(SkipOnlyIfTaskExecuter.java:74)
	at org.gradle.api.internal.tasks.execution.CatchExceptionTaskExecuter.execute(CatchExceptionTaskExecuter.java:36)
	at org.gradle.api.internal.tasks.execution.EventFiringTaskExecuter$1.executeTask(EventFiringTaskExecuter.java:77)
	at org.gradle.api.internal.tasks.execution.EventFiringTaskExecuter$1.call(EventFiringTaskExecuter.java:55)
	at org.gradle.api.internal.tasks.execution.EventFiringTaskExecuter$1.call(EventFiringTaskExecuter.java:52)
	at org.gradle.internal.operations.DefaultBuildOperationRunner$CallableBuildOperationWorker.execute(DefaultBuildOperationRunner.java:210)
	at org.gradle.internal.operations.DefaultBuildOperationRunner$CallableBuildOperationWorker.execute(DefaultBuildOperationRunner.java:205)
	at org.gradle.internal.operations.DefaultBuildOperationRunner$2.execute(DefaultBuildOperationRunner.java:67)
	at org.gradle.internal.operations.DefaultBuildOperationRunner$2.execute(DefaultBuildOperationRunner.java:60)
	at org.gradle.internal.operations.DefaultBuildOperationRunner.execute(DefaultBuildOperationRunner.java:167)
	at org.gradle.internal.operations.DefaultBuildOperationRunner.execute(DefaultBuildOperationRunner.java:60)
	at org.gradle.internal.operations.DefaultBuildOperationRunner.call(DefaultBuildOperationRunner.java:54)
	at org.gradle.api.internal.tasks.execution.EventFiringTaskExecuter.execute(EventFiringTaskExecuter.java:52)
	at org.gradle.execution.plan.DefaultNodeExecutor.executeLocalTaskNode(DefaultNodeExecutor.java:55)
	at org.gradle.execution.plan.DefaultNodeExecutor.execute(DefaultNodeExecutor.java:34)
	at org.gradle.execution.taskgraph.DefaultTaskExecutionGraph$InvokeNodeExecutorsAction.execute(DefaultTaskExecutionGraph.java:355)
	at org.gradle.execution.taskgraph.DefaultTaskExecutionGraph$InvokeNodeExecutorsAction.execute(DefaultTaskExecutionGraph.java:343)
	at org.gradle.execution.taskgraph.DefaultTaskExecutionGraph$BuildOperationAwareExecutionAction.lambda$execute$0(DefaultTaskExecutionGraph.java:339)
	at org.gradle.internal.operations.CurrentBuildOperationRef.with(CurrentBuildOperationRef.java:84)
	at org.gradle.execution.taskgraph.DefaultTaskExecutionGraph$BuildOperationAwareExecutionAction.execute(DefaultTaskExecutionGraph.java:339)
	at org.gradle.execution.taskgraph.DefaultTaskExecutionGraph$BuildOperationAwareExecutionAction.execute(DefaultTaskExecutionGraph.java:328)
	at org.gradle.execution.plan.DefaultPlanExecutor$ExecutorWorker.execute(DefaultPlanExecutor.java:459)
	at org.gradle.execution.plan.DefaultPlanExecutor$ExecutorWorker.run(DefaultPlanExecutor.java:376)
	at org.gradle.internal.concurrent.ExecutorPolicy$CatchAndRecordFailures.onExecute(ExecutorPolicy.java:64)
	at org.gradle.internal.concurrent.AbstractManagedExecutor$1.run(AbstractManagedExecutor.java:47)
	at java.base/java.util.concurrent.ThreadPoolExecutor.runWorker(ThreadPoolExecutor.java:1144)
	at java.base/java.util.concurrent.ThreadPoolExecutor$Worker.run(ThreadPoolExecutor.java:642)
	at java.base/java.lang.Thread.run(Thread.java:1583)

WARNING: D8: An error occurred when parsing kotlin metadata. This normally happens when using a newer version of kotlin than the kotlin version released when this version of R8 was created. To find compatible kotlin versions, please see: https://developer.android.com/studio/build/kotlin-d8-r8-versions
WARNING: D8: Unexpected error during rewriting of Kotlin metadata for class 'com.netshort.plugin.EpisodeResult':
com.android.tools.r8.internal.Os0: Should never be called
	at com.android.tools.r8.kotlin.a0.a(R8_8.7.18_f8bee6d6fb926b7ebb3b15bf98f726f9d57471456ea20fce6d17d9a020197688:2)
	at com.android.tools.r8.kotlin.Z.a(R8_8.7.18_f8bee6d6fb926b7ebb3b15bf98f726f9d57471456ea20fce6d17d9a020197688:185)
	at com.android.tools.r8.kotlin.Z.a(R8_8.7.18_f8bee6d6fb926b7ebb3b15bf98f726f9d57471456ea20fce6d17d9a020197688:184)
	at com.android.tools.r8.internal.ep0.a(R8_8.7.18_f8bee6d6fb926b7ebb3b15bf98f726f9d57471456ea20fce6d17d9a020197688:23)
	at com.android.tools.r8.internal.ep0.a(R8_8.7.18_f8bee6d6fb926b7ebb3b15bf98f726f9d57471456ea20fce6d17d9a020197688:34)
	at com.android.tools.r8.internal.ep0.a(R8_8.7.18_f8bee6d6fb926b7ebb3b15bf98f726f9d57471456ea20fce6d17d9a020197688:17)
	at com.google.common.util.concurrent.TrustedListenableFutureTask$TrustedFutureInterruptibleTask.runInterruptibly(TrustedListenableFutureTask.java:131)
	at com.google.common.util.concurrent.InterruptibleTask.run(InterruptibleTask.java:75)
	at com.google.common.util.concurrent.TrustedListenableFutureTask.run(TrustedListenableFutureTask.java:82)
	at com.google.common.util.concurrent.MoreExecutors$DirectExecutorService.execute(MoreExecutors.java:327)
	at java.base/java.util.concurrent.AbstractExecutorService.submit(AbstractExecutorService.java:145)
	at com.google.common.util.concurrent.AbstractListeningExecutorService.submit(AbstractListeningExecutorService.java:79)
	at com.google.common.util.concurrent.AbstractListeningExecutorService.submit(AbstractListeningExecutorService.java:37)
	at com.android.tools.r8.internal.fp0.submit(R8_8.7.18_f8bee6d6fb926b7ebb3b15bf98f726f9d57471456ea20fce6d17d9a020197688:1)
	at com.android.tools.r8.internal.Ro0.a(R8_8.7.18_f8bee6d6fb926b7ebb3b15bf98f726f9d57471456ea20fce6d17d9a020197688:1)
	at com.android.tools.r8.internal.ep0.a(R8_8.7.18_f8bee6d6fb926b7ebb3b15bf98f726f9d57471456ea20fce6d17d9a020197688:19)
	at com.android.tools.r8.internal.Yw.a(R8_8.7.18_f8bee6d6fb926b7ebb3b15bf98f726f9d57471456ea20fce6d17d9a020197688:3)
	at java.base/java.util.ArrayList.forEach(ArrayList.java:1596)
	at com.android.tools.r8.internal.Yw.a(R8_8.7.18_f8bee6d6fb926b7ebb3b15bf98f726f9d57471456ea20fce6d17d9a020197688:2)
	at com.android.tools.r8.internal.ep0.a(R8_8.7.18_f8bee6d6fb926b7ebb3b15bf98f726f9d57471456ea20fce6d17d9a020197688:10)
	at com.android.tools.r8.internal.ep0.a(R8_8.7.18_f8bee6d6fb926b7ebb3b15bf98f726f9d57471456ea20fce6d17d9a020197688:33)
	at com.android.tools.r8.internal.ep0.a(R8_8.7.18_f8bee6d6fb926b7ebb3b15bf98f726f9d57471456ea20fce6d17d9a020197688:25)
	at com.android.tools.r8.internal.ep0.a(R8_8.7.18_f8bee6d6fb926b7ebb3b15bf98f726f9d57471456ea20fce6d17d9a020197688:22)
	at com.android.tools.r8.K.a(R8_8.7.18_f8bee6d6fb926b7ebb3b15bf98f726f9d57471456ea20fce6d17d9a020197688:3)
	at com.android.tools.r8.kotlin.Z.a(R8_8.7.18_f8bee6d6fb926b7ebb3b15bf98f726f9d57471456ea20fce6d17d9a020197688:9)
	at com.android.tools.r8.D8.b(R8_8.7.18_f8bee6d6fb926b7ebb3b15bf98f726f9d57471456ea20fce6d17d9a020197688:17)
	at com.android.tools.r8.internal.Gp0.a(R8_8.7.18_f8bee6d6fb926b7ebb3b15bf98f726f9d57471456ea20fce6d17d9a020197688:57)
	at com.android.tools.r8.D8.a(R8_8.7.18_f8bee6d6fb926b7ebb3b15bf98f726f9d57471456ea20fce6d17d9a020197688:88)
	at com.android.tools.r8.D8.d(R8_8.7.18_f8bee6d6fb926b7ebb3b15bf98f726f9d57471456ea20fce6d17d9a020197688:137)
	at com.android.tools.r8.D8.b(R8_8.7.18_f8bee6d6fb926b7ebb3b15bf98f726f9d57471456ea20fce6d17d9a020197688:1)
	at com.android.tools.r8.internal.yu.a(R8_8.7.18_f8bee6d6fb926b7ebb3b15bf98f726f9d57471456ea20fce6d17d9a020197688:28)
	at com.android.tools.r8.internal.yu.b(R8_8.7.18_f8bee6d6fb926b7ebb3b15bf98f726f9d57471456ea20fce6d17d9a020197688:2)
	at com.android.tools.r8.D8.run(R8_8.7.18_f8bee6d6fb926b7ebb3b15bf98f726f9d57471456ea20fce6d17d9a020197688:11)
	at com.android.builder.dexing.D8DexArchiveBuilder.convert(D8DexArchiveBuilder.java:127)
	at com.android.builder.dexing.DexArchiveBuilder.convert$default(DexArchiveBuilder.kt:44)
	at com.lagradost.cloudstream3.gradle.tasks.CompileDexTask.compileDex(CompileDexTask.kt:88)
	at java.base/jdk.internal.reflect.DirectMethodHandleAccessor.invoke(DirectMethodHandleAccessor.java:103)
	at java.base/java.lang.reflect.Method.invoke(Method.java:580)
	at org.gradle.internal.reflect.JavaMethod.invoke(JavaMethod.java:125)
	at org.gradle.api.internal.project.taskfactory.StandardTaskAction.doExecute(StandardTaskAction.java:58)
	at org.gradle.api.internal.project.taskfactory.StandardTaskAction.execute(StandardTaskAction.java:51)
	at org.gradle.api.internal.project.taskfactory.StandardTaskAction.execute(StandardTaskAction.java:29)
	at org.gradle.api.internal.tasks.execution.TaskExecution$3.run(TaskExecution.java:259)
	at org.gradle.internal.operations.DefaultBuildOperationRunner$1.execute(DefaultBuildOperationRunner.java:30)
	at org.gradle.internal.operations.DefaultBuildOperationRunner$1.execute(DefaultBuildOperationRunner.java:27)
	at org.gradle.internal.operations.DefaultBuildOperationRunner$2.execute(DefaultBuildOperationRunner.java:67)
	at org.gradle.internal.operations.DefaultBuildOperationRunner$2.execute(DefaultBuildOperationRunner.java:60)
	at org.gradle.internal.operations.DefaultBuildOperationRunner.execute(DefaultBuildOperationRunner.java:167)
	at org.gradle.internal.operations.DefaultBuildOperationRunner.execute(DefaultBuildOperationRunner.java:60)
	at org.gradle.internal.operations.DefaultBuildOperationRunner.run(DefaultBuildOperationRunner.java:48)
	at org.gradle.api.internal.tasks.execution.TaskExecution.executeAction(TaskExecution.java:244)
	at org.gradle.api.internal.tasks.execution.TaskExecution.executeActions(TaskExecution.java:227)
	at org.gradle.api.internal.tasks.execution.TaskExecution.executeWithPreviousOutputFiles(TaskExecution.java:210)
	at org.gradle.api.internal.tasks.execution.TaskExecution.execute(TaskExecution.java:176)
	at org.gradle.internal.execution.steps.ExecuteStep.executeInternal(ExecuteStep.java:167)
	at org.gradle.internal.execution.steps.ExecuteStep.access$000(ExecuteStep.java:47)
	at org.gradle.internal.execution.steps.ExecuteStep$1.call(ExecuteStep.java:137)
	at org.gradle.internal.execution.steps.ExecuteStep$1.call(ExecuteStep.java:134)
	at org.gradle.internal.operations.DefaultBuildOperationRunner$CallableBuildOperationWorker.execute(DefaultBuildOperationRunner.java:210)
	at org.gradle.internal.operations.DefaultBuildOperationRunner$CallableBuildOperationWorker.execute(DefaultBuildOperationRunner.java:205)
	at org.gradle.internal.operations.DefaultBuildOperationRunner$2.execute(DefaultBuildOperationRunner.java:67)
	at org.gradle.internal.operations.DefaultBuildOperationRunner$2.execute(DefaultBuildOperationRunner.java:60)
	at org.gradle.internal.operations.DefaultBuildOperationRunner.execute(DefaultBuildOperationRunner.java:167)
	at org.gradle.internal.operations.DefaultBuildOperationRunner.execute(DefaultBuildOperationRunner.java:60)
	at org.gradle.internal.operations.DefaultBuildOperationRunner.call(DefaultBuildOperationRunner.java:54)
	at org.gradle.internal.execution.steps.ExecuteStep.execute(ExecuteStep.java:134)
	at org.gradle.internal.execution.steps.ExecuteStep$Mutable.execute(ExecuteStep.java:80)
	at org.gradle.internal.execution.steps.CancelExecutionStep.execute(CancelExecutionStep.java:42)
	at org.gradle.internal.execution.steps.TimeoutStep.executeWithoutTimeout(TimeoutStep.java:75)
	at org.gradle.internal.execution.steps.TimeoutStep.execute(TimeoutStep.java:55)
	at org.gradle.internal.execution.steps.PreCreateOutputParentsStep.execute(PreCreateOutputParentsStep.java:51)
	at org.gradle.internal.execution.steps.PreCreateOutputParentsStep.execute(PreCreateOutputParentsStep.java:29)
	at org.gradle.internal.execution.steps.RemovePreviousOutputsStep.executeMutable(RemovePreviousOutputsStep.java:67)
	at org.gradle.internal.execution.steps.RemovePreviousOutputsStep.executeMutable(RemovePreviousOutputsStep.java:39)
	at org.gradle.internal.execution.steps.MutableStep.execute(MutableStep.java:26)
	at org.gradle.internal.execution.steps.BroadcastChangingOutputsStep.execute(BroadcastChangingOutputsStep.java:42)
	at org.gradle.internal.execution.steps.BroadcastChangingOutputsStep.execute(BroadcastChangingOutputsStep.java:24)
	at org.gradle.internal.execution.steps.CaptureOutputsAfterExecutionStep.execute(CaptureOutputsAfterExecutionStep.java:69)
	at org.gradle.internal.execution.steps.CaptureOutputsAfterExecutionStep.execute(CaptureOutputsAfterExecutionStep.java:46)
	at org.gradle.internal.execution.steps.ResolveInputChangesStep.executeMutable(ResolveInputChangesStep.java:39)
	at org.gradle.internal.execution.steps.ResolveInputChangesStep.executeMutable(ResolveInputChangesStep.java:28)
	at org.gradle.internal.execution.steps.MutableStep.execute(MutableStep.java:26)
	at org.gradle.internal.execution.steps.BuildCacheStep.executeWithoutCache(BuildCacheStep.java:189)
	at org.gradle.internal.execution.steps.BuildCacheStep.lambda$execute$1(BuildCacheStep.java:76)
	at org.gradle.internal.Either$Right.fold(Either.java:176)
	at org.gradle.internal.execution.caching.CachingState.fold(CachingState.java:62)
	at org.gradle.internal.execution.steps.BuildCacheStep.execute(BuildCacheStep.java:74)
	at org.gradle.internal.execution.steps.BuildCacheStep.execute(BuildCacheStep.java:49)
	at org.gradle.internal.execution.steps.StoreExecutionStateStep.executeMutable(StoreExecutionStateStep.java:46)
	at org.gradle.internal.execution.steps.StoreExecutionStateStep.executeMutable(StoreExecutionStateStep.java:35)
	at org.gradle.internal.execution.steps.MutableStep.execute(MutableStep.java:26)
	at org.gradle.internal.execution.steps.SkipUpToDateStep.executeBecause(SkipUpToDateStep.java:75)
	at org.gradle.internal.execution.steps.SkipUpToDateStep.lambda$execute$2(SkipUpToDateStep.java:53)
	at java.base/java.util.Optional.orElseGet(Optional.java:364)
	at org.gradle.internal.execution.steps.SkipUpToDateStep.execute(SkipUpToDateStep.java:53)
	at org.gradle.internal.execution.steps.SkipUpToDateStep.execute(SkipUpToDateStep.java:35)
	at org.gradle.internal.execution.steps.legacy.MarkSnapshottingInputsFinishedStep.execute(MarkSnapshottingInputsFinishedStep.java:37)
	at org.gradle.internal.execution.steps.legacy.MarkSnapshottingInputsFinishedStep.execute(MarkSnapshottingInputsFinishedStep.java:27)
	at org.gradle.internal.execution.steps.ResolveMutableCachingStateStep.executeDelegate(ResolveMutableCachingStateStep.java:70)
	at org.gradle.internal.execution.steps.ResolveMutableCachingStateStep.executeDelegate(ResolveMutableCachingStateStep.java:32)
	at org.gradle.internal.execution.steps.AbstractResolveCachingStateStep.execute(AbstractResolveCachingStateStep.java:69)
	at org.gradle.internal.execution.steps.AbstractResolveCachingStateStep.execute(AbstractResolveCachingStateStep.java:37)
	at org.gradle.internal.execution.steps.ResolveChangesStep.executeMutable(ResolveChangesStep.java:63)
	at org.gradle.internal.execution.steps.ResolveChangesStep.executeMutable(ResolveChangesStep.java:34)
	at org.gradle.internal.execution.steps.MutableStep.execute(MutableStep.java:26)
	at org.gradle.internal.execution.steps.ValidateStep$Mutable.executeDelegate(ValidateStep.java:79)
	at org.gradle.internal.execution.steps.ValidateStep$Mutable.executeDelegate(ValidateStep.java:65)
	at org.gradle.internal.execution.steps.ValidateStep.execute(ValidateStep.java:105)
	at org.gradle.internal.execution.steps.ValidateStep$Mutable.execute(ValidateStep.java:65)
	at org.gradle.internal.execution.steps.CaptureMutableStateBeforeExecutionStep.executeMutable(CaptureMutableStateBeforeExecutionStep.java:86)
	at org.gradle.internal.execution.steps.CaptureMutableStateBeforeExecutionStep.execute(CaptureMutableStateBeforeExecutionStep.java:65)
	at org.gradle.internal.execution.steps.CaptureMutableStateBeforeExecutionStep.execute(CaptureMutableStateBeforeExecutionStep.java:45)
	at org.gradle.internal.execution.steps.SkipEmptyMutableWorkStep.executeWithNonEmptySources(SkipEmptyMutableWorkStep.java:210)
	at org.gradle.internal.execution.steps.SkipEmptyMutableWorkStep.executeMutable(SkipEmptyMutableWorkStep.java:90)
	at org.gradle.internal.execution.steps.SkipEmptyMutableWorkStep.executeMutable(SkipEmptyMutableWorkStep.java:53)
	at org.gradle.internal.execution.steps.MutableStep.execute(MutableStep.java:26)
	at org.gradle.internal.execution.steps.legacy.MarkSnapshottingInputsStartedStep.execute(MarkSnapshottingInputsStartedStep.java:38)
	at org.gradle.internal.execution.steps.LoadPreviousExecutionStateStep.executeMutable(LoadPreviousExecutionStateStep.java:36)
	at org.gradle.internal.execution.steps.LoadPreviousExecutionStateStep.executeMutable(LoadPreviousExecutionStateStep.java:23)
	at org.gradle.internal.execution.steps.MutableStep.execute(MutableStep.java:26)
	at org.gradle.internal.execution.steps.HandleStaleOutputsStep.executeMutable(HandleStaleOutputsStep.java:77)
	at org.gradle.internal.execution.steps.HandleStaleOutputsStep.executeMutable(HandleStaleOutputsStep.java:43)
	at org.gradle.internal.execution.steps.MutableStep.execute(MutableStep.java:26)
	at org.gradle.internal.execution.steps.AssignMutableWorkspaceStep.lambda$executeMutable$0(AssignMutableWorkspaceStep.java:34)
	at org.gradle.api.internal.tasks.execution.TaskExecution$4.withWorkspace(TaskExecution.java:305)
	at org.gradle.internal.execution.steps.AssignMutableWorkspaceStep.executeMutable(AssignMutableWorkspaceStep.java:30)
	at org.gradle.internal.execution.steps.AssignMutableWorkspaceStep.executeMutable(AssignMutableWorkspaceStep.java:21)
	at org.gradle.internal.execution.steps.MutableStep.execute(MutableStep.java:26)
	at org.gradle.internal.execution.steps.ChoosePipelineStep.execute(ChoosePipelineStep.java:40)
	at org.gradle.internal.execution.steps.ChoosePipelineStep.execute(ChoosePipelineStep.java:23)
	at org.gradle.internal.execution.steps.ExecuteWorkBuildOperationFiringStep.lambda$execute$2(ExecuteWorkBuildOperationFiringStep.java:67)
	at java.base/java.util.Optional.orElseGet(Optional.java:364)
	at org.gradle.internal.execution.steps.ExecuteWorkBuildOperationFiringStep.execute(ExecuteWorkBuildOperationFiringStep.java:67)
	at org.gradle.internal.execution.steps.ExecuteWorkBuildOperationFiringStep.execute(ExecuteWorkBuildOperationFiringStep.java:39)
	at org.gradle.internal.execution.steps.IdentityCacheStep.execute(IdentityCacheStep.java:46)
	at org.gradle.internal.execution.steps.IdentityCacheStep.execute(IdentityCacheStep.java:34)
	at org.gradle.internal.execution.steps.IdentifyStep.execute(IdentifyStep.java:56)
	at org.gradle.internal.execution.steps.IdentifyStep.execute(IdentifyStep.java:38)
	at org.gradle.internal.execution.impl.DefaultExecutionEngine$1.execute(DefaultExecutionEngine.java:68)
	at org.gradle.api.internal.tasks.execution.ExecuteActionsTaskExecuter.executeIfValid(ExecuteActionsTaskExecuter.java:132)
	at org.gradle.api.internal.tasks.execution.ExecuteActionsTaskExecuter.execute(ExecuteActionsTaskExecuter.java:121)
	at org.gradle.api.internal.tasks.execution.ProblemsTaskPathTrackingTaskExecuter.execute(ProblemsTaskPathTrackingTaskExecuter.java:41)
	at org.gradle.api.internal.tasks.execution.ResolveTaskExecutionModeExecuter.execute(ResolveTaskExecutionModeExecuter.java:51)
	at org.gradle.api.internal.tasks.execution.FinalizePropertiesTaskExecuter.execute(FinalizePropertiesTaskExecuter.java:46)
	at org.gradle.api.internal.tasks.execution.SkipTaskWithNoActionsExecuter.execute(SkipTaskWithNoActionsExecuter.java:57)
	at org.gradle.api.internal.tasks.execution.SkipOnlyIfTaskExecuter.execute(SkipOnlyIfTaskExecuter.java:74)
	at org.gradle.api.internal.tasks.execution.CatchExceptionTaskExecuter.execute(CatchExceptionTaskExecuter.java:36)
	at org.gradle.api.internal.tasks.execution.EventFiringTaskExecuter$1.executeTask(EventFiringTaskExecuter.java:77)
	at org.gradle.api.internal.tasks.execution.EventFiringTaskExecuter$1.call(EventFiringTaskExecuter.java:55)
	at org.gradle.api.internal.tasks.execution.EventFiringTaskExecuter$1.call(EventFiringTaskExecuter.java:52)
	at org.gradle.internal.operations.DefaultBuildOperationRunner$CallableBuildOperationWorker.execute(DefaultBuildOperationRunner.java:210)
	at org.gradle.internal.operations.DefaultBuildOperationRunner$CallableBuildOperationWorker.execute(DefaultBuildOperationRunner.java:205)
	at org.gradle.internal.operations.DefaultBuildOperationRunner$2.execute(DefaultBuildOperationRunner.java:67)
	at org.gradle.internal.operations.DefaultBuildOperationRunner$2.execute(DefaultBuildOperationRunner.java:60)
	at org.gradle.internal.operations.DefaultBuildOperationRunner.execute(DefaultBuildOperationRunner.java:167)
	at org.gradle.internal.operations.DefaultBuildOperationRunner.execute(DefaultBuildOperationRunner.java:60)
	at org.gradle.internal.operations.DefaultBuildOperationRunner.call(DefaultBuildOperationRunner.java:54)
	at org.gradle.api.internal.tasks.execution.EventFiringTaskExecuter.execute(EventFiringTaskExecuter.java:52)
	at org.gradle.execution.plan.DefaultNodeExecutor.executeLocalTaskNode(DefaultNodeExecutor.java:55)
	at org.gradle.execution.plan.DefaultNodeExecutor.execute(DefaultNodeExecutor.java:34)
	at org.gradle.execution.taskgraph.DefaultTaskExecutionGraph$InvokeNodeExecutorsAction.execute(DefaultTaskExecutionGraph.java:355)
	at org.gradle.execution.taskgraph.DefaultTaskExecutionGraph$InvokeNodeExecutorsAction.execute(DefaultTaskExecutionGraph.java:343)
	at org.gradle.execution.taskgraph.DefaultTaskExecutionGraph$BuildOperationAwareExecutionAction.lambda$execute$0(DefaultTaskExecutionGraph.java:339)
	at org.gradle.internal.operations.CurrentBuildOperationRef.with(CurrentBuildOperationRef.java:84)
	at org.gradle.execution.taskgraph.DefaultTaskExecutionGraph$BuildOperationAwareExecutionAction.execute(DefaultTaskExecutionGraph.java:339)
	at org.gradle.execution.taskgraph.DefaultTaskExecutionGraph$BuildOperationAwareExecutionAction.execute(DefaultTaskExecutionGraph.java:328)
	at org.gradle.execution.plan.DefaultPlanExecutor$ExecutorWorker.execute(DefaultPlanExecutor.java:459)
	at org.gradle.execution.plan.DefaultPlanExecutor$ExecutorWorker.run(DefaultPlanExecutor.java:376)
	at org.gradle.internal.concurrent.ExecutorPolicy$CatchAndRecordFailures.onExecute(ExecutorPolicy.java:64)
	at org.gradle.internal.concurrent.AbstractManagedExecutor$1.run(AbstractManagedExecutor.java:47)
	at java.base/java.util.concurrent.ThreadPoolExecutor.runWorker(ThreadPoolExecutor.java:1144)
	at java.base/java.util.concurrent.ThreadPoolExecutor$Worker.run(ThreadPoolExecutor.java:642)
	at java.base/java.lang.Thread.run(Thread.java:1583)

WARNING: D8: An error occurred when parsing kotlin metadata. This normally happens when using a newer version of kotlin than the kotlin version released when this version of R8 was created. To find compatible kotlin versions, please see: https://developer.android.com/studio/build/kotlin-d8-r8-versions
WARNING: D8: Unexpected error during rewriting of Kotlin metadata for class 'com.netshort.plugin.NetShortProvider$load$1':
com.android.tools.r8.internal.Os0: Should never be called
	at com.android.tools.r8.kotlin.a0.a(R8_8.7.18_f8bee6d6fb926b7ebb3b15bf98f726f9d57471456ea20fce6d17d9a020197688:2)
	at com.android.tools.r8.kotlin.Z.a(R8_8.7.18_f8bee6d6fb926b7ebb3b15bf98f726f9d57471456ea20fce6d17d9a020197688:185)
	at com.android.tools.r8.kotlin.Z.a(R8_8.7.18_f8bee6d6fb926b7ebb3b15bf98f726f9d57471456ea20fce6d17d9a020197688:184)
	at com.android.tools.r8.internal.ep0.a(R8_8.7.18_f8bee6d6fb926b7ebb3b15bf98f726f9d57471456ea20fce6d17d9a020197688:23)
	at com.android.tools.r8.internal.ep0.a(R8_8.7.18_f8bee6d6fb926b7ebb3b15bf98f726f9d57471456ea20fce6d17d9a020197688:34)
	at com.android.tools.r8.internal.ep0.a(R8_8.7.18_f8bee6d6fb926b7ebb3b15bf98f726f9d57471456ea20fce6d17d9a020197688:17)
	at com.google.common.util.concurrent.TrustedListenableFutureTask$TrustedFutureInterruptibleTask.runInterruptibly(TrustedListenableFutureTask.java:131)
	at com.google.common.util.concurrent.InterruptibleTask.run(InterruptibleTask.java:75)
	at com.google.common.util.concurrent.TrustedListenableFutureTask.run(TrustedListenableFutureTask.java:82)
	at com.google.common.util.concurrent.MoreExecutors$DirectExecutorService.execute(MoreExecutors.java:327)
	at java.base/java.util.concurrent.AbstractExecutorService.submit(AbstractExecutorService.java:145)
	at com.google.common.util.concurrent.AbstractListeningExecutorService.submit(AbstractListeningExecutorService.java:79)
	at com.google.common.util.concurrent.AbstractListeningExecutorService.submit(AbstractListeningExecutorService.java:37)
	at com.android.tools.r8.internal.fp0.submit(R8_8.7.18_f8bee6d6fb926b7ebb3b15bf98f726f9d57471456ea20fce6d17d9a020197688:1)
	at com.android.tools.r8.internal.Ro0.a(R8_8.7.18_f8bee6d6fb926b7ebb3b15bf98f726f9d57471456ea20fce6d17d9a020197688:1)
	at com.android.tools.r8.internal.ep0.a(R8_8.7.18_f8bee6d6fb926b7ebb3b15bf98f726f9d57471456ea20fce6d17d9a020197688:19)
	at com.android.tools.r8.internal.Yw.a(R8_8.7.18_f8bee6d6fb926b7ebb3b15bf98f726f9d57471456ea20fce6d17d9a020197688:3)
	at java.base/java.util.ArrayList.forEach(ArrayList.java:1596)
	at com.android.tools.r8.internal.Yw.a(R8_8.7.18_f8bee6d6fb926b7ebb3b15bf98f726f9d57471456ea20fce6d17d9a020197688:2)
	at com.android.tools.r8.internal.ep0.a(R8_8.7.18_f8bee6d6fb926b7ebb3b15bf98f726f9d57471456ea20fce6d17d9a020197688:10)
	at com.android.tools.r8.internal.ep0.a(R8_8.7.18_f8bee6d6fb926b7ebb3b15bf98f726f9d57471456ea20fce6d17d9a020197688:33)
	at com.android.tools.r8.internal.ep0.a(R8_8.7.18_f8bee6d6fb926b7ebb3b15bf98f726f9d57471456ea20fce6d17d9a020197688:25)
	at com.android.tools.r8.internal.ep0.a(R8_8.7.18_f8bee6d6fb926b7ebb3b15bf98f726f9d57471456ea20fce6d17d9a020197688:22)
	at com.android.tools.r8.K.a(R8_8.7.18_f8bee6d6fb926b7ebb3b15bf98f726f9d57471456ea20fce6d17d9a020197688:3)
	at com.android.tools.r8.kotlin.Z.a(R8_8.7.18_f8bee6d6fb926b7ebb3b15bf98f726f9d57471456ea20fce6d17d9a020197688:9)
	at com.android.tools.r8.D8.b(R8_8.7.18_f8bee6d6fb926b7ebb3b15bf98f726f9d57471456ea20fce6d17d9a020197688:17)
	at com.android.tools.r8.internal.Gp0.a(R8_8.7.18_f8bee6d6fb926b7ebb3b15bf98f726f9d57471456ea20fce6d17d9a020197688:57)
	at com.android.tools.r8.D8.a(R8_8.7.18_f8bee6d6fb926b7ebb3b15bf98f726f9d57471456ea20fce6d17d9a020197688:88)
	at com.android.tools.r8.D8.d(R8_8.7.18_f8bee6d6fb926b7ebb3b15bf98f726f9d57471456ea20fce6d17d9a020197688:137)
	at com.android.tools.r8.D8.b(R8_8.7.18_f8bee6d6fb926b7ebb3b15bf98f726f9d57471456ea20fce6d17d9a020197688:1)
	at com.android.tools.r8.internal.yu.a(R8_8.7.18_f8bee6d6fb926b7ebb3b15bf98f726f9d57471456ea20fce6d17d9a020197688:28)
	at com.android.tools.r8.internal.yu.b(R8_8.7.18_f8bee6d6fb926b7ebb3b15bf98f726f9d57471456ea20fce6d17d9a020197688:2)
	at com.android.tools.r8.D8.run(R8_8.7.18_f8bee6d6fb926b7ebb3b15bf98f726f9d57471456ea20fce6d17d9a020197688:11)
	at com.android.builder.dexing.D8DexArchiveBuilder.convert(D8DexArchiveBuilder.java:127)
	at com.android.builder.dexing.DexArchiveBuilder.convert$default(DexArchiveBuilder.kt:44)
	at com.lagradost.cloudstream3.gradle.tasks.CompileDexTask.compileDex(CompileDexTask.kt:88)
	at java.base/jdk.internal.reflect.DirectMethodHandleAccessor.invoke(DirectMethodHandleAccessor.java:103)
	at java.base/java.lang.reflect.Method.invoke(Method.java:580)
	at org.gradle.internal.reflect.JavaMethod.invoke(JavaMethod.java:125)
	at org.gradle.api.internal.project.taskfactory.StandardTaskAction.doExecute(StandardTaskAction.java:58)
	at org.gradle.api.internal.project.taskfactory.StandardTaskAction.execute(StandardTaskAction.java:51)
	at org.gradle.api.internal.project.taskfactory.StandardTaskAction.execute(StandardTaskAction.java:29)
	at org.gradle.api.internal.tasks.execution.TaskExecution$3.run(TaskExecution.java:259)
	at org.gradle.internal.operations.DefaultBuildOperationRunner$1.execute(DefaultBuildOperationRunner.java:30)
	at org.gradle.internal.operations.DefaultBuildOperationRunner$1.execute(DefaultBuildOperationRunner.java:27)
	at org.gradle.internal.operations.DefaultBuildOperationRunner$2.execute(DefaultBuildOperationRunner.java:67)
	at org.gradle.internal.operations.DefaultBuildOperationRunner$2.execute(DefaultBuildOperationRunner.java:60)
	at org.gradle.internal.operations.DefaultBuildOperationRunner.execute(DefaultBuildOperationRunner.java:167)
	at org.gradle.internal.operations.DefaultBuildOperationRunner.execute(DefaultBuildOperationRunner.java:60)
	at org.gradle.internal.operations.DefaultBuildOperationRunner.run(DefaultBuildOperationRunner.java:48)
	at org.gradle.api.internal.tasks.execution.TaskExecution.executeAction(TaskExecution.java:244)
	at org.gradle.api.internal.tasks.execution.TaskExecution.executeActions(TaskExecution.java:227)
	at org.gradle.api.internal.tasks.execution.TaskExecution.executeWithPreviousOutputFiles(TaskExecution.java:210)
	at org.gradle.api.internal.tasks.execution.TaskExecution.execute(TaskExecution.java:176)
	at org.gradle.internal.execution.steps.ExecuteStep.executeInternal(ExecuteStep.java:167)
	at org.gradle.internal.execution.steps.ExecuteStep.access$000(ExecuteStep.java:47)
	at org.gradle.internal.execution.steps.ExecuteStep$1.call(ExecuteStep.java:137)
	at org.gradle.internal.execution.steps.ExecuteStep$1.call(ExecuteStep.java:134)
	at org.gradle.internal.operations.DefaultBuildOperationRunner$CallableBuildOperationWorker.execute(DefaultBuildOperationRunner.java:210)
	at org.gradle.internal.operations.DefaultBuildOperationRunner$CallableBuildOperationWorker.execute(DefaultBuildOperationRunner.java:205)
	at org.gradle.internal.operations.DefaultBuildOperationRunner$2.execute(DefaultBuildOperationRunner.java:67)
	at org.gradle.internal.operations.DefaultBuildOperationRunner$2.execute(DefaultBuildOperationRunner.java:60)
	at org.gradle.internal.operations.DefaultBuildOperationRunner.execute(DefaultBuildOperationRunner.java:167)
	at org.gradle.internal.operations.DefaultBuildOperationRunner.execute(DefaultBuildOperationRunner.java:60)
	at org.gradle.internal.operations.DefaultBuildOperationRunner.call(DefaultBuildOperationRunner.java:54)
	at org.gradle.internal.execution.steps.ExecuteStep.execute(ExecuteStep.java:134)
	at org.gradle.internal.execution.steps.ExecuteStep$Mutable.execute(ExecuteStep.java:80)
	at org.gradle.internal.execution.steps.CancelExecutionStep.execute(CancelExecutionStep.java:42)
	at org.gradle.internal.execution.steps.TimeoutStep.executeWithoutTimeout(TimeoutStep.java:75)
	at org.gradle.internal.execution.steps.TimeoutStep.execute(TimeoutStep.java:55)
	at org.gradle.internal.execution.steps.PreCreateOutputParentsStep.execute(PreCreateOutputParentsStep.java:51)
	at org.gradle.internal.execution.steps.PreCreateOutputParentsStep.execute(PreCreateOutputParentsStep.java:29)
	at org.gradle.internal.execution.steps.RemovePreviousOutputsStep.executeMutable(RemovePreviousOutputsStep.java:67)
	at org.gradle.internal.execution.steps.RemovePreviousOutputsStep.executeMutable(RemovePreviousOutputsStep.java:39)
	at org.gradle.internal.execution.steps.MutableStep.execute(MutableStep.java:26)
	at org.gradle.internal.execution.steps.BroadcastChangingOutputsStep.execute(BroadcastChangingOutputsStep.java:42)
	at org.gradle.internal.execution.steps.BroadcastChangingOutputsStep.execute(BroadcastChangingOutputsStep.java:24)
	at org.gradle.internal.execution.steps.CaptureOutputsAfterExecutionStep.execute(CaptureOutputsAfterExecutionStep.java:69)
	at org.gradle.internal.execution.steps.CaptureOutputsAfterExecutionStep.execute(CaptureOutputsAfterExecutionStep.java:46)
	at org.gradle.internal.execution.steps.ResolveInputChangesStep.executeMutable(ResolveInputChangesStep.java:39)
	at org.gradle.internal.execution.steps.ResolveInputChangesStep.executeMutable(ResolveInputChangesStep.java:28)
	at org.gradle.internal.execution.steps.MutableStep.execute(MutableStep.java:26)
	at org.gradle.internal.execution.steps.BuildCacheStep.executeWithoutCache(BuildCacheStep.java:189)
	at org.gradle.internal.execution.steps.BuildCacheStep.lambda$execute$1(BuildCacheStep.java:76)
	at org.gradle.internal.Either$Right.fold(Either.java:176)
	at org.gradle.internal.execution.caching.CachingState.fold(CachingState.java:62)
	at org.gradle.internal.execution.steps.BuildCacheStep.execute(BuildCacheStep.java:74)
	at org.gradle.internal.execution.steps.BuildCacheStep.execute(BuildCacheStep.java:49)
	at org.gradle.internal.execution.steps.StoreExecutionStateStep.executeMutable(StoreExecutionStateStep.java:46)
	at org.gradle.internal.execution.steps.StoreExecutionStateStep.executeMutable(StoreExecutionStateStep.java:35)
	at org.gradle.internal.execution.steps.MutableStep.execute(MutableStep.java:26)
	at org.gradle.internal.execution.steps.SkipUpToDateStep.executeBecause(SkipUpToDateStep.java:75)
	at org.gradle.internal.execution.steps.SkipUpToDateStep.lambda$execute$2(SkipUpToDateStep.java:53)
	at java.base/java.util.Optional.orElseGet(Optional.java:364)
	at org.gradle.internal.execution.steps.SkipUpToDateStep.execute(SkipUpToDateStep.java:53)
	at org.gradle.internal.execution.steps.SkipUpToDateStep.execute(SkipUpToDateStep.java:35)
	at org.gradle.internal.execution.steps.legacy.MarkSnapshottingInputsFinishedStep.execute(MarkSnapshottingInputsFinishedStep.java:37)
	at org.gradle.internal.execution.steps.legacy.MarkSnapshottingInputsFinishedStep.execute(MarkSnapshottingInputsFinishedStep.java:27)
	at org.gradle.internal.execution.steps.ResolveMutableCachingStateStep.executeDelegate(ResolveMutableCachingStateStep.java:70)
	at org.gradle.internal.execution.steps.ResolveMutableCachingStateStep.executeDelegate(ResolveMutableCachingStateStep.java:32)
	at org.gradle.internal.execution.steps.AbstractResolveCachingStateStep.execute(AbstractResolveCachingStateStep.java:69)
	at org.gradle.internal.execution.steps.AbstractResolveCachingStateStep.execute(AbstractResolveCachingStateStep.java:37)
	at org.gradle.internal.execution.steps.ResolveChangesStep.executeMutable(ResolveChangesStep.java:63)
	at org.gradle.internal.execution.steps.ResolveChangesStep.executeMutable(ResolveChangesStep.java:34)
	at org.gradle.internal.execution.steps.MutableStep.execute(MutableStep.java:26)
	at org.gradle.internal.execution.steps.ValidateStep$Mutable.executeDelegate(ValidateStep.java:79)
	at org.gradle.internal.execution.steps.ValidateStep$Mutable.executeDelegate(ValidateStep.java:65)
	at org.gradle.internal.execution.steps.ValidateStep.execute(ValidateStep.java:105)
	at org.gradle.internal.execution.steps.ValidateStep$Mutable.execute(ValidateStep.java:65)
	at org.gradle.internal.execution.steps.CaptureMutableStateBeforeExecutionStep.executeMutable(CaptureMutableStateBeforeExecutionStep.java:86)
	at org.gradle.internal.execution.steps.CaptureMutableStateBeforeExecutionStep.execute(CaptureMutableStateBeforeExecutionStep.java:65)
	at org.gradle.internal.execution.steps.CaptureMutableStateBeforeExecutionStep.execute(CaptureMutableStateBeforeExecutionStep.java:45)
	at org.gradle.internal.execution.steps.SkipEmptyMutableWorkStep.executeWithNonEmptySources(SkipEmptyMutableWorkStep.java:210)
	at org.gradle.internal.execution.steps.SkipEmptyMutableWorkStep.executeMutable(SkipEmptyMutableWorkStep.java:90)
	at org.gradle.internal.execution.steps.SkipEmptyMutableWorkStep.executeMutable(SkipEmptyMutableWorkStep.java:53)
	at org.gradle.internal.execution.steps.MutableStep.execute(MutableStep.java:26)
	at org.gradle.internal.execution.steps.legacy.MarkSnapshottingInputsStartedStep.execute(MarkSnapshottingInputsStartedStep.java:38)
	at org.gradle.internal.execution.steps.LoadPreviousExecutionStateStep.executeMutable(LoadPreviousExecutionStateStep.java:36)
	at org.gradle.internal.execution.steps.LoadPreviousExecutionStateStep.executeMutable(LoadPreviousExecutionStateStep.java:23)
	at org.gradle.internal.execution.steps.MutableStep.execute(MutableStep.java:26)
	at org.gradle.internal.execution.steps.HandleStaleOutputsStep.executeMutable(HandleStaleOutputsStep.java:77)
	at org.gradle.internal.execution.steps.HandleStaleOutputsStep.executeMutable(HandleStaleOutputsStep.java:43)
	at org.gradle.internal.execution.steps.MutableStep.execute(MutableStep.java:26)
	at org.gradle.internal.execution.steps.AssignMutableWorkspaceStep.lambda$executeMutable$0(AssignMutableWorkspaceStep.java:34)
	at org.gradle.api.internal.tasks.execution.TaskExecution$4.withWorkspace(TaskExecution.java:305)
	at org.gradle.internal.execution.steps.AssignMutableWorkspaceStep.executeMutable(AssignMutableWorkspaceStep.java:30)
	at org.gradle.internal.execution.steps.AssignMutableWorkspaceStep.executeMutable(AssignMutableWorkspaceStep.java:21)
	at org.gradle.internal.execution.steps.MutableStep.execute(MutableStep.java:26)
	at org.gradle.internal.execution.steps.ChoosePipelineStep.execute(ChoosePipelineStep.java:40)
	at org.gradle.internal.execution.steps.ChoosePipelineStep.execute(ChoosePipelineStep.java:23)
	at org.gradle.internal.execution.steps.ExecuteWorkBuildOperationFiringStep.lambda$execute$2(ExecuteWorkBuildOperationFiringStep.java:67)
	at java.base/java.util.Optional.orElseGet(Optional.java:364)
	at org.gradle.internal.execution.steps.ExecuteWorkBuildOperationFiringStep.execute(ExecuteWorkBuildOperationFiringStep.java:67)
	at org.gradle.internal.execution.steps.ExecuteWorkBuildOperationFiringStep.execute(ExecuteWorkBuildOperationFiringStep.java:39)
	at org.gradle.internal.execution.steps.IdentityCacheStep.execute(IdentityCacheStep.java:46)
	at org.gradle.internal.execution.steps.IdentityCacheStep.execute(IdentityCacheStep.java:34)
	at org.gradle.internal.execution.steps.IdentifyStep.execute(IdentifyStep.java:56)
	at org.gradle.internal.execution.steps.IdentifyStep.execute(IdentifyStep.java:38)
	at org.gradle.internal.execution.impl.DefaultExecutionEngine$1.execute(DefaultExecutionEngine.java:68)
	at org.gradle.api.internal.tasks.execution.ExecuteActionsTaskExecuter.executeIfValid(ExecuteActionsTaskExecuter.java:132)
	at org.gradle.api.internal.tasks.execution.ExecuteActionsTaskExecuter.execute(ExecuteActionsTaskExecuter.java:121)
	at org.gradle.api.internal.tasks.execution.ProblemsTaskPathTrackingTaskExecuter.execute(ProblemsTaskPathTrackingTaskExecuter.java:41)
	at org.gradle.api.internal.tasks.execution.ResolveTaskExecutionModeExecuter.execute(ResolveTaskExecutionModeExecuter.java:51)
	at org.gradle.api.internal.tasks.execution.FinalizePropertiesTaskExecuter.execute(FinalizePropertiesTaskExecuter.java:46)
	at org.gradle.api.internal.tasks.execution.SkipTaskWithNoActionsExecuter.execute(SkipTaskWithNoActionsExecuter.java:57)
	at org.gradle.api.internal.tasks.execution.SkipOnlyIfTaskExecuter.execute(SkipOnlyIfTaskExecuter.java:74)
	at org.gradle.api.internal.tasks.execution.CatchExceptionTaskExecuter.execute(CatchExceptionTaskExecuter.java:36)
	at org.gradle.api.internal.tasks.execution.EventFiringTaskExecuter$1.executeTask(EventFiringTaskExecuter.java:77)
	at org.gradle.api.internal.tasks.execution.EventFiringTaskExecuter$1.call(EventFiringTaskExecuter.java:55)
	at org.gradle.api.internal.tasks.execution.EventFiringTaskExecuter$1.call(EventFiringTaskExecuter.java:52)
	at org.gradle.internal.operations.DefaultBuildOperationRunner$CallableBuildOperationWorker.execute(DefaultBuildOperationRunner.java:210)
	at org.gradle.internal.operations.DefaultBuildOperationRunner$CallableBuildOperationWorker.execute(DefaultBuildOperationRunner.java:205)
	at org.gradle.internal.operations.DefaultBuildOperationRunner$2.execute(DefaultBuildOperationRunner.java:67)
	at org.gradle.internal.operations.DefaultBuildOperationRunner$2.execute(DefaultBuildOperationRunner.java:60)
	at org.gradle.internal.operations.DefaultBuildOperationRunner.execute(DefaultBuildOperationRunner.java:167)
	at org.gradle.internal.operations.DefaultBuildOperationRunner.execute(DefaultBuildOperationRunner.java:60)
	at org.gradle.internal.operations.DefaultBuildOperationRunner.call(DefaultBuildOperationRunner.java:54)
	at org.gradle.api.internal.tasks.execution.EventFiringTaskExecuter.execute(EventFiringTaskExecuter.java:52)
	at org.gradle.execution.plan.DefaultNodeExecutor.executeLocalTaskNode(DefaultNodeExecutor.java:55)
	at org.gradle.execution.plan.DefaultNodeExecutor.execute(DefaultNodeExecutor.java:34)
	at org.gradle.execution.taskgraph.DefaultTaskExecutionGraph$InvokeNodeExecutorsAction.execute(DefaultTaskExecutionGraph.java:355)
	at org.gradle.execution.taskgraph.DefaultTaskExecutionGraph$InvokeNodeExecutorsAction.execute(DefaultTaskExecutionGraph.java:343)
	at org.gradle.execution.taskgraph.DefaultTaskExecutionGraph$BuildOperationAwareExecutionAction.lambda$execute$0(DefaultTaskExecutionGraph.java:339)
	at org.gradle.internal.operations.CurrentBuildOperationRef.with(CurrentBuildOperationRef.java:84)
	at org.gradle.execution.taskgraph.DefaultTaskExecutionGraph$BuildOperationAwareExecutionAction.execute(DefaultTaskExecutionGraph.java:339)
	at org.gradle.execution.taskgraph.DefaultTaskExecutionGraph$BuildOperationAwareExecutionAction.execute(DefaultTaskExecutionGraph.java:328)
	at org.gradle.execution.plan.DefaultPlanExecutor$ExecutorWorker.execute(DefaultPlanExecutor.java:459)
	at org.gradle.execution.plan.DefaultPlanExecutor$ExecutorWorker.run(DefaultPlanExecutor.java:376)
	at org.gradle.internal.concurrent.ExecutorPolicy$CatchAndRecordFailures.onExecute(ExecutorPolicy.java:64)
	at org.gradle.internal.concurrent.AbstractManagedExecutor$1.run(AbstractManagedExecutor.java:47)
	at java.base/java.util.concurrent.ThreadPoolExecutor.runWorker(ThreadPoolExecutor.java:1144)
	at java.base/java.util.concurrent.ThreadPoolExecutor$Worker.run(ThreadPoolExecutor.java:642)
	at java.base/java.lang.Thread.run(Thread.java:1583)

WARNING: D8: An error occurred when parsing kotlin metadata. This normally happens when using a newer version of kotlin than the kotlin version released when this version of R8 was created. To find compatible kotlin versions, please see: https://developer.android.com/studio/build/kotlin-d8-r8-versions
WARNING: D8: Unexpected error during rewriting of Kotlin metadata for class 'com.netshort.plugin.NetShortProvider$load$4':
com.android.tools.r8.internal.Os0: Should never be called
	at com.android.tools.r8.kotlin.a0.a(R8_8.7.18_f8bee6d6fb926b7ebb3b15bf98f726f9d57471456ea20fce6d17d9a020197688:2)
	at com.android.tools.r8.kotlin.Z.a(R8_8.7.18_f8bee6d6fb926b7ebb3b15bf98f726f9d57471456ea20fce6d17d9a020197688:185)
	at com.android.tools.r8.kotlin.Z.a(R8_8.7.18_f8bee6d6fb926b7ebb3b15bf98f726f9d57471456ea20fce6d17d9a020197688:184)
	at com.android.tools.r8.internal.ep0.a(R8_8.7.18_f8bee6d6fb926b7ebb3b15bf98f726f9d57471456ea20fce6d17d9a020197688:23)
	at com.android.tools.r8.internal.ep0.a(R8_8.7.18_f8bee6d6fb926b7ebb3b15bf98f726f9d57471456ea20fce6d17d9a020197688:34)
	at com.android.tools.r8.internal.ep0.a(R8_8.7.18_f8bee6d6fb926b7ebb3b15bf98f726f9d57471456ea20fce6d17d9a020197688:17)
	at com.google.common.util.concurrent.TrustedListenableFutureTask$TrustedFutureInterruptibleTask.runInterruptibly(TrustedListenableFutureTask.java:131)
	at com.google.common.util.concurrent.InterruptibleTask.run(InterruptibleTask.java:75)
	at com.google.common.util.concurrent.TrustedListenableFutureTask.run(TrustedListenableFutureTask.java:82)
	at com.google.common.util.concurrent.MoreExecutors$DirectExecutorService.execute(MoreExecutors.java:327)
	at java.base/java.util.concurrent.AbstractExecutorService.submit(AbstractExecutorService.java:145)
	at com.google.common.util.concurrent.AbstractListeningExecutorService.submit(AbstractListeningExecutorService.java:79)
	at com.google.common.util.concurrent.AbstractListeningExecutorService.submit(AbstractListeningExecutorService.java:37)
	at com.android.tools.r8.internal.fp0.submit(R8_8.7.18_f8bee6d6fb926b7ebb3b15bf98f726f9d57471456ea20fce6d17d9a020197688:1)
	at com.android.tools.r8.internal.Ro0.a(R8_8.7.18_f8bee6d6fb926b7ebb3b15bf98f726f9d57471456ea20fce6d17d9a020197688:1)
	at com.android.tools.r8.internal.ep0.a(R8_8.7.18_f8bee6d6fb926b7ebb3b15bf98f726f9d57471456ea20fce6d17d9a020197688:19)
	at com.android.tools.r8.internal.Yw.a(R8_8.7.18_f8bee6d6fb926b7ebb3b15bf98f726f9d57471456ea20fce6d17d9a020197688:3)
	at java.base/java.util.ArrayList.forEach(ArrayList.java:1596)
	at com.android.tools.r8.internal.Yw.a(R8_8.7.18_f8bee6d6fb926b7ebb3b15bf98f726f9d57471456ea20fce6d17d9a020197688:2)
	at com.android.tools.r8.internal.ep0.a(R8_8.7.18_f8bee6d6fb926b7ebb3b15bf98f726f9d57471456ea20fce6d17d9a020197688:10)
	at com.android.tools.r8.internal.ep0.a(R8_8.7.18_f8bee6d6fb926b7ebb3b15bf98f726f9d57471456ea20fce6d17d9a020197688:33)
	at com.android.tools.r8.internal.ep0.a(R8_8.7.18_f8bee6d6fb926b7ebb3b15bf98f726f9d57471456ea20fce6d17d9a020197688:25)
	at com.android.tools.r8.internal.ep0.a(R8_8.7.18_f8bee6d6fb926b7ebb3b15bf98f726f9d57471456ea20fce6d17d9a020197688:22)
	at com.android.tools.r8.K.a(R8_8.7.18_f8bee6d6fb926b7ebb3b15bf98f726f9d57471456ea20fce6d17d9a020197688:3)
	at com.android.tools.r8.kotlin.Z.a(R8_8.7.18_f8bee6d6fb926b7ebb3b15bf98f726f9d57471456ea20fce6d17d9a020197688:9)
	at com.android.tools.r8.D8.b(R8_8.7.18_f8bee6d6fb926b7ebb3b15bf98f726f9d57471456ea20fce6d17d9a020197688:17)
	at com.android.tools.r8.internal.Gp0.a(R8_8.7.18_f8bee6d6fb926b7ebb3b15bf98f726f9d57471456ea20fce6d17d9a020197688:57)
	at com.android.tools.r8.D8.a(R8_8.7.18_f8bee6d6fb926b7ebb3b15bf98f726f9d57471456ea20fce6d17d9a020197688:88)
	at com.android.tools.r8.D8.d(R8_8.7.18_f8bee6d6fb926b7ebb3b15bf98f726f9d57471456ea20fce6d17d9a020197688:137)
	at com.android.tools.r8.D8.b(R8_8.7.18_f8bee6d6fb926b7ebb3b15bf98f726f9d57471456ea20fce6d17d9a020197688:1)
	at com.android.tools.r8.internal.yu.a(R8_8.7.18_f8bee6d6fb926b7ebb3b15bf98f726f9d57471456ea20fce6d17d9a020197688:28)
	at com.android.tools.r8.internal.yu.b(R8_8.7.18_f8bee6d6fb926b7ebb3b15bf98f726f9d57471456ea20fce6d17d9a020197688:2)
	at com.android.tools.r8.D8.run(R8_8.7.18_f8bee6d6fb926b7ebb3b15bf98f726f9d57471456ea20fce6d17d9a020197688:11)
	at com.android.builder.dexing.D8DexArchiveBuilder.convert(D8DexArchiveBuilder.java:127)
	at com.android.builder.dexing.DexArchiveBuilder.convert$default(DexArchiveBuilder.kt:44)
	at com.lagradost.cloudstream3.gradle.tasks.CompileDexTask.compileDex(CompileDexTask.kt:88)
	at java.base/jdk.internal.reflect.DirectMethodHandleAccessor.invoke(DirectMethodHandleAccessor.java:103)
	at java.base/java.lang.reflect.Method.invoke(Method.java:580)
	at org.gradle.internal.reflect.JavaMethod.invoke(JavaMethod.java:125)
	at org.gradle.api.internal.project.taskfactory.StandardTaskAction.doExecute(StandardTaskAction.java:58)
	at org.gradle.api.internal.project.taskfactory.StandardTaskAction.execute(StandardTaskAction.java:51)
	at org.gradle.api.internal.project.taskfactory.StandardTaskAction.execute(StandardTaskAction.java:29)
	at org.gradle.api.internal.tasks.execution.TaskExecution$3.run(TaskExecution.java:259)
	at org.gradle.internal.operations.DefaultBuildOperationRunner$1.execute(DefaultBuildOperationRunner.java:30)
	at org.gradle.internal.operations.DefaultBuildOperationRunner$1.execute(DefaultBuildOperationRunner.java:27)
	at org.gradle.internal.operations.DefaultBuildOperationRunner$2.execute(DefaultBuildOperationRunner.java:67)
	at org.gradle.internal.operations.DefaultBuildOperationRunner$2.execute(DefaultBuildOperationRunner.java:60)
	at org.gradle.internal.operations.DefaultBuildOperationRunner.execute(DefaultBuildOperationRunner.java:167)
	at org.gradle.internal.operations.DefaultBuildOperationRunner.execute(DefaultBuildOperationRunner.java:60)
	at org.gradle.internal.operations.DefaultBuildOperationRunner.run(DefaultBuildOperationRunner.java:48)
	at org.gradle.api.internal.tasks.execution.TaskExecution.executeAction(TaskExecution.java:244)
	at org.gradle.api.internal.tasks.execution.TaskExecution.executeActions(TaskExecution.java:227)
	at org.gradle.api.internal.tasks.execution.TaskExecution.executeWithPreviousOutputFiles(TaskExecution.java:210)
	at org.gradle.api.internal.tasks.execution.TaskExecution.execute(TaskExecution.java:176)
	at org.gradle.internal.execution.steps.ExecuteStep.executeInternal(ExecuteStep.java:167)
	at org.gradle.internal.execution.steps.ExecuteStep.access$000(ExecuteStep.java:47)
	at org.gradle.internal.execution.steps.ExecuteStep$1.call(ExecuteStep.java:137)
	at org.gradle.internal.execution.steps.ExecuteStep$1.call(ExecuteStep.java:134)
	at org.gradle.internal.operations.DefaultBuildOperationRunner$CallableBuildOperationWorker.execute(DefaultBuildOperationRunner.java:210)
	at org.gradle.internal.operations.DefaultBuildOperationRunner$CallableBuildOperationWorker.execute(DefaultBuildOperationRunner.java:205)
	at org.gradle.internal.operations.DefaultBuildOperationRunner$2.execute(DefaultBuildOperationRunner.java:67)
	at org.gradle.internal.operations.DefaultBuildOperationRunner$2.execute(DefaultBuildOperationRunner.java:60)
	at org.gradle.internal.operations.DefaultBuildOperationRunner.execute(DefaultBuildOperationRunner.java:167)
	at org.gradle.internal.operations.DefaultBuildOperationRunner.execute(DefaultBuildOperationRunner.java:60)
	at org.gradle.internal.operations.DefaultBuildOperationRunner.call(DefaultBuildOperationRunner.java:54)
	at org.gradle.internal.execution.steps.ExecuteStep.execute(ExecuteStep.java:134)
	at org.gradle.internal.execution.steps.ExecuteStep$Mutable.execute(ExecuteStep.java:80)
	at org.gradle.internal.execution.steps.CancelExecutionStep.execute(CancelExecutionStep.java:42)
	at org.gradle.internal.execution.steps.TimeoutStep.executeWithoutTimeout(TimeoutStep.java:75)
	at org.gradle.internal.execution.steps.TimeoutStep.execute(TimeoutStep.java:55)
	at org.gradle.internal.execution.steps.PreCreateOutputParentsStep.execute(PreCreateOutputParentsStep.java:51)
	at org.gradle.internal.execution.steps.PreCreateOutputParentsStep.execute(PreCreateOutputParentsStep.java:29)
	at org.gradle.internal.execution.steps.RemovePreviousOutputsStep.executeMutable(RemovePreviousOutputsStep.java:67)
	at org.gradle.internal.execution.steps.RemovePreviousOutputsStep.executeMutable(RemovePreviousOutputsStep.java:39)
	at org.gradle.internal.execution.steps.MutableStep.execute(MutableStep.java:26)
	at org.gradle.internal.execution.steps.BroadcastChangingOutputsStep.execute(BroadcastChangingOutputsStep.java:42)
	at org.gradle.internal.execution.steps.BroadcastChangingOutputsStep.execute(BroadcastChangingOutputsStep.java:24)
	at org.gradle.internal.execution.steps.CaptureOutputsAfterExecutionStep.execute(CaptureOutputsAfterExecutionStep.java:69)
	at org.gradle.internal.execution.steps.CaptureOutputsAfterExecutionStep.execute(CaptureOutputsAfterExecutionStep.java:46)
	at org.gradle.internal.execution.steps.ResolveInputChangesStep.executeMutable(ResolveInputChangesStep.java:39)
	at org.gradle.internal.execution.steps.ResolveInputChangesStep.executeMutable(ResolveInputChangesStep.java:28)
	at org.gradle.internal.execution.steps.MutableStep.execute(MutableStep.java:26)
	at org.gradle.internal.execution.steps.BuildCacheStep.executeWithoutCache(BuildCacheStep.java:189)
	at org.gradle.internal.execution.steps.BuildCacheStep.lambda$execute$1(BuildCacheStep.java:76)
	at org.gradle.internal.Either$Right.fold(Either.java:176)
	at org.gradle.internal.execution.caching.CachingState.fold(CachingState.java:62)
	at org.gradle.internal.execution.steps.BuildCacheStep.execute(BuildCacheStep.java:74)
	at org.gradle.internal.execution.steps.BuildCacheStep.execute(BuildCacheStep.java:49)
	at org.gradle.internal.execution.steps.StoreExecutionStateStep.executeMutable(StoreExecutionStateStep.java:46)
	at org.gradle.internal.execution.steps.StoreExecutionStateStep.executeMutable(StoreExecutionStateStep.java:35)
	at org.gradle.internal.execution.steps.MutableStep.execute(MutableStep.java:26)
	at org.gradle.internal.execution.steps.SkipUpToDateStep.executeBecause(SkipUpToDateStep.java:75)
	at org.gradle.internal.execution.steps.SkipUpToDateStep.lambda$execute$2(SkipUpToDateStep.java:53)
	at java.base/java.util.Optional.orElseGet(Optional.java:364)
	at org.gradle.internal.execution.steps.SkipUpToDateStep.execute(SkipUpToDateStep.java:53)
	at org.gradle.internal.execution.steps.SkipUpToDateStep.execute(SkipUpToDateStep.java:35)
	at org.gradle.internal.execution.steps.legacy.MarkSnapshottingInputsFinishedStep.execute(MarkSnapshottingInputsFinishedStep.java:37)
	at org.gradle.internal.execution.steps.legacy.MarkSnapshottingInputsFinishedStep.execute(MarkSnapshottingInputsFinishedStep.java:27)
	at org.gradle.internal.execution.steps.ResolveMutableCachingStateStep.executeDelegate(ResolveMutableCachingStateStep.java:70)
	at org.gradle.internal.execution.steps.ResolveMutableCachingStateStep.executeDelegate(ResolveMutableCachingStateStep.java:32)
	at org.gradle.internal.execution.steps.AbstractResolveCachingStateStep.execute(AbstractResolveCachingStateStep.java:69)
	at org.gradle.internal.execution.steps.AbstractResolveCachingStateStep.execute(AbstractResolveCachingStateStep.java:37)
	at org.gradle.internal.execution.steps.ResolveChangesStep.executeMutable(ResolveChangesStep.java:63)
	at org.gradle.internal.execution.steps.ResolveChangesStep.executeMutable(ResolveChangesStep.java:34)
	at org.gradle.internal.execution.steps.MutableStep.execute(MutableStep.java:26)
	at org.gradle.internal.execution.steps.ValidateStep$Mutable.executeDelegate(ValidateStep.java:79)
	at org.gradle.internal.execution.steps.ValidateStep$Mutable.executeDelegate(ValidateStep.java:65)
	at org.gradle.internal.execution.steps.ValidateStep.execute(ValidateStep.java:105)
	at org.gradle.internal.execution.steps.ValidateStep$Mutable.execute(ValidateStep.java:65)
	at org.gradle.internal.execution.steps.CaptureMutableStateBeforeExecutionStep.executeMutable(CaptureMutableStateBeforeExecutionStep.java:86)
	at org.gradle.internal.execution.steps.CaptureMutableStateBeforeExecutionStep.execute(CaptureMutableStateBeforeExecutionStep.java:65)
	at org.gradle.internal.execution.steps.CaptureMutableStateBeforeExecutionStep.execute(CaptureMutableStateBeforeExecutionStep.java:45)
	at org.gradle.internal.execution.steps.SkipEmptyMutableWorkStep.executeWithNonEmptySources(SkipEmptyMutableWorkStep.java:210)
	at org.gradle.internal.execution.steps.SkipEmptyMutableWorkStep.executeMutable(SkipEmptyMutableWorkStep.java:90)
	at org.gradle.internal.execution.steps.SkipEmptyMutableWorkStep.executeMutable(SkipEmptyMutableWorkStep.java:53)
	at org.gradle.internal.execution.steps.MutableStep.execute(MutableStep.java:26)
	at org.gradle.internal.execution.steps.legacy.MarkSnapshottingInputsStartedStep.execute(MarkSnapshottingInputsStartedStep.java:38)
	at org.gradle.internal.execution.steps.LoadPreviousExecutionStateStep.executeMutable(LoadPreviousExecutionStateStep.java:36)
	at org.gradle.internal.execution.steps.LoadPreviousExecutionStateStep.executeMutable(LoadPreviousExecutionStateStep.java:23)
	at org.gradle.internal.execution.steps.MutableStep.execute(MutableStep.java:26)
	at org.gradle.internal.execution.steps.HandleStaleOutputsStep.executeMutable(HandleStaleOutputsStep.java:77)
	at org.gradle.internal.execution.steps.HandleStaleOutputsStep.executeMutable(HandleStaleOutputsStep.java:43)
	at org.gradle.internal.execution.steps.MutableStep.execute(MutableStep.java:26)
	at org.gradle.internal.execution.steps.AssignMutableWorkspaceStep.lambda$executeMutable$0(AssignMutableWorkspaceStep.java:34)
	at org.gradle.api.internal.tasks.execution.TaskExecution$4.withWorkspace(TaskExecution.java:305)
	at org.gradle.internal.execution.steps.AssignMutableWorkspaceStep.executeMutable(AssignMutableWorkspaceStep.java:30)
	at org.gradle.internal.execution.steps.AssignMutableWorkspaceStep.executeMutable(AssignMutableWorkspaceStep.java:21)
	at org.gradle.internal.execution.steps.MutableStep.execute(MutableStep.java:26)
	at org.gradle.internal.execution.steps.ChoosePipelineStep.execute(ChoosePipelineStep.java:40)
	at org.gradle.internal.execution.steps.ChoosePipelineStep.execute(ChoosePipelineStep.java:23)
	at org.gradle.internal.execution.steps.ExecuteWorkBuildOperationFiringStep.lambda$execute$2(ExecuteWorkBuildOperationFiringStep.java:67)
	at java.base/java.util.Optional.orElseGet(Optional.java:364)
	at org.gradle.internal.execution.steps.ExecuteWorkBuildOperationFiringStep.execute(ExecuteWorkBuildOperationFiringStep.java:67)
	at org.gradle.internal.execution.steps.ExecuteWorkBuildOperationFiringStep.execute(ExecuteWorkBuildOperationFiringStep.java:39)
	at org.gradle.internal.execution.steps.IdentityCacheStep.execute(IdentityCacheStep.java:46)
	at org.gradle.internal.execution.steps.IdentityCacheStep.execute(IdentityCacheStep.java:34)
	at org.gradle.internal.execution.steps.IdentifyStep.execute(IdentifyStep.java:56)
	at org.gradle.internal.execution.steps.IdentifyStep.execute(IdentifyStep.java:38)
	at org.gradle.internal.execution.impl.DefaultExecutionEngine$1.execute(DefaultExecutionEngine.java:68)
	at org.gradle.api.internal.tasks.execution.ExecuteActionsTaskExecuter.executeIfValid(ExecuteActionsTaskExecuter.java:132)
	at org.gradle.api.internal.tasks.execution.ExecuteActionsTaskExecuter.execute(ExecuteActionsTaskExecuter.java:121)
	at org.gradle.api.internal.tasks.execution.ProblemsTaskPathTrackingTaskExecuter.execute(ProblemsTaskPathTrackingTaskExecuter.java:41)
	at org.gradle.api.internal.tasks.execution.ResolveTaskExecutionModeExecuter.execute(ResolveTaskExecutionModeExecuter.java:51)
	at org.gradle.api.internal.tasks.execution.FinalizePropertiesTaskExecuter.execute(FinalizePropertiesTaskExecuter.java:46)
	at org.gradle.api.internal.tasks.execution.SkipTaskWithNoActionsExecuter.execute(SkipTaskWithNoActionsExecuter.java:57)
	at org.gradle.api.internal.tasks.execution.SkipOnlyIfTaskExecuter.execute(SkipOnlyIfTaskExecuter.java:74)
	at org.gradle.api.internal.tasks.execution.CatchExceptionTaskExecuter.execute(CatchExceptionTaskExecuter.java:36)
	at org.gradle.api.internal.tasks.execution.EventFiringTaskExecuter$1.executeTask(EventFiringTaskExecuter.java:77)
	at org.gradle.api.internal.tasks.execution.EventFiringTaskExecuter$1.call(EventFiringTaskExecuter.java:55)
	at org.gradle.api.internal.tasks.execution.EventFiringTaskExecuter$1.call(EventFiringTaskExecuter.java:52)
	at org.gradle.internal.operations.DefaultBuildOperationRunner$CallableBuildOperationWorker.execute(DefaultBuildOperationRunner.java:210)
	at org.gradle.internal.operations.DefaultBuildOperationRunner$CallableBuildOperationWorker.execute(DefaultBuildOperationRunner.java:205)
	at org.gradle.internal.operations.DefaultBuildOperationRunner$2.execute(DefaultBuildOperationRunner.java:67)
	at org.gradle.internal.operations.DefaultBuildOperationRunner$2.execute(DefaultBuildOperationRunner.java:60)
	at org.gradle.internal.operations.DefaultBuildOperationRunner.execute(DefaultBuildOperationRunner.java:167)
	at org.gradle.internal.operations.DefaultBuildOperationRunner.execute(DefaultBuildOperationRunner.java:60)
	at org.gradle.internal.operations.DefaultBuildOperationRunner.call(DefaultBuildOperationRunner.java:54)
	at org.gradle.api.internal.tasks.execution.EventFiringTaskExecuter.execute(EventFiringTaskExecuter.java:52)
	at org.gradle.execution.plan.DefaultNodeExecutor.executeLocalTaskNode(DefaultNodeExecutor.java:55)
	at org.gradle.execution.plan.DefaultNodeExecutor.execute(DefaultNodeExecutor.java:34)
	at org.gradle.execution.taskgraph.DefaultTaskExecutionGraph$InvokeNodeExecutorsAction.execute(DefaultTaskExecutionGraph.java:355)
	at org.gradle.execution.taskgraph.DefaultTaskExecutionGraph$InvokeNodeExecutorsAction.execute(DefaultTaskExecutionGraph.java:343)
	at org.gradle.execution.taskgraph.DefaultTaskExecutionGraph$BuildOperationAwareExecutionAction.lambda$execute$0(DefaultTaskExecutionGraph.java:339)
	at org.gradle.internal.operations.CurrentBuildOperationRef.with(CurrentBuildOperationRef.java:84)
	at org.gradle.execution.taskgraph.DefaultTaskExecutionGraph$BuildOperationAwareExecutionAction.execute(DefaultTaskExecutionGraph.java:339)
	at org.gradle.execution.taskgraph.DefaultTaskExecutionGraph$BuildOperationAwareExecutionAction.execute(DefaultTaskExecutionGraph.java:328)
	at org.gradle.execution.plan.DefaultPlanExecutor$ExecutorWorker.execute(DefaultPlanExecutor.java:459)
	at org.gradle.execution.plan.DefaultPlanExecutor$ExecutorWorker.run(DefaultPlanExecutor.java:376)
	at org.gradle.internal.concurrent.ExecutorPolicy$CatchAndRecordFailures.onExecute(ExecutorPolicy.java:64)
	at org.gradle.internal.concurrent.AbstractManagedExecutor$1.run(AbstractManagedExecutor.java:47)
	at java.base/java.util.concurrent.ThreadPoolExecutor.runWorker(ThreadPoolExecutor.java:1144)
	at java.base/java.util.concurrent.ThreadPoolExecutor$Worker.run(ThreadPoolExecutor.java:642)
	at java.base/java.lang.Thread.run(Thread.java:1583)

WARNING: D8: An error occurred when parsing kotlin metadata. This normally happens when using a newer version of kotlin than the kotlin version released when this version of R8 was created. To find compatible kotlin versions, please see: https://developer.android.com/studio/build/kotlin-d8-r8-versions
WARNING: D8: Unexpected error during rewriting of Kotlin metadata for class 'com.netshort.plugin.NetShortProvider$search$1':
com.android.tools.r8.internal.Os0: Should never be called
	at com.android.tools.r8.kotlin.a0.a(R8_8.7.18_f8bee6d6fb926b7ebb3b15bf98f726f9d57471456ea20fce6d17d9a020197688:2)
	at com.android.tools.r8.kotlin.Z.a(R8_8.7.18_f8bee6d6fb926b7ebb3b15bf98f726f9d57471456ea20fce6d17d9a020197688:185)
	at com.android.tools.r8.kotlin.Z.a(R8_8.7.18_f8bee6d6fb926b7ebb3b15bf98f726f9d57471456ea20fce6d17d9a020197688:184)
	at com.android.tools.r8.internal.ep0.a(R8_8.7.18_f8bee6d6fb926b7ebb3b15bf98f726f9d57471456ea20fce6d17d9a020197688:23)
	at com.android.tools.r8.internal.ep0.a(R8_8.7.18_f8bee6d6fb926b7ebb3b15bf98f726f9d57471456ea20fce6d17d9a020197688:34)
	at com.android.tools.r8.internal.ep0.a(R8_8.7.18_f8bee6d6fb926b7ebb3b15bf98f726f9d57471456ea20fce6d17d9a020197688:17)
	at com.google.common.util.concurrent.TrustedListenableFutureTask$TrustedFutureInterruptibleTask.runInterruptibly(TrustedListenableFutureTask.java:131)
	at com.google.common.util.concurrent.InterruptibleTask.run(InterruptibleTask.java:75)
	at com.google.common.util.concurrent.TrustedListenableFutureTask.run(TrustedListenableFutureTask.java:82)
	at com.google.common.util.concurrent.MoreExecutors$DirectExecutorService.execute(MoreExecutors.java:327)
	at java.base/java.util.concurrent.AbstractExecutorService.submit(AbstractExecutorService.java:145)
	at com.google.common.util.concurrent.AbstractListeningExecutorService.submit(AbstractListeningExecutorService.java:79)
	at com.google.common.util.concurrent.AbstractListeningExecutorService.submit(AbstractListeningExecutorService.java:37)
	at com.android.tools.r8.internal.fp0.submit(R8_8.7.18_f8bee6d6fb926b7ebb3b15bf98f726f9d57471456ea20fce6d17d9a020197688:1)
	at com.android.tools.r8.internal.Ro0.a(R8_8.7.18_f8bee6d6fb926b7ebb3b15bf98f726f9d57471456ea20fce6d17d9a020197688:1)
	at com.android.tools.r8.internal.ep0.a(R8_8.7.18_f8bee6d6fb926b7ebb3b15bf98f726f9d57471456ea20fce6d17d9a020197688:19)
	at com.android.tools.r8.internal.Yw.a(R8_8.7.18_f8bee6d6fb926b7ebb3b15bf98f726f9d57471456ea20fce6d17d9a020197688:3)
	at java.base/java.util.ArrayList.forEach(ArrayList.java:1596)
	at com.android.tools.r8.internal.Yw.a(R8_8.7.18_f8bee6d6fb926b7ebb3b15bf98f726f9d57471456ea20fce6d17d9a020197688:2)
	at com.android.tools.r8.internal.ep0.a(R8_8.7.18_f8bee6d6fb926b7ebb3b15bf98f726f9d57471456ea20fce6d17d9a020197688:10)
	at com.android.tools.r8.internal.ep0.a(R8_8.7.18_f8bee6d6fb926b7ebb3b15bf98f726f9d57471456ea20fce6d17d9a020197688:33)
	at com.android.tools.r8.internal.ep0.a(R8_8.7.18_f8bee6d6fb926b7ebb3b15bf98f726f9d57471456ea20fce6d17d9a020197688:25)
	at com.android.tools.r8.internal.ep0.a(R8_8.7.18_f8bee6d6fb926b7ebb3b15bf98f726f9d57471456ea20fce6d17d9a020197688:22)
	at com.android.tools.r8.K.a(R8_8.7.18_f8bee6d6fb926b7ebb3b15bf98f726f9d57471456ea20fce6d17d9a020197688:3)
	at com.android.tools.r8.kotlin.Z.a(R8_8.7.18_f8bee6d6fb926b7ebb3b15bf98f726f9d57471456ea20fce6d17d9a020197688:9)
	at com.android.tools.r8.D8.b(R8_8.7.18_f8bee6d6fb926b7ebb3b15bf98f726f9d57471456ea20fce6d17d9a020197688:17)
	at com.android.tools.r8.internal.Gp0.a(R8_8.7.18_f8bee6d6fb926b7ebb3b15bf98f726f9d57471456ea20fce6d17d9a020197688:57)
	at com.android.tools.r8.D8.a(R8_8.7.18_f8bee6d6fb926b7ebb3b15bf98f726f9d57471456ea20fce6d17d9a020197688:88)
	at com.android.tools.r8.D8.d(R8_8.7.18_f8bee6d6fb926b7ebb3b15bf98f726f9d57471456ea20fce6d17d9a020197688:137)
	at com.android.tools.r8.D8.b(R8_8.7.18_f8bee6d6fb926b7ebb3b15bf98f726f9d57471456ea20fce6d17d9a020197688:1)
	at com.android.tools.r8.internal.yu.a(R8_8.7.18_f8bee6d6fb926b7ebb3b15bf98f726f9d57471456ea20fce6d17d9a020197688:28)
	at com.android.tools.r8.internal.yu.b(R8_8.7.18_f8bee6d6fb926b7ebb3b15bf98f726f9d57471456ea20fce6d17d9a020197688:2)
	at com.android.tools.r8.D8.run(R8_8.7.18_f8bee6d6fb926b7ebb3b15bf98f726f9d57471456ea20fce6d17d9a020197688:11)
	at com.android.builder.dexing.D8DexArchiveBuilder.convert(D8DexArchiveBuilder.java:127)
	at com.android.builder.dexing.DexArchiveBuilder.convert$default(DexArchiveBuilder.kt:44)
	at com.lagradost.cloudstream3.gradle.tasks.CompileDexTask.compileDex(CompileDexTask.kt:88)
	at java.base/jdk.internal.reflect.DirectMethodHandleAccessor.invoke(DirectMethodHandleAccessor.java:103)
	at java.base/java.lang.reflect.Method.invoke(Method.java:580)
	at org.gradle.internal.reflect.JavaMethod.invoke(JavaMethod.java:125)
	at org.gradle.api.internal.project.taskfactory.StandardTaskAction.doExecute(StandardTaskAction.java:58)
	at org.gradle.api.internal.project.taskfactory.StandardTaskAction.execute(StandardTaskAction.java:51)
	at org.gradle.api.internal.project.taskfactory.StandardTaskAction.execute(StandardTaskAction.java:29)
	at org.gradle.api.internal.tasks.execution.TaskExecution$3.run(TaskExecution.java:259)
	at org.gradle.internal.operations.DefaultBuildOperationRunner$1.execute(DefaultBuildOperationRunner.java:30)
	at org.gradle.internal.operations.DefaultBuildOperationRunner$1.execute(DefaultBuildOperationRunner.java:27)
	at org.gradle.internal.operations.DefaultBuildOperationRunner$2.execute(DefaultBuildOperationRunner.java:67)
	at org.gradle.internal.operations.DefaultBuildOperationRunner$2.execute(DefaultBuildOperationRunner.java:60)
	at org.gradle.internal.operations.DefaultBuildOperationRunner.execute(DefaultBuildOperationRunner.java:167)
	at org.gradle.internal.operations.DefaultBuildOperationRunner.execute(DefaultBuildOperationRunner.java:60)
	at org.gradle.internal.operations.DefaultBuildOperationRunner.run(DefaultBuildOperationRunner.java:48)
	at org.gradle.api.internal.tasks.execution.TaskExecution.executeAction(TaskExecution.java:244)
	at org.gradle.api.internal.tasks.execution.TaskExecution.executeActions(TaskExecution.java:227)
	at org.gradle.api.internal.tasks.execution.TaskExecution.executeWithPreviousOutputFiles(TaskExecution.java:210)
	at org.gradle.api.internal.tasks.execution.TaskExecution.execute(TaskExecution.java:176)
	at org.gradle.internal.execution.steps.ExecuteStep.executeInternal(ExecuteStep.java:167)
	at org.gradle.internal.execution.steps.ExecuteStep.access$000(ExecuteStep.java:47)
	at org.gradle.internal.execution.steps.ExecuteStep$1.call(ExecuteStep.java:137)
	at org.gradle.internal.execution.steps.ExecuteStep$1.call(ExecuteStep.java:134)
	at org.gradle.internal.operations.DefaultBuildOperationRunner$CallableBuildOperationWorker.execute(DefaultBuildOperationRunner.java:210)
	at org.gradle.internal.operations.DefaultBuildOperationRunner$CallableBuildOperationWorker.execute(DefaultBuildOperationRunner.java:205)
	at org.gradle.internal.operations.DefaultBuildOperationRunner$2.execute(DefaultBuildOperationRunner.java:67)
	at org.gradle.internal.operations.DefaultBuildOperationRunner$2.execute(DefaultBuildOperationRunner.java:60)
	at org.gradle.internal.operations.DefaultBuildOperationRunner.execute(DefaultBuildOperationRunner.java:167)
	at org.gradle.internal.operations.DefaultBuildOperationRunner.execute(DefaultBuildOperationRunner.java:60)
	at org.gradle.internal.operations.DefaultBuildOperationRunner.call(DefaultBuildOperationRunner.java:54)
	at org.gradle.internal.execution.steps.ExecuteStep.execute(ExecuteStep.java:134)
	at org.gradle.internal.execution.steps.ExecuteStep$Mutable.execute(ExecuteStep.java:80)
	at org.gradle.internal.execution.steps.CancelExecutionStep.execute(CancelExecutionStep.java:42)
	at org.gradle.internal.execution.steps.TimeoutStep.executeWithoutTimeout(TimeoutStep.java:75)
	at org.gradle.internal.execution.steps.TimeoutStep.execute(TimeoutStep.java:55)
	at org.gradle.internal.execution.steps.PreCreateOutputParentsStep.execute(PreCreateOutputParentsStep.java:51)
	at org.gradle.internal.execution.steps.PreCreateOutputParentsStep.execute(PreCreateOutputParentsStep.java:29)
	at org.gradle.internal.execution.steps.RemovePreviousOutputsStep.executeMutable(RemovePreviousOutputsStep.java:67)
	at org.gradle.internal.execution.steps.RemovePreviousOutputsStep.executeMutable(RemovePreviousOutputsStep.java:39)
	at org.gradle.internal.execution.steps.MutableStep.execute(MutableStep.java:26)
	at org.gradle.internal.execution.steps.BroadcastChangingOutputsStep.execute(BroadcastChangingOutputsStep.java:42)
	at org.gradle.internal.execution.steps.BroadcastChangingOutputsStep.execute(BroadcastChangingOutputsStep.java:24)
	at org.gradle.internal.execution.steps.CaptureOutputsAfterExecutionStep.execute(CaptureOutputsAfterExecutionStep.java:69)
	at org.gradle.internal.execution.steps.CaptureOutputsAfterExecutionStep.execute(CaptureOutputsAfterExecutionStep.java:46)
	at org.gradle.internal.execution.steps.ResolveInputChangesStep.executeMutable(ResolveInputChangesStep.java:39)
	at org.gradle.internal.execution.steps.ResolveInputChangesStep.executeMutable(ResolveInputChangesStep.java:28)
	at org.gradle.internal.execution.steps.MutableStep.execute(MutableStep.java:26)
	at org.gradle.internal.execution.steps.BuildCacheStep.executeWithoutCache(BuildCacheStep.java:189)
	at org.gradle.internal.execution.steps.BuildCacheStep.lambda$execute$1(BuildCacheStep.java:76)
	at org.gradle.internal.Either$Right.fold(Either.java:176)
	at org.gradle.internal.execution.caching.CachingState.fold(CachingState.java:62)
	at org.gradle.internal.execution.steps.BuildCacheStep.execute(BuildCacheStep.java:74)
	at org.gradle.internal.execution.steps.BuildCacheStep.execute(BuildCacheStep.java:49)
	at org.gradle.internal.execution.steps.StoreExecutionStateStep.executeMutable(StoreExecutionStateStep.java:46)
	at org.gradle.internal.execution.steps.StoreExecutionStateStep.executeMutable(StoreExecutionStateStep.java:35)
	at org.gradle.internal.execution.steps.MutableStep.execute(MutableStep.java:26)
	at org.gradle.internal.execution.steps.SkipUpToDateStep.executeBecause(SkipUpToDateStep.java:75)
	at org.gradle.internal.execution.steps.SkipUpToDateStep.lambda$execute$2(SkipUpToDateStep.java:53)
	at java.base/java.util.Optional.orElseGet(Optional.java:364)
	at org.gradle.internal.execution.steps.SkipUpToDateStep.execute(SkipUpToDateStep.java:53)
	at org.gradle.internal.execution.steps.SkipUpToDateStep.execute(SkipUpToDateStep.java:35)
	at org.gradle.internal.execution.steps.legacy.MarkSnapshottingInputsFinishedStep.execute(MarkSnapshottingInputsFinishedStep.java:37)
	at org.gradle.internal.execution.steps.legacy.MarkSnapshottingInputsFinishedStep.execute(MarkSnapshottingInputsFinishedStep.java:27)
	at org.gradle.internal.execution.steps.ResolveMutableCachingStateStep.executeDelegate(ResolveMutableCachingStateStep.java:70)
	at org.gradle.internal.execution.steps.ResolveMutableCachingStateStep.executeDelegate(ResolveMutableCachingStateStep.java:32)
	at org.gradle.internal.execution.steps.AbstractResolveCachingStateStep.execute(AbstractResolveCachingStateStep.java:69)
	at org.gradle.internal.execution.steps.AbstractResolveCachingStateStep.execute(AbstractResolveCachingStateStep.java:37)
	at org.gradle.internal.execution.steps.ResolveChangesStep.executeMutable(ResolveChangesStep.java:63)
	at org.gradle.internal.execution.steps.ResolveChangesStep.executeMutable(ResolveChangesStep.java:34)
	at org.gradle.internal.execution.steps.MutableStep.execute(MutableStep.java:26)
	at org.gradle.internal.execution.steps.ValidateStep$Mutable.executeDelegate(ValidateStep.java:79)
	at org.gradle.internal.execution.steps.ValidateStep$Mutable.executeDelegate(ValidateStep.java:65)
	at org.gradle.internal.execution.steps.ValidateStep.execute(ValidateStep.java:105)
	at org.gradle.internal.execution.steps.ValidateStep$Mutable.execute(ValidateStep.java:65)
	at org.gradle.internal.execution.steps.CaptureMutableStateBeforeExecutionStep.executeMutable(CaptureMutableStateBeforeExecutionStep.java:86)
	at org.gradle.internal.execution.steps.CaptureMutableStateBeforeExecutionStep.execute(CaptureMutableStateBeforeExecutionStep.java:65)
	at org.gradle.internal.execution.steps.CaptureMutableStateBeforeExecutionStep.execute(CaptureMutableStateBeforeExecutionStep.java:45)
	at org.gradle.internal.execution.steps.SkipEmptyMutableWorkStep.executeWithNonEmptySources(SkipEmptyMutableWorkStep.java:210)
	at org.gradle.internal.execution.steps.SkipEmptyMutableWorkStep.executeMutable(SkipEmptyMutableWorkStep.java:90)
	at org.gradle.internal.execution.steps.SkipEmptyMutableWorkStep.executeMutable(SkipEmptyMutableWorkStep.java:53)
	at org.gradle.internal.execution.steps.MutableStep.execute(MutableStep.java:26)
	at org.gradle.internal.execution.steps.legacy.MarkSnapshottingInputsStartedStep.execute(MarkSnapshottingInputsStartedStep.java:38)
	at org.gradle.internal.execution.steps.LoadPreviousExecutionStateStep.executeMutable(LoadPreviousExecutionStateStep.java:36)
	at org.gradle.internal.execution.steps.LoadPreviousExecutionStateStep.executeMutable(LoadPreviousExecutionStateStep.java:23)
	at org.gradle.internal.execution.steps.MutableStep.execute(MutableStep.java:26)
	at org.gradle.internal.execution.steps.HandleStaleOutputsStep.executeMutable(HandleStaleOutputsStep.java:77)
	at org.gradle.internal.execution.steps.HandleStaleOutputsStep.executeMutable(HandleStaleOutputsStep.java:43)
	at org.gradle.internal.execution.steps.MutableStep.execute(MutableStep.java:26)
	at org.gradle.internal.execution.steps.AssignMutableWorkspaceStep.lambda$executeMutable$0(AssignMutableWorkspaceStep.java:34)
	at org.gradle.api.internal.tasks.execution.TaskExecution$4.withWorkspace(TaskExecution.java:305)
	at org.gradle.internal.execution.steps.AssignMutableWorkspaceStep.executeMutable(AssignMutableWorkspaceStep.java:30)
	at org.gradle.internal.execution.steps.AssignMutableWorkspaceStep.executeMutable(AssignMutableWorkspaceStep.java:21)
	at org.gradle.internal.execution.steps.MutableStep.execute(MutableStep.java:26)
	at org.gradle.internal.execution.steps.ChoosePipelineStep.execute(ChoosePipelineStep.java:40)
	at org.gradle.internal.execution.steps.ChoosePipelineStep.execute(ChoosePipelineStep.java:23)
	at org.gradle.internal.execution.steps.ExecuteWorkBuildOperationFiringStep.lambda$execute$2(ExecuteWorkBuildOperationFiringStep.java:67)
	at java.base/java.util.Optional.orElseGet(Optional.java:364)
	at org.gradle.internal.execution.steps.ExecuteWorkBuildOperationFiringStep.execute(ExecuteWorkBuildOperationFiringStep.java:67)
	at org.gradle.internal.execution.steps.ExecuteWorkBuildOperationFiringStep.execute(ExecuteWorkBuildOperationFiringStep.java:39)
	at org.gradle.internal.execution.steps.IdentityCacheStep.execute(IdentityCacheStep.java:46)
	at org.gradle.internal.execution.steps.IdentityCacheStep.execute(IdentityCacheStep.java:34)
	at org.gradle.internal.execution.steps.IdentifyStep.execute(IdentifyStep.java:56)
	at org.gradle.internal.execution.steps.IdentifyStep.execute(IdentifyStep.java:38)
	at org.gradle.internal.execution.impl.DefaultExecutionEngine$1.execute(DefaultExecutionEngine.java:68)
	at org.gradle.api.internal.tasks.execution.ExecuteActionsTaskExecuter.executeIfValid(ExecuteActionsTaskExecuter.java:132)
	at org.gradle.api.internal.tasks.execution.ExecuteActionsTaskExecuter.execute(ExecuteActionsTaskExecuter.java:121)
	at org.gradle.api.internal.tasks.execution.ProblemsTaskPathTrackingTaskExecuter.execute(ProblemsTaskPathTrackingTaskExecuter.java:41)
	at org.gradle.api.internal.tasks.execution.ResolveTaskExecutionModeExecuter.execute(ResolveTaskExecutionModeExecuter.java:51)
	at org.gradle.api.internal.tasks.execution.FinalizePropertiesTaskExecuter.execute(FinalizePropertiesTaskExecuter.java:46)
	at org.gradle.api.internal.tasks.execution.SkipTaskWithNoActionsExecuter.execute(SkipTaskWithNoActionsExecuter.java:57)
	at org.gradle.api.internal.tasks.execution.SkipOnlyIfTaskExecuter.execute(SkipOnlyIfTaskExecuter.java:74)
	at org.gradle.api.internal.tasks.execution.CatchExceptionTaskExecuter.execute(CatchExceptionTaskExecuter.java:36)
	at org.gradle.api.internal.tasks.execution.EventFiringTaskExecuter$1.executeTask(EventFiringTaskExecuter.java:77)
	at org.gradle.api.internal.tasks.execution.EventFiringTaskExecuter$1.call(EventFiringTaskExecuter.java:55)
	at org.gradle.api.internal.tasks.execution.EventFiringTaskExecuter$1.call(EventFiringTaskExecuter.java:52)
	at org.gradle.internal.operations.DefaultBuildOperationRunner$CallableBuildOperationWorker.execute(DefaultBuildOperationRunner.java:210)
	at org.gradle.internal.operations.DefaultBuildOperationRunner$CallableBuildOperationWorker.execute(DefaultBuildOperationRunner.java:205)
	at org.gradle.internal.operations.DefaultBuildOperationRunner$2.execute(DefaultBuildOperationRunner.java:67)
	at org.gradle.internal.operations.DefaultBuildOperationRunner$2.execute(DefaultBuildOperationRunner.java:60)
	at org.gradle.internal.operations.DefaultBuildOperationRunner.execute(DefaultBuildOperationRunner.java:167)
	at org.gradle.internal.operations.DefaultBuildOperationRunner.execute(DefaultBuildOperationRunner.java:60)
	at org.gradle.internal.operations.DefaultBuildOperationRunner.call(DefaultBuildOperationRunner.java:54)
	at org.gradle.api.internal.tasks.execution.EventFiringTaskExecuter.execute(EventFiringTaskExecuter.java:52)
	at org.gradle.execution.plan.DefaultNodeExecutor.executeLocalTaskNode(DefaultNodeExecutor.java:55)
	at org.gradle.execution.plan.DefaultNodeExecutor.execute(DefaultNodeExecutor.java:34)
	at org.gradle.execution.taskgraph.DefaultTaskExecutionGraph$InvokeNodeExecutorsAction.execute(DefaultTaskExecutionGraph.java:355)
	at org.gradle.execution.taskgraph.DefaultTaskExecutionGraph$InvokeNodeExecutorsAction.execute(DefaultTaskExecutionGraph.java:343)
	at org.gradle.execution.taskgraph.DefaultTaskExecutionGraph$BuildOperationAwareExecutionAction.lambda$execute$0(DefaultTaskExecutionGraph.java:339)
	at org.gradle.internal.operations.CurrentBuildOperationRef.with(CurrentBuildOperationRef.java:84)
	at org.gradle.execution.taskgraph.DefaultTaskExecutionGraph$BuildOperationAwareExecutionAction.execute(DefaultTaskExecutionGraph.java:339)
	at org.gradle.execution.taskgraph.DefaultTaskExecutionGraph$BuildOperationAwareExecutionAction.execute(DefaultTaskExecutionGraph.java:328)
	at org.gradle.execution.plan.DefaultPlanExecutor$ExecutorWorker.execute(DefaultPlanExecutor.java:459)
	at org.gradle.execution.plan.DefaultPlanExecutor$ExecutorWorker.run(DefaultPlanExecutor.java:376)
	at org.gradle.internal.concurrent.ExecutorPolicy$CatchAndRecordFailures.onExecute(ExecutorPolicy.java:64)
	at org.gradle.internal.concurrent.AbstractManagedExecutor$1.run(AbstractManagedExecutor.java:47)
	at java.base/java.util.concurrent.ThreadPoolExecutor.runWorker(ThreadPoolExecutor.java:1144)
	at java.base/java.util.concurrent.ThreadPoolExecutor$Worker.run(ThreadPoolExecutor.java:642)
	at java.base/java.lang.Thread.run(Thread.java:1583)

WARNING: D8: An error occurred when parsing kotlin metadata. This normally happens when using a newer version of kotlin than the kotlin version released when this version of R8 was created. To find compatible kotlin versions, please see: https://developer.android.com/studio/build/kotlin-d8-r8-versions
WARNING: D8: Unexpected error during rewriting of Kotlin metadata for class 'com.netshort.plugin.NetShortProvider':
com.android.tools.r8.internal.Os0: Should never be called
	at com.android.tools.r8.kotlin.a0.a(R8_8.7.18_f8bee6d6fb926b7ebb3b15bf98f726f9d57471456ea20fce6d17d9a020197688:2)
	at com.android.tools.r8.kotlin.Z.a(R8_8.7.18_f8bee6d6fb926b7ebb3b15bf98f726f9d57471456ea20fce6d17d9a020197688:185)
	at com.android.tools.r8.kotlin.Z.a(R8_8.7.18_f8bee6d6fb926b7ebb3b15bf98f726f9d57471456ea20fce6d17d9a020197688:184)
	at com.android.tools.r8.internal.ep0.a(R8_8.7.18_f8bee6d6fb926b7ebb3b15bf98f726f9d57471456ea20fce6d17d9a020197688:23)
	at com.android.tools.r8.internal.ep0.a(R8_8.7.18_f8bee6d6fb926b7ebb3b15bf98f726f9d57471456ea20fce6d17d9a020197688:34)
	at com.android.tools.r8.internal.ep0.a(R8_8.7.18_f8bee6d6fb926b7ebb3b15bf98f726f9d57471456ea20fce6d17d9a020197688:17)
	at com.google.common.util.concurrent.TrustedListenableFutureTask$TrustedFutureInterruptibleTask.runInterruptibly(TrustedListenableFutureTask.java:131)
	at com.google.common.util.concurrent.InterruptibleTask.run(InterruptibleTask.java:75)
	at com.google.common.util.concurrent.TrustedListenableFutureTask.run(TrustedListenableFutureTask.java:82)
	at com.google.common.util.concurrent.MoreExecutors$DirectExecutorService.execute(MoreExecutors.java:327)
	at java.base/java.util.concurrent.AbstractExecutorService.submit(AbstractExecutorService.java:145)
	at com.google.common.util.concurrent.AbstractListeningExecutorService.submit(AbstractListeningExecutorService.java:79)
	at com.google.common.util.concurrent.AbstractListeningExecutorService.submit(AbstractListeningExecutorService.java:37)
	at com.android.tools.r8.internal.fp0.submit(R8_8.7.18_f8bee6d6fb926b7ebb3b15bf98f726f9d57471456ea20fce6d17d9a020197688:1)
	at com.android.tools.r8.internal.Ro0.a(R8_8.7.18_f8bee6d6fb926b7ebb3b15bf98f726f9d57471456ea20fce6d17d9a020197688:1)
	at com.android.tools.r8.internal.ep0.a(R8_8.7.18_f8bee6d6fb926b7ebb3b15bf98f726f9d57471456ea20fce6d17d9a020197688:19)
	at com.android.tools.r8.internal.Yw.a(R8_8.7.18_f8bee6d6fb926b7ebb3b15bf98f726f9d57471456ea20fce6d17d9a020197688:3)
	at java.base/java.util.ArrayList.forEach(ArrayList.java:1596)
	at com.android.tools.r8.internal.Yw.a(R8_8.7.18_f8bee6d6fb926b7ebb3b15bf98f726f9d57471456ea20fce6d17d9a020197688:2)
	at com.android.tools.r8.internal.ep0.a(R8_8.7.18_f8bee6d6fb926b7ebb3b15bf98f726f9d57471456ea20fce6d17d9a020197688:10)
	at com.android.tools.r8.internal.ep0.a(R8_8.7.18_f8bee6d6fb926b7ebb3b15bf98f726f9d57471456ea20fce6d17d9a020197688:33)
	at com.android.tools.r8.internal.ep0.a(R8_8.7.18_f8bee6d6fb926b7ebb3b15bf98f726f9d57471456ea20fce6d17d9a020197688:25)
	at com.android.tools.r8.internal.ep0.a(R8_8.7.18_f8bee6d6fb926b7ebb3b15bf98f726f9d57471456ea20fce6d17d9a020197688:22)
	at com.android.tools.r8.K.a(R8_8.7.18_f8bee6d6fb926b7ebb3b15bf98f726f9d57471456ea20fce6d17d9a020197688:3)
	at com.android.tools.r8.kotlin.Z.a(R8_8.7.18_f8bee6d6fb926b7ebb3b15bf98f726f9d57471456ea20fce6d17d9a020197688:9)
	at com.android.tools.r8.D8.b(R8_8.7.18_f8bee6d6fb926b7ebb3b15bf98f726f9d57471456ea20fce6d17d9a020197688:17)
	at com.android.tools.r8.internal.Gp0.a(R8_8.7.18_f8bee6d6fb926b7ebb3b15bf98f726f9d57471456ea20fce6d17d9a020197688:57)
	at com.android.tools.r8.D8.a(R8_8.7.18_f8bee6d6fb926b7ebb3b15bf98f726f9d57471456ea20fce6d17d9a020197688:88)
	at com.android.tools.r8.D8.d(R8_8.7.18_f8bee6d6fb926b7ebb3b15bf98f726f9d57471456ea20fce6d17d9a020197688:137)
	at com.android.tools.r8.D8.b(R8_8.7.18_f8bee6d6fb926b7ebb3b15bf98f726f9d57471456ea20fce6d17d9a020197688:1)
	at com.android.tools.r8.internal.yu.a(R8_8.7.18_f8bee6d6fb926b7ebb3b15bf98f726f9d57471456ea20fce6d17d9a020197688:28)
	at com.android.tools.r8.internal.yu.b(R8_8.7.18_f8bee6d6fb926b7ebb3b15bf98f726f9d57471456ea20fce6d17d9a020197688:2)
	at com.android.tools.r8.D8.run(R8_8.7.18_f8bee6d6fb926b7ebb3b15bf98f726f9d57471456ea20fce6d17d9a020197688:11)
	at com.android.builder.dexing.D8DexArchiveBuilder.convert(D8DexArchiveBuilder.java:127)
	at com.android.builder.dexing.DexArchiveBuilder.convert$default(DexArchiveBuilder.kt:44)
	at com.lagradost.cloudstream3.gradle.tasks.CompileDexTask.compileDex(CompileDexTask.kt:88)
	at java.base/jdk.internal.reflect.DirectMethodHandleAccessor.invoke(DirectMethodHandleAccessor.java:103)
	at java.base/java.lang.reflect.Method.invoke(Method.java:580)
	at org.gradle.internal.reflect.JavaMethod.invoke(JavaMethod.java:125)
	at org.gradle.api.internal.project.taskfactory.StandardTaskAction.doExecute(StandardTaskAction.java:58)
	at org.gradle.api.internal.project.taskfactory.StandardTaskAction.execute(StandardTaskAction.java:51)
	at org.gradle.api.internal.project.taskfactory.StandardTaskAction.execute(StandardTaskAction.java:29)
	at org.gradle.api.internal.tasks.execution.TaskExecution$3.run(TaskExecution.java:259)
	at org.gradle.internal.operations.DefaultBuildOperationRunner$1.execute(DefaultBuildOperationRunner.java:30)
	at org.gradle.internal.operations.DefaultBuildOperationRunner$1.execute(DefaultBuildOperationRunner.java:27)
	at org.gradle.internal.operations.DefaultBuildOperationRunner$2.execute(DefaultBuildOperationRunner.java:67)
	at org.gradle.internal.operations.DefaultBuildOperationRunner$2.execute(DefaultBuildOperationRunner.java:60)
	at org.gradle.internal.operations.DefaultBuildOperationRunner.execute(DefaultBuildOperationRunner.java:167)
	at org.gradle.internal.operations.DefaultBuildOperationRunner.execute(DefaultBuildOperationRunner.java:60)
	at org.gradle.internal.operations.DefaultBuildOperationRunner.run(DefaultBuildOperationRunner.java:48)
	at org.gradle.api.internal.tasks.execution.TaskExecution.executeAction(TaskExecution.java:244)
	at org.gradle.api.internal.tasks.execution.TaskExecution.executeActions(TaskExecution.java:227)
	at org.gradle.api.internal.tasks.execution.TaskExecution.executeWithPreviousOutputFiles(TaskExecution.java:210)
	at org.gradle.api.internal.tasks.execution.TaskExecution.execute(TaskExecution.java:176)
	at org.gradle.internal.execution.steps.ExecuteStep.executeInternal(ExecuteStep.java:167)
	at org.gradle.internal.execution.steps.ExecuteStep.access$000(ExecuteStep.java:47)
	at org.gradle.internal.execution.steps.ExecuteStep$1.call(ExecuteStep.java:137)
	at org.gradle.internal.execution.steps.ExecuteStep$1.call(ExecuteStep.java:134)
	at org.gradle.internal.operations.DefaultBuildOperationRunner$CallableBuildOperationWorker.execute(DefaultBuildOperationRunner.java:210)
	at org.gradle.internal.operations.DefaultBuildOperationRunner$CallableBuildOperationWorker.execute(DefaultBuildOperationRunner.java:205)
	at org.gradle.internal.operations.DefaultBuildOperationRunner$2.execute(DefaultBuildOperationRunner.java:67)
	at org.gradle.internal.operations.DefaultBuildOperationRunner$2.execute(DefaultBuildOperationRunner.java:60)
	at org.gradle.internal.operations.DefaultBuildOperationRunner.execute(DefaultBuildOperationRunner.java:167)
	at org.gradle.internal.operations.DefaultBuildOperationRunner.execute(DefaultBuildOperationRunner.java:60)
	at org.gradle.internal.operations.DefaultBuildOperationRunner.call(DefaultBuildOperationRunner.java:54)
	at org.gradle.internal.execution.steps.ExecuteStep.execute(ExecuteStep.java:134)
	at org.gradle.internal.execution.steps.ExecuteStep$Mutable.execute(ExecuteStep.java:80)
	at org.gradle.internal.execution.steps.CancelExecutionStep.execute(CancelExecutionStep.java:42)
	at org.gradle.internal.execution.steps.TimeoutStep.executeWithoutTimeout(TimeoutStep.java:75)
	at org.gradle.internal.execution.steps.TimeoutStep.execute(TimeoutStep.java:55)
	at org.gradle.internal.execution.steps.PreCreateOutputParentsStep.execute(PreCreateOutputParentsStep.java:51)
	at org.gradle.internal.execution.steps.PreCreateOutputParentsStep.execute(PreCreateOutputParentsStep.java:29)
	at org.gradle.internal.execution.steps.RemovePreviousOutputsStep.executeMutable(RemovePreviousOutputsStep.java:67)
	at org.gradle.internal.execution.steps.RemovePreviousOutputsStep.executeMutable(RemovePreviousOutputsStep.java:39)
	at org.gradle.internal.execution.steps.MutableStep.execute(MutableStep.java:26)
	at org.gradle.internal.execution.steps.BroadcastChangingOutputsStep.execute(BroadcastChangingOutputsStep.java:42)
	at org.gradle.internal.execution.steps.BroadcastChangingOutputsStep.execute(BroadcastChangingOutputsStep.java:24)
	at org.gradle.internal.execution.steps.CaptureOutputsAfterExecutionStep.execute(CaptureOutputsAfterExecutionStep.java:69)
	at org.gradle.internal.execution.steps.CaptureOutputsAfterExecutionStep.execute(CaptureOutputsAfterExecutionStep.java:46)
	at org.gradle.internal.execution.steps.ResolveInputChangesStep.executeMutable(ResolveInputChangesStep.java:39)
	at org.gradle.internal.execution.steps.ResolveInputChangesStep.executeMutable(ResolveInputChangesStep.java:28)
	at org.gradle.internal.execution.steps.MutableStep.execute(MutableStep.java:26)
	at org.gradle.internal.execution.steps.BuildCacheStep.executeWithoutCache(BuildCacheStep.java:189)
	at org.gradle.internal.execution.steps.BuildCacheStep.lambda$execute$1(BuildCacheStep.java:76)
	at org.gradle.internal.Either$Right.fold(Either.java:176)
	at org.gradle.internal.execution.caching.CachingState.fold(CachingState.java:62)
	at org.gradle.internal.execution.steps.BuildCacheStep.execute(BuildCacheStep.java:74)
	at org.gradle.internal.execution.steps.BuildCacheStep.execute(BuildCacheStep.java:49)
	at org.gradle.internal.execution.steps.StoreExecutionStateStep.executeMutable(StoreExecutionStateStep.java:46)
	at org.gradle.internal.execution.steps.StoreExecutionStateStep.executeMutable(StoreExecutionStateStep.java:35)
	at org.gradle.internal.execution.steps.MutableStep.execute(MutableStep.java:26)
	at org.gradle.internal.execution.steps.SkipUpToDateStep.executeBecause(SkipUpToDateStep.java:75)
	at org.gradle.internal.execution.steps.SkipUpToDateStep.lambda$execute$2(SkipUpToDateStep.java:53)
	at java.base/java.util.Optional.orElseGet(Optional.java:364)
	at org.gradle.internal.execution.steps.SkipUpToDateStep.execute(SkipUpToDateStep.java:53)
	at org.gradle.internal.execution.steps.SkipUpToDateStep.execute(SkipUpToDateStep.java:35)
	at org.gradle.internal.execution.steps.legacy.MarkSnapshottingInputsFinishedStep.execute(MarkSnapshottingInputsFinishedStep.java:37)
	at org.gradle.internal.execution.steps.legacy.MarkSnapshottingInputsFinishedStep.execute(MarkSnapshottingInputsFinishedStep.java:27)
	at org.gradle.internal.execution.steps.ResolveMutableCachingStateStep.executeDelegate(ResolveMutableCachingStateStep.java:70)
	at org.gradle.internal.execution.steps.ResolveMutableCachingStateStep.executeDelegate(ResolveMutableCachingStateStep.java:32)
	at org.gradle.internal.execution.steps.AbstractResolveCachingStateStep.execute(AbstractResolveCachingStateStep.java:69)
	at org.gradle.internal.execution.steps.AbstractResolveCachingStateStep.execute(AbstractResolveCachingStateStep.java:37)
	at org.gradle.internal.execution.steps.ResolveChangesStep.executeMutable(ResolveChangesStep.java:63)
	at org.gradle.internal.execution.steps.ResolveChangesStep.executeMutable(ResolveChangesStep.java:34)
	at org.gradle.internal.execution.steps.MutableStep.execute(MutableStep.java:26)
	at org.gradle.internal.execution.steps.ValidateStep$Mutable.executeDelegate(ValidateStep.java:79)
	at org.gradle.internal.execution.steps.ValidateStep$Mutable.executeDelegate(ValidateStep.java:65)
	at org.gradle.internal.execution.steps.ValidateStep.execute(ValidateStep.java:105)
	at org.gradle.internal.execution.steps.ValidateStep$Mutable.execute(ValidateStep.java:65)
	at org.gradle.internal.execution.steps.CaptureMutableStateBeforeExecutionStep.executeMutable(CaptureMutableStateBeforeExecutionStep.java:86)
	at org.gradle.internal.execution.steps.CaptureMutableStateBeforeExecutionStep.execute(CaptureMutableStateBeforeExecutionStep.java:65)
	at org.gradle.internal.execution.steps.CaptureMutableStateBeforeExecutionStep.execute(CaptureMutableStateBeforeExecutionStep.java:45)
	at org.gradle.internal.execution.steps.SkipEmptyMutableWorkStep.executeWithNonEmptySources(SkipEmptyMutableWorkStep.java:210)
	at org.gradle.internal.execution.steps.SkipEmptyMutableWorkStep.executeMutable(SkipEmptyMutableWorkStep.java:90)
	at org.gradle.internal.execution.steps.SkipEmptyMutableWorkStep.executeMutable(SkipEmptyMutableWorkStep.java:53)
	at org.gradle.internal.execution.steps.MutableStep.execute(MutableStep.java:26)
	at org.gradle.internal.execution.steps.legacy.MarkSnapshottingInputsStartedStep.execute(MarkSnapshottingInputsStartedStep.java:38)
	at org.gradle.internal.execution.steps.LoadPreviousExecutionStateStep.executeMutable(LoadPreviousExecutionStateStep.java:36)
	at org.gradle.internal.execution.steps.LoadPreviousExecutionStateStep.executeMutable(LoadPreviousExecutionStateStep.java:23)
	at org.gradle.internal.execution.steps.MutableStep.execute(MutableStep.java:26)
	at org.gradle.internal.execution.steps.HandleStaleOutputsStep.executeMutable(HandleStaleOutputsStep.java:77)
	at org.gradle.internal.execution.steps.HandleStaleOutputsStep.executeMutable(HandleStaleOutputsStep.java:43)
	at org.gradle.internal.execution.steps.MutableStep.execute(MutableStep.java:26)
	at org.gradle.internal.execution.steps.AssignMutableWorkspaceStep.lambda$executeMutable$0(AssignMutableWorkspaceStep.java:34)
	at org.gradle.api.internal.tasks.execution.TaskExecution$4.withWorkspace(TaskExecution.java:305)
	at org.gradle.internal.execution.steps.AssignMutableWorkspaceStep.executeMutable(AssignMutableWorkspaceStep.java:30)
	at org.gradle.internal.execution.steps.AssignMutableWorkspaceStep.executeMutable(AssignMutableWorkspaceStep.java:21)
	at org.gradle.internal.execution.steps.MutableStep.execute(MutableStep.java:26)
	at org.gradle.internal.execution.steps.ChoosePipelineStep.execute(ChoosePipelineStep.java:40)
	at org.gradle.internal.execution.steps.ChoosePipelineStep.execute(ChoosePipelineStep.java:23)
	at org.gradle.internal.execution.steps.ExecuteWorkBuildOperationFiringStep.lambda$execute$2(ExecuteWorkBuildOperationFiringStep.java:67)
	at java.base/java.util.Optional.orElseGet(Optional.java:364)
	at org.gradle.internal.execution.steps.ExecuteWorkBuildOperationFiringStep.execute(ExecuteWorkBuildOperationFiringStep.java:67)
	at org.gradle.internal.execution.steps.ExecuteWorkBuildOperationFiringStep.execute(ExecuteWorkBuildOperationFiringStep.java:39)
	at org.gradle.internal.execution.steps.IdentityCacheStep.execute(IdentityCacheStep.java:46)
	at org.gradle.internal.execution.steps.IdentityCacheStep.execute(IdentityCacheStep.java:34)
	at org.gradle.internal.execution.steps.IdentifyStep.execute(IdentifyStep.java:56)
	at org.gradle.internal.execution.steps.IdentifyStep.execute(IdentifyStep.java:38)
	at org.gradle.internal.execution.impl.DefaultExecutionEngine$1.execute(DefaultExecutionEngine.java:68)
	at org.gradle.api.internal.tasks.execution.ExecuteActionsTaskExecuter.executeIfValid(ExecuteActionsTaskExecuter.java:132)
	at org.gradle.api.internal.tasks.execution.ExecuteActionsTaskExecuter.execute(ExecuteActionsTaskExecuter.java:121)
	at org.gradle.api.internal.tasks.execution.ProblemsTaskPathTrackingTaskExecuter.execute(ProblemsTaskPathTrackingTaskExecuter.java:41)
	at org.gradle.api.internal.tasks.execution.ResolveTaskExecutionModeExecuter.execute(ResolveTaskExecutionModeExecuter.java:51)
	at org.gradle.api.internal.tasks.execution.FinalizePropertiesTaskExecuter.execute(FinalizePropertiesTaskExecuter.java:46)
	at org.gradle.api.internal.tasks.execution.SkipTaskWithNoActionsExecuter.execute(SkipTaskWithNoActionsExecuter.java:57)
	at org.gradle.api.internal.tasks.execution.SkipOnlyIfTaskExecuter.execute(SkipOnlyIfTaskExecuter.java:74)
	at org.gradle.api.internal.tasks.execution.CatchExceptionTaskExecuter.execute(CatchExceptionTaskExecuter.java:36)
	at org.gradle.api.internal.tasks.execution.EventFiringTaskExecuter$1.executeTask(EventFiringTaskExecuter.java:77)
	at org.gradle.api.internal.tasks.execution.EventFiringTaskExecuter$1.call(EventFiringTaskExecuter.java:55)
	at org.gradle.api.internal.tasks.execution.EventFiringTaskExecuter$1.call(EventFiringTaskExecuter.java:52)
	at org.gradle.internal.operations.DefaultBuildOperationRunner$CallableBuildOperationWorker.execute(DefaultBuildOperationRunner.java:210)
	at org.gradle.internal.operations.DefaultBuildOperationRunner$CallableBuildOperationWorker.execute(DefaultBuildOperationRunner.java:205)
	at org.gradle.internal.operations.DefaultBuildOperationRunner$2.execute(DefaultBuildOperationRunner.java:67)
	at org.gradle.internal.operations.DefaultBuildOperationRunner$2.execute(DefaultBuildOperationRunner.java:60)
	at org.gradle.internal.operations.DefaultBuildOperationRunner.execute(DefaultBuildOperationRunner.java:167)
	at org.gradle.internal.operations.DefaultBuildOperationRunner.execute(DefaultBuildOperationRunner.java:60)
	at org.gradle.internal.operations.DefaultBuildOperationRunner.call(DefaultBuildOperationRunner.java:54)
	at org.gradle.api.internal.tasks.execution.EventFiringTaskExecuter.execute(EventFiringTaskExecuter.java:52)
	at org.gradle.execution.plan.DefaultNodeExecutor.executeLocalTaskNode(DefaultNodeExecutor.java:55)
	at org.gradle.execution.plan.DefaultNodeExecutor.execute(DefaultNodeExecutor.java:34)
	at org.gradle.execution.taskgraph.DefaultTaskExecutionGraph$InvokeNodeExecutorsAction.execute(DefaultTaskExecutionGraph.java:355)
	at org.gradle.execution.taskgraph.DefaultTaskExecutionGraph$InvokeNodeExecutorsAction.execute(DefaultTaskExecutionGraph.java:343)
	at org.gradle.execution.taskgraph.DefaultTaskExecutionGraph$BuildOperationAwareExecutionAction.lambda$execute$0(DefaultTaskExecutionGraph.java:339)
	at org.gradle.internal.operations.CurrentBuildOperationRef.with(CurrentBuildOperationRef.java:84)
	at org.gradle.execution.taskgraph.DefaultTaskExecutionGraph$BuildOperationAwareExecutionAction.execute(DefaultTaskExecutionGraph.java:339)
	at org.gradle.execution.taskgraph.DefaultTaskExecutionGraph$BuildOperationAwareExecutionAction.execute(DefaultTaskExecutionGraph.java:328)
	at org.gradle.execution.plan.DefaultPlanExecutor$ExecutorWorker.execute(DefaultPlanExecutor.java:459)
	at org.gradle.execution.plan.DefaultPlanExecutor$ExecutorWorker.run(DefaultPlanExecutor.java:376)
	at org.gradle.internal.concurrent.ExecutorPolicy$CatchAndRecordFailures.onExecute(ExecutorPolicy.java:64)
	at org.gradle.internal.concurrent.AbstractManagedExecutor$1.run(AbstractManagedExecutor.java:47)
	at java.base/java.util.concurrent.ThreadPoolExecutor.runWorker(ThreadPoolExecutor.java:1144)
	at java.base/java.util.concurrent.ThreadPoolExecutor$Worker.run(ThreadPoolExecutor.java:642)
	at java.base/java.lang.Thread.run(Thread.java:1583)

Compiled dex to C:\Users\yemen\Desktop\برمجه\arab-videos\NetShort\build\intermediates\classes.dex

> Task :NetShort:generateManifest UP-TO-DATE

> Task :NetShort:make
Made CloudStream package at C:\Users\yemen\Desktop\برمجه\arab-videos\NetShort\build\NetShort.cs3

> Task :ReelShort:checkKotlinGradlePluginConfigurationErrors SKIPPED
> Task :ReelShort:preBuild UP-TO-DATE
> Task :ReelShort:preDebugBuild UP-TO-DATE
> Task :ReelShort:generateDebugResValues UP-TO-DATE
> Task :ReelShort:generateDebugResources UP-TO-DATE
> Task :ReelShort:packageDebugResources UP-TO-DATE
> Task :ReelShort:parseDebugLocalResources UP-TO-DATE
> Task :ReelShort:generateDebugRFile UP-TO-DATE
> Task :ReelShort:compileDebugKotlin UP-TO-DATE

> Task :ReelShort:compileDex
WARNING: D8: Unexpected error during rewriting of Kotlin metadata for class 'com.reelshort.plugin.ReelShortProvider$load$2':
com.android.tools.r8.internal.Os0: Should never be called
	at com.android.tools.r8.kotlin.a0.a(R8_8.7.18_f8bee6d6fb926b7ebb3b15bf98f726f9d57471456ea20fce6d17d9a020197688:2)
	at com.android.tools.r8.kotlin.Z.a(R8_8.7.18_f8bee6d6fb926b7ebb3b15bf98f726f9d57471456ea20fce6d17d9a020197688:185)
	at com.android.tools.r8.kotlin.Z.a(R8_8.7.18_f8bee6d6fb926b7ebb3b15bf98f726f9d57471456ea20fce6d17d9a020197688:184)
	at com.android.tools.r8.internal.ep0.a(R8_8.7.18_f8bee6d6fb926b7ebb3b15bf98f726f9d57471456ea20fce6d17d9a020197688:23)
	at com.android.tools.r8.internal.ep0.a(R8_8.7.18_f8bee6d6fb926b7ebb3b15bf98f726f9d57471456ea20fce6d17d9a020197688:34)
	at com.android.tools.r8.internal.ep0.a(R8_8.7.18_f8bee6d6fb926b7ebb3b15bf98f726f9d57471456ea20fce6d17d9a020197688:17)
	at com.google.common.util.concurrent.TrustedListenableFutureTask$TrustedFutureInterruptibleTask.runInterruptibly(TrustedListenableFutureTask.java:131)
	at com.google.common.util.concurrent.InterruptibleTask.run(InterruptibleTask.java:75)
	at com.google.common.util.concurrent.TrustedListenableFutureTask.run(TrustedListenableFutureTask.java:82)
	at com.google.common.util.concurrent.MoreExecutors$DirectExecutorService.execute(MoreExecutors.java:327)
	at java.base/java.util.concurrent.AbstractExecutorService.submit(AbstractExecutorService.java:145)
	at com.google.common.util.concurrent.AbstractListeningExecutorService.submit(AbstractListeningExecutorService.java:79)
	at com.google.common.util.concurrent.AbstractListeningExecutorService.submit(AbstractListeningExecutorService.java:37)
	at com.android.tools.r8.internal.fp0.submit(R8_8.7.18_f8bee6d6fb926b7ebb3b15bf98f726f9d57471456ea20fce6d17d9a020197688:1)
	at com.android.tools.r8.internal.Ro0.a(R8_8.7.18_f8bee6d6fb926b7ebb3b15bf98f726f9d57471456ea20fce6d17d9a020197688:1)
	at com.android.tools.r8.internal.ep0.a(R8_8.7.18_f8bee6d6fb926b7ebb3b15bf98f726f9d57471456ea20fce6d17d9a020197688:19)
	at com.android.tools.r8.internal.Yw.a(R8_8.7.18_f8bee6d6fb926b7ebb3b15bf98f726f9d57471456ea20fce6d17d9a020197688:3)
	at java.base/java.util.ArrayList.forEach(ArrayList.java:1596)
	at com.android.tools.r8.internal.Yw.a(R8_8.7.18_f8bee6d6fb926b7ebb3b15bf98f726f9d57471456ea20fce6d17d9a020197688:2)
	at com.android.tools.r8.internal.ep0.a(R8_8.7.18_f8bee6d6fb926b7ebb3b15bf98f726f9d57471456ea20fce6d17d9a020197688:10)
	at com.android.tools.r8.internal.ep0.a(R8_8.7.18_f8bee6d6fb926b7ebb3b15bf98f726f9d57471456ea20fce6d17d9a020197688:33)
	at com.android.tools.r8.internal.ep0.a(R8_8.7.18_f8bee6d6fb926b7ebb3b15bf98f726f9d57471456ea20fce6d17d9a020197688:25)
	at com.android.tools.r8.internal.ep0.a(R8_8.7.18_f8bee6d6fb926b7ebb3b15bf98f726f9d57471456ea20fce6d17d9a020197688:22)
	at com.android.tools.r8.K.a(R8_8.7.18_f8bee6d6fb926b7ebb3b15bf98f726f9d57471456ea20fce6d17d9a020197688:3)
	at com.android.tools.r8.kotlin.Z.a(R8_8.7.18_f8bee6d6fb926b7ebb3b15bf98f726f9d57471456ea20fce6d17d9a020197688:9)
	at com.android.tools.r8.D8.b(R8_8.7.18_f8bee6d6fb926b7ebb3b15bf98f726f9d57471456ea20fce6d17d9a020197688:17)
	at com.android.tools.r8.internal.Gp0.a(R8_8.7.18_f8bee6d6fb926b7ebb3b15bf98f726f9d57471456ea20fce6d17d9a020197688:57)
	at com.android.tools.r8.D8.a(R8_8.7.18_f8bee6d6fb926b7ebb3b15bf98f726f9d57471456ea20fce6d17d9a020197688:88)
	at com.android.tools.r8.D8.d(R8_8.7.18_f8bee6d6fb926b7ebb3b15bf98f726f9d57471456ea20fce6d17d9a020197688:137)
	at com.android.tools.r8.D8.b(R8_8.7.18_f8bee6d6fb926b7ebb3b15bf98f726f9d57471456ea20fce6d17d9a020197688:1)
	at com.android.tools.r8.internal.yu.a(R8_8.7.18_f8bee6d6fb926b7ebb3b15bf98f726f9d57471456ea20fce6d17d9a020197688:28)
	at com.android.tools.r8.internal.yu.b(R8_8.7.18_f8bee6d6fb926b7ebb3b15bf98f726f9d57471456ea20fce6d17d9a020197688:2)
	at com.android.tools.r8.D8.run(R8_8.7.18_f8bee6d6fb926b7ebb3b15bf98f726f9d57471456ea20fce6d17d9a020197688:11)
	at com.android.builder.dexing.D8DexArchiveBuilder.convert(D8DexArchiveBuilder.java:127)
	at com.android.builder.dexing.DexArchiveBuilder.convert$default(DexArchiveBuilder.kt:44)
	at com.lagradost.cloudstream3.gradle.tasks.CompileDexTask.compileDex(CompileDexTask.kt:88)
	at java.base/jdk.internal.reflect.DirectMethodHandleAccessor.invoke(DirectMethodHandleAccessor.java:103)
	at java.base/java.lang.reflect.Method.invoke(Method.java:580)
	at org.gradle.internal.reflect.JavaMethod.invoke(JavaMethod.java:125)
	at org.gradle.api.internal.project.taskfactory.StandardTaskAction.doExecute(StandardTaskAction.java:58)
	at org.gradle.api.internal.project.taskfactory.StandardTaskAction.execute(StandardTaskAction.java:51)
	at org.gradle.api.internal.project.taskfactory.StandardTaskAction.execute(StandardTaskAction.java:29)
	at org.gradle.api.internal.tasks.execution.TaskExecution$3.run(TaskExecution.java:259)
	at org.gradle.internal.operations.DefaultBuildOperationRunner$1.execute(DefaultBuildOperationRunner.java:30)
	at org.gradle.internal.operations.DefaultBuildOperationRunner$1.execute(DefaultBuildOperationRunner.java:27)
	at org.gradle.internal.operations.DefaultBuildOperationRunner$2.execute(DefaultBuildOperationRunner.java:67)
	at org.gradle.internal.operations.DefaultBuildOperationRunner$2.execute(DefaultBuildOperationRunner.java:60)
	at org.gradle.internal.operations.DefaultBuildOperationRunner.execute(DefaultBuildOperationRunner.java:167)
	at org.gradle.internal.operations.DefaultBuildOperationRunner.execute(DefaultBuildOperationRunner.java:60)
	at org.gradle.internal.operations.DefaultBuildOperationRunner.run(DefaultBuildOperationRunner.java:48)
	at org.gradle.api.internal.tasks.execution.TaskExecution.executeAction(TaskExecution.java:244)
	at org.gradle.api.internal.tasks.execution.TaskExecution.executeActions(TaskExecution.java:227)
	at org.gradle.api.internal.tasks.execution.TaskExecution.executeWithPreviousOutputFiles(TaskExecution.java:210)
	at org.gradle.api.internal.tasks.execution.TaskExecution.execute(TaskExecution.java:176)
	at org.gradle.internal.execution.steps.ExecuteStep.executeInternal(ExecuteStep.java:167)
	at org.gradle.internal.execution.steps.ExecuteStep.access$000(ExecuteStep.java:47)
	at org.gradle.internal.execution.steps.ExecuteStep$1.call(ExecuteStep.java:137)
	at org.gradle.internal.execution.steps.ExecuteStep$1.call(ExecuteStep.java:134)
	at org.gradle.internal.operations.DefaultBuildOperationRunner$CallableBuildOperationWorker.execute(DefaultBuildOperationRunner.java:210)
	at org.gradle.internal.operations.DefaultBuildOperationRunner$CallableBuildOperationWorker.execute(DefaultBuildOperationRunner.java:205)
	at org.gradle.internal.operations.DefaultBuildOperationRunner$2.execute(DefaultBuildOperationRunner.java:67)
	at org.gradle.internal.operations.DefaultBuildOperationRunner$2.execute(DefaultBuildOperationRunner.java:60)
	at org.gradle.internal.operations.DefaultBuildOperationRunner.execute(DefaultBuildOperationRunner.java:167)
	at org.gradle.internal.operations.DefaultBuildOperationRunner.execute(DefaultBuildOperationRunner.java:60)
	at org.gradle.internal.operations.DefaultBuildOperationRunner.call(DefaultBuildOperationRunner.java:54)
	at org.gradle.internal.execution.steps.ExecuteStep.execute(ExecuteStep.java:134)
	at org.gradle.internal.execution.steps.ExecuteStep$Mutable.execute(ExecuteStep.java:80)
	at org.gradle.internal.execution.steps.CancelExecutionStep.execute(CancelExecutionStep.java:42)
	at org.gradle.internal.execution.steps.TimeoutStep.executeWithoutTimeout(TimeoutStep.java:75)
	at org.gradle.internal.execution.steps.TimeoutStep.execute(TimeoutStep.java:55)
	at org.gradle.internal.execution.steps.PreCreateOutputParentsStep.execute(PreCreateOutputParentsStep.java:51)
	at org.gradle.internal.execution.steps.PreCreateOutputParentsStep.execute(PreCreateOutputParentsStep.java:29)
	at org.gradle.internal.execution.steps.RemovePreviousOutputsStep.executeMutable(RemovePreviousOutputsStep.java:67)
	at org.gradle.internal.execution.steps.RemovePreviousOutputsStep.executeMutable(RemovePreviousOutputsStep.java:39)
	at org.gradle.internal.execution.steps.MutableStep.execute(MutableStep.java:26)
	at org.gradle.internal.execution.steps.BroadcastChangingOutputsStep.execute(BroadcastChangingOutputsStep.java:42)
	at org.gradle.internal.execution.steps.BroadcastChangingOutputsStep.execute(BroadcastChangingOutputsStep.java:24)
	at org.gradle.internal.execution.steps.CaptureOutputsAfterExecutionStep.execute(CaptureOutputsAfterExecutionStep.java:69)
	at org.gradle.internal.execution.steps.CaptureOutputsAfterExecutionStep.execute(CaptureOutputsAfterExecutionStep.java:46)
	at org.gradle.internal.execution.steps.ResolveInputChangesStep.executeMutable(ResolveInputChangesStep.java:39)
	at org.gradle.internal.execution.steps.ResolveInputChangesStep.executeMutable(ResolveInputChangesStep.java:28)
	at org.gradle.internal.execution.steps.MutableStep.execute(MutableStep.java:26)
	at org.gradle.internal.execution.steps.BuildCacheStep.executeWithoutCache(BuildCacheStep.java:189)
	at org.gradle.internal.execution.steps.BuildCacheStep.lambda$execute$1(BuildCacheStep.java:76)
	at org.gradle.internal.Either$Right.fold(Either.java:176)
	at org.gradle.internal.execution.caching.CachingState.fold(CachingState.java:62)
	at org.gradle.internal.execution.steps.BuildCacheStep.execute(BuildCacheStep.java:74)
	at org.gradle.internal.execution.steps.BuildCacheStep.execute(BuildCacheStep.java:49)
	at org.gradle.internal.execution.steps.StoreExecutionStateStep.executeMutable(StoreExecutionStateStep.java:46)
	at org.gradle.internal.execution.steps.StoreExecutionStateStep.executeMutable(StoreExecutionStateStep.java:35)
	at org.gradle.internal.execution.steps.MutableStep.execute(MutableStep.java:26)
	at org.gradle.internal.execution.steps.SkipUpToDateStep.executeBecause(SkipUpToDateStep.java:75)
	at org.gradle.internal.execution.steps.SkipUpToDateStep.lambda$execute$2(SkipUpToDateStep.java:53)
	at java.base/java.util.Optional.orElseGet(Optional.java:364)
	at org.gradle.internal.execution.steps.SkipUpToDateStep.execute(SkipUpToDateStep.java:53)
	at org.gradle.internal.execution.steps.SkipUpToDateStep.execute(SkipUpToDateStep.java:35)
	at org.gradle.internal.execution.steps.legacy.MarkSnapshottingInputsFinishedStep.execute(MarkSnapshottingInputsFinishedStep.java:37)
	at org.gradle.internal.execution.steps.legacy.MarkSnapshottingInputsFinishedStep.execute(MarkSnapshottingInputsFinishedStep.java:27)
	at org.gradle.internal.execution.steps.ResolveMutableCachingStateStep.executeDelegate(ResolveMutableCachingStateStep.java:70)
	at org.gradle.internal.execution.steps.ResolveMutableCachingStateStep.executeDelegate(ResolveMutableCachingStateStep.java:32)
	at org.gradle.internal.execution.steps.AbstractResolveCachingStateStep.execute(AbstractResolveCachingStateStep.java:69)
	at org.gradle.internal.execution.steps.AbstractResolveCachingStateStep.execute(AbstractResolveCachingStateStep.java:37)
	at org.gradle.internal.execution.steps.ResolveChangesStep.executeMutable(ResolveChangesStep.java:63)
	at org.gradle.internal.execution.steps.ResolveChangesStep.executeMutable(ResolveChangesStep.java:34)
	at org.gradle.internal.execution.steps.MutableStep.execute(MutableStep.java:26)
	at org.gradle.internal.execution.steps.ValidateStep$Mutable.executeDelegate(ValidateStep.java:79)
	at org.gradle.internal.execution.steps.ValidateStep$Mutable.executeDelegate(ValidateStep.java:65)
	at org.gradle.internal.execution.steps.ValidateStep.execute(ValidateStep.java:105)
	at org.gradle.internal.execution.steps.ValidateStep$Mutable.execute(ValidateStep.java:65)
	at org.gradle.internal.execution.steps.CaptureMutableStateBeforeExecutionStep.executeMutable(CaptureMutableStateBeforeExecutionStep.java:86)
	at org.gradle.internal.execution.steps.CaptureMutableStateBeforeExecutionStep.execute(CaptureMutableStateBeforeExecutionStep.java:65)
	at org.gradle.internal.execution.steps.CaptureMutableStateBeforeExecutionStep.execute(CaptureMutableStateBeforeExecutionStep.java:45)
	at org.gradle.internal.execution.steps.SkipEmptyMutableWorkStep.executeWithNonEmptySources(SkipEmptyMutableWorkStep.java:210)
	at org.gradle.internal.execution.steps.SkipEmptyMutableWorkStep.executeMutable(SkipEmptyMutableWorkStep.java:90)
	at org.gradle.internal.execution.steps.SkipEmptyMutableWorkStep.executeMutable(SkipEmptyMutableWorkStep.java:53)
	at org.gradle.internal.execution.steps.MutableStep.execute(MutableStep.java:26)
	at org.gradle.internal.execution.steps.legacy.MarkSnapshottingInputsStartedStep.execute(MarkSnapshottingInputsStartedStep.java:38)
	at org.gradle.internal.execution.steps.LoadPreviousExecutionStateStep.executeMutable(LoadPreviousExecutionStateStep.java:36)
	at org.gradle.internal.execution.steps.LoadPreviousExecutionStateStep.executeMutable(LoadPreviousExecutionStateStep.java:23)
	at org.gradle.internal.execution.steps.MutableStep.execute(MutableStep.java:26)
	at org.gradle.internal.execution.steps.HandleStaleOutputsStep.executeMutable(HandleStaleOutputsStep.java:77)
	at org.gradle.internal.execution.steps.HandleStaleOutputsStep.executeMutable(HandleStaleOutputsStep.java:43)
	at org.gradle.internal.execution.steps.MutableStep.execute(MutableStep.java:26)
	at org.gradle.internal.execution.steps.AssignMutableWorkspaceStep.lambda$executeMutable$0(AssignMutableWorkspaceStep.java:34)
	at org.gradle.api.internal.tasks.execution.TaskExecution$4.withWorkspace(TaskExecution.java:305)
	at org.gradle.internal.execution.steps.AssignMutableWorkspaceStep.executeMutable(AssignMutableWorkspaceStep.java:30)
	at org.gradle.internal.execution.steps.AssignMutableWorkspaceStep.executeMutable(AssignMutableWorkspaceStep.java:21)
	at org.gradle.internal.execution.steps.MutableStep.execute(MutableStep.java:26)
	at org.gradle.internal.execution.steps.ChoosePipelineStep.execute(ChoosePipelineStep.java:40)
	at org.gradle.internal.execution.steps.ChoosePipelineStep.execute(ChoosePipelineStep.java:23)
	at org.gradle.internal.execution.steps.ExecuteWorkBuildOperationFiringStep.lambda$execute$2(ExecuteWorkBuildOperationFiringStep.java:67)
	at java.base/java.util.Optional.orElseGet(Optional.java:364)
	at org.gradle.internal.execution.steps.ExecuteWorkBuildOperationFiringStep.execute(ExecuteWorkBuildOperationFiringStep.java:67)
	at org.gradle.internal.execution.steps.ExecuteWorkBuildOperationFiringStep.execute(ExecuteWorkBuildOperationFiringStep.java:39)
	at org.gradle.internal.execution.steps.IdentityCacheStep.execute(IdentityCacheStep.java:46)
	at org.gradle.internal.execution.steps.IdentityCacheStep.execute(IdentityCacheStep.java:34)
	at org.gradle.internal.execution.steps.IdentifyStep.execute(IdentifyStep.java:56)
	at org.gradle.internal.execution.steps.IdentifyStep.execute(IdentifyStep.java:38)
	at org.gradle.internal.execution.impl.DefaultExecutionEngine$1.execute(DefaultExecutionEngine.java:68)
	at org.gradle.api.internal.tasks.execution.ExecuteActionsTaskExecuter.executeIfValid(ExecuteActionsTaskExecuter.java:132)
	at org.gradle.api.internal.tasks.execution.ExecuteActionsTaskExecuter.execute(ExecuteActionsTaskExecuter.java:121)
	at org.gradle.api.internal.tasks.execution.ProblemsTaskPathTrackingTaskExecuter.execute(ProblemsTaskPathTrackingTaskExecuter.java:41)
	at org.gradle.api.internal.tasks.execution.ResolveTaskExecutionModeExecuter.execute(ResolveTaskExecutionModeExecuter.java:51)
	at org.gradle.api.internal.tasks.execution.FinalizePropertiesTaskExecuter.execute(FinalizePropertiesTaskExecuter.java:46)
	at org.gradle.api.internal.tasks.execution.SkipTaskWithNoActionsExecuter.execute(SkipTaskWithNoActionsExecuter.java:57)
	at org.gradle.api.internal.tasks.execution.SkipOnlyIfTaskExecuter.execute(SkipOnlyIfTaskExecuter.java:74)
	at org.gradle.api.internal.tasks.execution.CatchExceptionTaskExecuter.execute(CatchExceptionTaskExecuter.java:36)
	at org.gradle.api.internal.tasks.execution.EventFiringTaskExecuter$1.executeTask(EventFiringTaskExecuter.java:77)
	at org.gradle.api.internal.tasks.execution.EventFiringTaskExecuter$1.call(EventFiringTaskExecuter.java:55)
	at org.gradle.api.internal.tasks.execution.EventFiringTaskExecuter$1.call(EventFiringTaskExecuter.java:52)
	at org.gradle.internal.operations.DefaultBuildOperationRunner$CallableBuildOperationWorker.execute(DefaultBuildOperationRunner.java:210)
	at org.gradle.internal.operations.DefaultBuildOperationRunner$CallableBuildOperationWorker.execute(DefaultBuildOperationRunner.java:205)
	at org.gradle.internal.operations.DefaultBuildOperationRunner$2.execute(DefaultBuildOperationRunner.java:67)
	at org.gradle.internal.operations.DefaultBuildOperationRunner$2.execute(DefaultBuildOperationRunner.java:60)
	at org.gradle.internal.operations.DefaultBuildOperationRunner.execute(DefaultBuildOperationRunner.java:167)
	at org.gradle.internal.operations.DefaultBuildOperationRunner.execute(DefaultBuildOperationRunner.java:60)
	at org.gradle.internal.operations.DefaultBuildOperationRunner.call(DefaultBuildOperationRunner.java:54)
	at org.gradle.api.internal.tasks.execution.EventFiringTaskExecuter.execute(EventFiringTaskExecuter.java:52)
	at org.gradle.execution.plan.DefaultNodeExecutor.executeLocalTaskNode(DefaultNodeExecutor.java:55)
	at org.gradle.execution.plan.DefaultNodeExecutor.execute(DefaultNodeExecutor.java:34)
	at org.gradle.execution.taskgraph.DefaultTaskExecutionGraph$InvokeNodeExecutorsAction.execute(DefaultTaskExecutionGraph.java:355)
	at org.gradle.execution.taskgraph.DefaultTaskExecutionGraph$InvokeNodeExecutorsAction.execute(DefaultTaskExecutionGraph.java:343)
	at org.gradle.execution.taskgraph.DefaultTaskExecutionGraph$BuildOperationAwareExecutionAction.lambda$execute$0(DefaultTaskExecutionGraph.java:339)
	at org.gradle.internal.operations.CurrentBuildOperationRef.with(CurrentBuildOperationRef.java:84)
	at org.gradle.execution.taskgraph.DefaultTaskExecutionGraph$BuildOperationAwareExecutionAction.execute(DefaultTaskExecutionGraph.java:339)
	at org.gradle.execution.taskgraph.DefaultTaskExecutionGraph$BuildOperationAwareExecutionAction.execute(DefaultTaskExecutionGraph.java:328)
	at org.gradle.execution.plan.DefaultPlanExecutor$ExecutorWorker.execute(DefaultPlanExecutor.java:459)
	at org.gradle.execution.plan.DefaultPlanExecutor$ExecutorWorker.run(DefaultPlanExecutor.java:376)
	at org.gradle.execution.plan.DefaultPlanExecutor.process(DefaultPlanExecutor.java:111)
	at org.gradle.execution.taskgraph.DefaultTaskExecutionGraph.executeWithServices(DefaultTaskExecutionGraph.java:146)
	at org.gradle.execution.taskgraph.DefaultTaskExecutionGraph.execute(DefaultTaskExecutionGraph.java:131)
	at org.gradle.execution.SelectedTaskExecutionAction.execute(SelectedTaskExecutionAction.java:35)
	at org.gradle.execution.BuildOperationFiringBuildWorkerExecutor$ExecuteTasks.call(BuildOperationFiringBuildWorkerExecutor.java:54)
	at org.gradle.execution.BuildOperationFiringBuildWorkerExecutor$ExecuteTasks.call(BuildOperationFiringBuildWorkerExecutor.java:43)
	at org.gradle.internal.operations.DefaultBuildOperationRunner$CallableBuildOperationWorker.execute(DefaultBuildOperationRunner.java:210)
	at org.gradle.internal.operations.DefaultBuildOperationRunner$CallableBuildOperationWorker.execute(DefaultBuildOperationRunner.java:205)
	at org.gradle.internal.operations.DefaultBuildOperationRunner$2.execute(DefaultBuildOperationRunner.java:67)
	at org.gradle.internal.operations.DefaultBuildOperationRunner$2.execute(DefaultBuildOperationRunner.java:60)
	at org.gradle.internal.operations.DefaultBuildOperationRunner.execute(DefaultBuildOperationRunner.java:167)
	at org.gradle.internal.operations.DefaultBuildOperationRunner.execute(DefaultBuildOperationRunner.java:60)
	at org.gradle.internal.operations.DefaultBuildOperationRunner.call(DefaultBuildOperationRunner.java:54)
	at org.gradle.execution.BuildOperationFiringBuildWorkerExecutor.execute(BuildOperationFiringBuildWorkerExecutor.java:40)
	at org.gradle.internal.build.DefaultBuildLifecycleController.lambda$executeTasks$11(DefaultBuildLifecycleController.java:323)
	at org.gradle.internal.model.StateTransitionController.doTransition(StateTransitionController.java:304)
	at org.gradle.internal.model.StateTransitionController.lambda$tryTransition$9(StateTransitionController.java:215)
	at org.gradle.internal.work.DefaultSynchronizer.withLock(DefaultSynchronizer.java:45)
	at org.gradle.internal.model.StateTransitionController.tryTransition(StateTransitionController.java:215)
	at org.gradle.internal.build.DefaultBuildLifecycleController.executeTasks(DefaultBuildLifecycleController.java:314)
	at org.gradle.internal.build.DefaultBuildWorkGraphController$DefaultBuildWorkGraph.runWork(DefaultBuildWorkGraphController.java:220)
	at org.gradle.internal.work.DefaultWorkerLeaseService.lambda$runAndReleaseLocks$0(DefaultWorkerLeaseService.java:300)
	at org.gradle.internal.work.ResourceLockStatistics$1.measure(ResourceLockStatistics.java:43)
	at org.gradle.internal.work.DefaultWorkerLeaseService.runAndReleaseLocks(DefaultWorkerLeaseService.java:298)
	at org.gradle.internal.work.DefaultWorkerLeaseService.withLocksAcquired(DefaultWorkerLeaseService.java:294)
	at org.gradle.internal.work.DefaultWorkerLeaseService.withLocks(DefaultWorkerLeaseService.java:286)
	at org.gradle.internal.work.DefaultWorkerLeaseService.runAsWorkerThread(DefaultWorkerLeaseService.java:130)
	at org.gradle.composite.internal.DefaultBuildController.doRun(DefaultBuildController.java:182)
	at org.gradle.composite.internal.DefaultBuildController$BuildOpRunnable.lambda$run$0(DefaultBuildController.java:199)
	at org.gradle.internal.operations.CurrentBuildOperationRef.with(CurrentBuildOperationRef.java:84)
	at org.gradle.composite.internal.DefaultBuildController$BuildOpRunnable.run(DefaultBuildController.java:199)
	at java.base/java.util.concurrent.Executors$RunnableAdapter.call(Executors.java:572)
	at java.base/java.util.concurrent.FutureTask.run(FutureTask.java:317)
	at org.gradle.internal.concurrent.ExecutorPolicy$CatchAndRecordFailures.onExecute(ExecutorPolicy.java:64)
	at org.gradle.internal.concurrent.AbstractManagedExecutor$1.run(AbstractManagedExecutor.java:47)
	at java.base/java.util.concurrent.ThreadPoolExecutor.runWorker(ThreadPoolExecutor.java:1144)
	at java.base/java.util.concurrent.ThreadPoolExecutor$Worker.run(ThreadPoolExecutor.java:642)
	at java.base/java.lang.Thread.run(Thread.java:1583)

WARNING: D8: An error occurred when parsing kotlin metadata. This normally happens when using a newer version of kotlin than the kotlin version released when this version of R8 was created. To find compatible kotlin versions, please see: https://developer.android.com/studio/build/kotlin-d8-r8-versions
WARNING: D8: Unexpected error during rewriting of Kotlin metadata for class 'com.reelshort.plugin.ReelShortProvider$load$1':
com.android.tools.r8.internal.Os0: Should never be called
	at com.android.tools.r8.kotlin.a0.a(R8_8.7.18_f8bee6d6fb926b7ebb3b15bf98f726f9d57471456ea20fce6d17d9a020197688:2)
	at com.android.tools.r8.kotlin.Z.a(R8_8.7.18_f8bee6d6fb926b7ebb3b15bf98f726f9d57471456ea20fce6d17d9a020197688:185)
	at com.android.tools.r8.kotlin.Z.a(R8_8.7.18_f8bee6d6fb926b7ebb3b15bf98f726f9d57471456ea20fce6d17d9a020197688:184)
	at com.android.tools.r8.internal.ep0.a(R8_8.7.18_f8bee6d6fb926b7ebb3b15bf98f726f9d57471456ea20fce6d17d9a020197688:23)
	at com.android.tools.r8.internal.ep0.a(R8_8.7.18_f8bee6d6fb926b7ebb3b15bf98f726f9d57471456ea20fce6d17d9a020197688:34)
	at com.android.tools.r8.internal.ep0.a(R8_8.7.18_f8bee6d6fb926b7ebb3b15bf98f726f9d57471456ea20fce6d17d9a020197688:17)
	at com.google.common.util.concurrent.TrustedListenableFutureTask$TrustedFutureInterruptibleTask.runInterruptibly(TrustedListenableFutureTask.java:131)
	at com.google.common.util.concurrent.InterruptibleTask.run(InterruptibleTask.java:75)
	at com.google.common.util.concurrent.TrustedListenableFutureTask.run(TrustedListenableFutureTask.java:82)
	at com.google.common.util.concurrent.MoreExecutors$DirectExecutorService.execute(MoreExecutors.java:327)
	at java.base/java.util.concurrent.AbstractExecutorService.submit(AbstractExecutorService.java:145)
	at com.google.common.util.concurrent.AbstractListeningExecutorService.submit(AbstractListeningExecutorService.java:79)
	at com.google.common.util.concurrent.AbstractListeningExecutorService.submit(AbstractListeningExecutorService.java:37)
	at com.android.tools.r8.internal.fp0.submit(R8_8.7.18_f8bee6d6fb926b7ebb3b15bf98f726f9d57471456ea20fce6d17d9a020197688:1)
	at com.android.tools.r8.internal.Ro0.a(R8_8.7.18_f8bee6d6fb926b7ebb3b15bf98f726f9d57471456ea20fce6d17d9a020197688:1)
	at com.android.tools.r8.internal.ep0.a(R8_8.7.18_f8bee6d6fb926b7ebb3b15bf98f726f9d57471456ea20fce6d17d9a020197688:19)
	at com.android.tools.r8.internal.Yw.a(R8_8.7.18_f8bee6d6fb926b7ebb3b15bf98f726f9d57471456ea20fce6d17d9a020197688:3)
	at java.base/java.util.ArrayList.forEach(ArrayList.java:1596)
	at com.android.tools.r8.internal.Yw.a(R8_8.7.18_f8bee6d6fb926b7ebb3b15bf98f726f9d57471456ea20fce6d17d9a020197688:2)
	at com.android.tools.r8.internal.ep0.a(R8_8.7.18_f8bee6d6fb926b7ebb3b15bf98f726f9d57471456ea20fce6d17d9a020197688:10)
	at com.android.tools.r8.internal.ep0.a(R8_8.7.18_f8bee6d6fb926b7ebb3b15bf98f726f9d57471456ea20fce6d17d9a020197688:33)
	at com.android.tools.r8.internal.ep0.a(R8_8.7.18_f8bee6d6fb926b7ebb3b15bf98f726f9d57471456ea20fce6d17d9a020197688:25)
	at com.android.tools.r8.internal.ep0.a(R8_8.7.18_f8bee6d6fb926b7ebb3b15bf98f726f9d57471456ea20fce6d17d9a020197688:22)
	at com.android.tools.r8.K.a(R8_8.7.18_f8bee6d6fb926b7ebb3b15bf98f726f9d57471456ea20fce6d17d9a020197688:3)
	at com.android.tools.r8.kotlin.Z.a(R8_8.7.18_f8bee6d6fb926b7ebb3b15bf98f726f9d57471456ea20fce6d17d9a020197688:9)
	at com.android.tools.r8.D8.b(R8_8.7.18_f8bee6d6fb926b7ebb3b15bf98f726f9d57471456ea20fce6d17d9a020197688:17)
	at com.android.tools.r8.internal.Gp0.a(R8_8.7.18_f8bee6d6fb926b7ebb3b15bf98f726f9d57471456ea20fce6d17d9a020197688:57)
	at com.android.tools.r8.D8.a(R8_8.7.18_f8bee6d6fb926b7ebb3b15bf98f726f9d57471456ea20fce6d17d9a020197688:88)
	at com.android.tools.r8.D8.d(R8_8.7.18_f8bee6d6fb926b7ebb3b15bf98f726f9d57471456ea20fce6d17d9a020197688:137)
	at com.android.tools.r8.D8.b(R8_8.7.18_f8bee6d6fb926b7ebb3b15bf98f726f9d57471456ea20fce6d17d9a020197688:1)
	at com.android.tools.r8.internal.yu.a(R8_8.7.18_f8bee6d6fb926b7ebb3b15bf98f726f9d57471456ea20fce6d17d9a020197688:28)
	at com.android.tools.r8.internal.yu.b(R8_8.7.18_f8bee6d6fb926b7ebb3b15bf98f726f9d57471456ea20fce6d17d9a020197688:2)
	at com.android.tools.r8.D8.run(R8_8.7.18_f8bee6d6fb926b7ebb3b15bf98f726f9d57471456ea20fce6d17d9a020197688:11)
	at com.android.builder.dexing.D8DexArchiveBuilder.convert(D8DexArchiveBuilder.java:127)
	at com.android.builder.dexing.DexArchiveBuilder.convert$default(DexArchiveBuilder.kt:44)
	at com.lagradost.cloudstream3.gradle.tasks.CompileDexTask.compileDex(CompileDexTask.kt:88)
	at java.base/jdk.internal.reflect.DirectMethodHandleAccessor.invoke(DirectMethodHandleAccessor.java:103)
	at java.base/java.lang.reflect.Method.invoke(Method.java:580)
	at org.gradle.internal.reflect.JavaMethod.invoke(JavaMethod.java:125)
	at org.gradle.api.internal.project.taskfactory.StandardTaskAction.doExecute(StandardTaskAction.java:58)
	at org.gradle.api.internal.project.taskfactory.StandardTaskAction.execute(StandardTaskAction.java:51)
	at org.gradle.api.internal.project.taskfactory.StandardTaskAction.execute(StandardTaskAction.java:29)
	at org.gradle.api.internal.tasks.execution.TaskExecution$3.run(TaskExecution.java:259)
	at org.gradle.internal.operations.DefaultBuildOperationRunner$1.execute(DefaultBuildOperationRunner.java:30)
	at org.gradle.internal.operations.DefaultBuildOperationRunner$1.execute(DefaultBuildOperationRunner.java:27)
	at org.gradle.internal.operations.DefaultBuildOperationRunner$2.execute(DefaultBuildOperationRunner.java:67)
	at org.gradle.internal.operations.DefaultBuildOperationRunner$2.execute(DefaultBuildOperationRunner.java:60)
	at org.gradle.internal.operations.DefaultBuildOperationRunner.execute(DefaultBuildOperationRunner.java:167)
	at org.gradle.internal.operations.DefaultBuildOperationRunner.execute(DefaultBuildOperationRunner.java:60)
	at org.gradle.internal.operations.DefaultBuildOperationRunner.run(DefaultBuildOperationRunner.java:48)
	at org.gradle.api.internal.tasks.execution.TaskExecution.executeAction(TaskExecution.java:244)
	at org.gradle.api.internal.tasks.execution.TaskExecution.executeActions(TaskExecution.java:227)
	at org.gradle.api.internal.tasks.execution.TaskExecution.executeWithPreviousOutputFiles(TaskExecution.java:210)
	at org.gradle.api.internal.tasks.execution.TaskExecution.execute(TaskExecution.java:176)
	at org.gradle.internal.execution.steps.ExecuteStep.executeInternal(ExecuteStep.java:167)
	at org.gradle.internal.execution.steps.ExecuteStep.access$000(ExecuteStep.java:47)
	at org.gradle.internal.execution.steps.ExecuteStep$1.call(ExecuteStep.java:137)
	at org.gradle.internal.execution.steps.ExecuteStep$1.call(ExecuteStep.java:134)
	at org.gradle.internal.operations.DefaultBuildOperationRunner$CallableBuildOperationWorker.execute(DefaultBuildOperationRunner.java:210)
	at org.gradle.internal.operations.DefaultBuildOperationRunner$CallableBuildOperationWorker.execute(DefaultBuildOperationRunner.java:205)
	at org.gradle.internal.operations.DefaultBuildOperationRunner$2.execute(DefaultBuildOperationRunner.java:67)
	at org.gradle.internal.operations.DefaultBuildOperationRunner$2.execute(DefaultBuildOperationRunner.java:60)
	at org.gradle.internal.operations.DefaultBuildOperationRunner.execute(DefaultBuildOperationRunner.java:167)
	at org.gradle.internal.operations.DefaultBuildOperationRunner.execute(DefaultBuildOperationRunner.java:60)
	at org.gradle.internal.operations.DefaultBuildOperationRunner.call(DefaultBuildOperationRunner.java:54)
	at org.gradle.internal.execution.steps.ExecuteStep.execute(ExecuteStep.java:134)
	at org.gradle.internal.execution.steps.ExecuteStep$Mutable.execute(ExecuteStep.java:80)
	at org.gradle.internal.execution.steps.CancelExecutionStep.execute(CancelExecutionStep.java:42)
	at org.gradle.internal.execution.steps.TimeoutStep.executeWithoutTimeout(TimeoutStep.java:75)
	at org.gradle.internal.execution.steps.TimeoutStep.execute(TimeoutStep.java:55)
	at org.gradle.internal.execution.steps.PreCreateOutputParentsStep.execute(PreCreateOutputParentsStep.java:51)
	at org.gradle.internal.execution.steps.PreCreateOutputParentsStep.execute(PreCreateOutputParentsStep.java:29)
	at org.gradle.internal.execution.steps.RemovePreviousOutputsStep.executeMutable(RemovePreviousOutputsStep.java:67)
	at org.gradle.internal.execution.steps.RemovePreviousOutputsStep.executeMutable(RemovePreviousOutputsStep.java:39)
	at org.gradle.internal.execution.steps.MutableStep.execute(MutableStep.java:26)
	at org.gradle.internal.execution.steps.BroadcastChangingOutputsStep.execute(BroadcastChangingOutputsStep.java:42)
	at org.gradle.internal.execution.steps.BroadcastChangingOutputsStep.execute(BroadcastChangingOutputsStep.java:24)
	at org.gradle.internal.execution.steps.CaptureOutputsAfterExecutionStep.execute(CaptureOutputsAfterExecutionStep.java:69)
	at org.gradle.internal.execution.steps.CaptureOutputsAfterExecutionStep.execute(CaptureOutputsAfterExecutionStep.java:46)
	at org.gradle.internal.execution.steps.ResolveInputChangesStep.executeMutable(ResolveInputChangesStep.java:39)
	at org.gradle.internal.execution.steps.ResolveInputChangesStep.executeMutable(ResolveInputChangesStep.java:28)
	at org.gradle.internal.execution.steps.MutableStep.execute(MutableStep.java:26)
	at org.gradle.internal.execution.steps.BuildCacheStep.executeWithoutCache(BuildCacheStep.java:189)
	at org.gradle.internal.execution.steps.BuildCacheStep.lambda$execute$1(BuildCacheStep.java:76)
	at org.gradle.internal.Either$Right.fold(Either.java:176)
	at org.gradle.internal.execution.caching.CachingState.fold(CachingState.java:62)
	at org.gradle.internal.execution.steps.BuildCacheStep.execute(BuildCacheStep.java:74)
	at org.gradle.internal.execution.steps.BuildCacheStep.execute(BuildCacheStep.java:49)
	at org.gradle.internal.execution.steps.StoreExecutionStateStep.executeMutable(StoreExecutionStateStep.java:46)
	at org.gradle.internal.execution.steps.StoreExecutionStateStep.executeMutable(StoreExecutionStateStep.java:35)
	at org.gradle.internal.execution.steps.MutableStep.execute(MutableStep.java:26)
	at org.gradle.internal.execution.steps.SkipUpToDateStep.executeBecause(SkipUpToDateStep.java:75)
	at org.gradle.internal.execution.steps.SkipUpToDateStep.lambda$execute$2(SkipUpToDateStep.java:53)
	at java.base/java.util.Optional.orElseGet(Optional.java:364)
	at org.gradle.internal.execution.steps.SkipUpToDateStep.execute(SkipUpToDateStep.java:53)
	at org.gradle.internal.execution.steps.SkipUpToDateStep.execute(SkipUpToDateStep.java:35)
	at org.gradle.internal.execution.steps.legacy.MarkSnapshottingInputsFinishedStep.execute(MarkSnapshottingInputsFinishedStep.java:37)
	at org.gradle.internal.execution.steps.legacy.MarkSnapshottingInputsFinishedStep.execute(MarkSnapshottingInputsFinishedStep.java:27)
	at org.gradle.internal.execution.steps.ResolveMutableCachingStateStep.executeDelegate(ResolveMutableCachingStateStep.java:70)
	at org.gradle.internal.execution.steps.ResolveMutableCachingStateStep.executeDelegate(ResolveMutableCachingStateStep.java:32)
	at org.gradle.internal.execution.steps.AbstractResolveCachingStateStep.execute(AbstractResolveCachingStateStep.java:69)
	at org.gradle.internal.execution.steps.AbstractResolveCachingStateStep.execute(AbstractResolveCachingStateStep.java:37)
	at org.gradle.internal.execution.steps.ResolveChangesStep.executeMutable(ResolveChangesStep.java:63)
	at org.gradle.internal.execution.steps.ResolveChangesStep.executeMutable(ResolveChangesStep.java:34)
	at org.gradle.internal.execution.steps.MutableStep.execute(MutableStep.java:26)
	at org.gradle.internal.execution.steps.ValidateStep$Mutable.executeDelegate(ValidateStep.java:79)
	at org.gradle.internal.execution.steps.ValidateStep$Mutable.executeDelegate(ValidateStep.java:65)
	at org.gradle.internal.execution.steps.ValidateStep.execute(ValidateStep.java:105)
	at org.gradle.internal.execution.steps.ValidateStep$Mutable.execute(ValidateStep.java:65)
	at org.gradle.internal.execution.steps.CaptureMutableStateBeforeExecutionStep.executeMutable(CaptureMutableStateBeforeExecutionStep.java:86)
	at org.gradle.internal.execution.steps.CaptureMutableStateBeforeExecutionStep.execute(CaptureMutableStateBeforeExecutionStep.java:65)
	at org.gradle.internal.execution.steps.CaptureMutableStateBeforeExecutionStep.execute(CaptureMutableStateBeforeExecutionStep.java:45)
	at org.gradle.internal.execution.steps.SkipEmptyMutableWorkStep.executeWithNonEmptySources(SkipEmptyMutableWorkStep.java:210)
	at org.gradle.internal.execution.steps.SkipEmptyMutableWorkStep.executeMutable(SkipEmptyMutableWorkStep.java:90)
	at org.gradle.internal.execution.steps.SkipEmptyMutableWorkStep.executeMutable(SkipEmptyMutableWorkStep.java:53)
	at org.gradle.internal.execution.steps.MutableStep.execute(MutableStep.java:26)
	at org.gradle.internal.execution.steps.legacy.MarkSnapshottingInputsStartedStep.execute(MarkSnapshottingInputsStartedStep.java:38)
	at org.gradle.internal.execution.steps.LoadPreviousExecutionStateStep.executeMutable(LoadPreviousExecutionStateStep.java:36)
	at org.gradle.internal.execution.steps.LoadPreviousExecutionStateStep.executeMutable(LoadPreviousExecutionStateStep.java:23)
	at org.gradle.internal.execution.steps.MutableStep.execute(MutableStep.java:26)
	at org.gradle.internal.execution.steps.HandleStaleOutputsStep.executeMutable(HandleStaleOutputsStep.java:77)
	at org.gradle.internal.execution.steps.HandleStaleOutputsStep.executeMutable(HandleStaleOutputsStep.java:43)
	at org.gradle.internal.execution.steps.MutableStep.execute(MutableStep.java:26)
	at org.gradle.internal.execution.steps.AssignMutableWorkspaceStep.lambda$executeMutable$0(AssignMutableWorkspaceStep.java:34)
	at org.gradle.api.internal.tasks.execution.TaskExecution$4.withWorkspace(TaskExecution.java:305)
	at org.gradle.internal.execution.steps.AssignMutableWorkspaceStep.executeMutable(AssignMutableWorkspaceStep.java:30)
	at org.gradle.internal.execution.steps.AssignMutableWorkspaceStep.executeMutable(AssignMutableWorkspaceStep.java:21)
	at org.gradle.internal.execution.steps.MutableStep.execute(MutableStep.java:26)
	at org.gradle.internal.execution.steps.ChoosePipelineStep.execute(ChoosePipelineStep.java:40)
	at org.gradle.internal.execution.steps.ChoosePipelineStep.execute(ChoosePipelineStep.java:23)
	at org.gradle.internal.execution.steps.ExecuteWorkBuildOperationFiringStep.lambda$execute$2(ExecuteWorkBuildOperationFiringStep.java:67)
	at java.base/java.util.Optional.orElseGet(Optional.java:364)
	at org.gradle.internal.execution.steps.ExecuteWorkBuildOperationFiringStep.execute(ExecuteWorkBuildOperationFiringStep.java:67)
	at org.gradle.internal.execution.steps.ExecuteWorkBuildOperationFiringStep.execute(ExecuteWorkBuildOperationFiringStep.java:39)
	at org.gradle.internal.execution.steps.IdentityCacheStep.execute(IdentityCacheStep.java:46)
	at org.gradle.internal.execution.steps.IdentityCacheStep.execute(IdentityCacheStep.java:34)
	at org.gradle.internal.execution.steps.IdentifyStep.execute(IdentifyStep.java:56)
	at org.gradle.internal.execution.steps.IdentifyStep.execute(IdentifyStep.java:38)
	at org.gradle.internal.execution.impl.DefaultExecutionEngine$1.execute(DefaultExecutionEngine.java:68)
	at org.gradle.api.internal.tasks.execution.ExecuteActionsTaskExecuter.executeIfValid(ExecuteActionsTaskExecuter.java:132)
	at org.gradle.api.internal.tasks.execution.ExecuteActionsTaskExecuter.execute(ExecuteActionsTaskExecuter.java:121)
	at org.gradle.api.internal.tasks.execution.ProblemsTaskPathTrackingTaskExecuter.execute(ProblemsTaskPathTrackingTaskExecuter.java:41)
	at org.gradle.api.internal.tasks.execution.ResolveTaskExecutionModeExecuter.execute(ResolveTaskExecutionModeExecuter.java:51)
	at org.gradle.api.internal.tasks.execution.FinalizePropertiesTaskExecuter.execute(FinalizePropertiesTaskExecuter.java:46)
	at org.gradle.api.internal.tasks.execution.SkipTaskWithNoActionsExecuter.execute(SkipTaskWithNoActionsExecuter.java:57)
	at org.gradle.api.internal.tasks.execution.SkipOnlyIfTaskExecuter.execute(SkipOnlyIfTaskExecuter.java:74)
	at org.gradle.api.internal.tasks.execution.CatchExceptionTaskExecuter.execute(CatchExceptionTaskExecuter.java:36)
	at org.gradle.api.internal.tasks.execution.EventFiringTaskExecuter$1.executeTask(EventFiringTaskExecuter.java:77)
	at org.gradle.api.internal.tasks.execution.EventFiringTaskExecuter$1.call(EventFiringTaskExecuter.java:55)
	at org.gradle.api.internal.tasks.execution.EventFiringTaskExecuter$1.call(EventFiringTaskExecuter.java:52)
	at org.gradle.internal.operations.DefaultBuildOperationRunner$CallableBuildOperationWorker.execute(DefaultBuildOperationRunner.java:210)
	at org.gradle.internal.operations.DefaultBuildOperationRunner$CallableBuildOperationWorker.execute(DefaultBuildOperationRunner.java:205)
	at org.gradle.internal.operations.DefaultBuildOperationRunner$2.execute(DefaultBuildOperationRunner.java:67)
	at org.gradle.internal.operations.DefaultBuildOperationRunner$2.execute(DefaultBuildOperationRunner.java:60)
	at org.gradle.internal.operations.DefaultBuildOperationRunner.execute(DefaultBuildOperationRunner.java:167)
	at org.gradle.internal.operations.DefaultBuildOperationRunner.execute(DefaultBuildOperationRunner.java:60)
	at org.gradle.internal.operations.DefaultBuildOperationRunner.call(DefaultBuildOperationRunner.java:54)
	at org.gradle.api.internal.tasks.execution.EventFiringTaskExecuter.execute(EventFiringTaskExecuter.java:52)
	at org.gradle.execution.plan.DefaultNodeExecutor.executeLocalTaskNode(DefaultNodeExecutor.java:55)
	at org.gradle.execution.plan.DefaultNodeExecutor.execute(DefaultNodeExecutor.java:34)
	at org.gradle.execution.taskgraph.DefaultTaskExecutionGraph$InvokeNodeExecutorsAction.execute(DefaultTaskExecutionGraph.java:355)
	at org.gradle.execution.taskgraph.DefaultTaskExecutionGraph$InvokeNodeExecutorsAction.execute(DefaultTaskExecutionGraph.java:343)
	at org.gradle.execution.taskgraph.DefaultTaskExecutionGraph$BuildOperationAwareExecutionAction.lambda$execute$0(DefaultTaskExecutionGraph.java:339)
	at org.gradle.internal.operations.CurrentBuildOperationRef.with(CurrentBuildOperationRef.java:84)
	at org.gradle.execution.taskgraph.DefaultTaskExecutionGraph$BuildOperationAwareExecutionAction.execute(DefaultTaskExecutionGraph.java:339)
	at org.gradle.execution.taskgraph.DefaultTaskExecutionGraph$BuildOperationAwareExecutionAction.execute(DefaultTaskExecutionGraph.java:328)
	at org.gradle.execution.plan.DefaultPlanExecutor$ExecutorWorker.execute(DefaultPlanExecutor.java:459)
	at org.gradle.execution.plan.DefaultPlanExecutor$ExecutorWorker.run(DefaultPlanExecutor.java:376)
	at org.gradle.execution.plan.DefaultPlanExecutor.process(DefaultPlanExecutor.java:111)
	at org.gradle.execution.taskgraph.DefaultTaskExecutionGraph.executeWithServices(DefaultTaskExecutionGraph.java:146)
	at org.gradle.execution.taskgraph.DefaultTaskExecutionGraph.execute(DefaultTaskExecutionGraph.java:131)
	at org.gradle.execution.SelectedTaskExecutionAction.execute(SelectedTaskExecutionAction.java:35)
	at org.gradle.execution.BuildOperationFiringBuildWorkerExecutor$ExecuteTasks.call(BuildOperationFiringBuildWorkerExecutor.java:54)
	at org.gradle.execution.BuildOperationFiringBuildWorkerExecutor$ExecuteTasks.call(BuildOperationFiringBuildWorkerExecutor.java:43)
	at org.gradle.internal.operations.DefaultBuildOperationRunner$CallableBuildOperationWorker.execute(DefaultBuildOperationRunner.java:210)
	at org.gradle.internal.operations.DefaultBuildOperationRunner$CallableBuildOperationWorker.execute(DefaultBuildOperationRunner.java:205)
	at org.gradle.internal.operations.DefaultBuildOperationRunner$2.execute(DefaultBuildOperationRunner.java:67)
	at org.gradle.internal.operations.DefaultBuildOperationRunner$2.execute(DefaultBuildOperationRunner.java:60)
	at org.gradle.internal.operations.DefaultBuildOperationRunner.execute(DefaultBuildOperationRunner.java:167)
	at org.gradle.internal.operations.DefaultBuildOperationRunner.execute(DefaultBuildOperationRunner.java:60)
	at org.gradle.internal.operations.DefaultBuildOperationRunner.call(DefaultBuildOperationRunner.java:54)
	at org.gradle.execution.BuildOperationFiringBuildWorkerExecutor.execute(BuildOperationFiringBuildWorkerExecutor.java:40)
	at org.gradle.internal.build.DefaultBuildLifecycleController.lambda$executeTasks$11(DefaultBuildLifecycleController.java:323)
	at org.gradle.internal.model.StateTransitionController.doTransition(StateTransitionController.java:304)
	at org.gradle.internal.model.StateTransitionController.lambda$tryTransition$9(StateTransitionController.java:215)
	at org.gradle.internal.work.DefaultSynchronizer.withLock(DefaultSynchronizer.java:45)
	at org.gradle.internal.model.StateTransitionController.tryTransition(StateTransitionController.java:215)
	at org.gradle.internal.build.DefaultBuildLifecycleController.executeTasks(DefaultBuildLifecycleController.java:314)
	at org.gradle.internal.build.DefaultBuildWorkGraphController$DefaultBuildWorkGraph.runWork(DefaultBuildWorkGraphController.java:220)
	at org.gradle.internal.work.DefaultWorkerLeaseService.lambda$runAndReleaseLocks$0(DefaultWorkerLeaseService.java:300)
	at org.gradle.internal.work.ResourceLockStatistics$1.measure(ResourceLockStatistics.java:43)
	at org.gradle.internal.work.DefaultWorkerLeaseService.runAndReleaseLocks(DefaultWorkerLeaseService.java:298)
	at org.gradle.internal.work.DefaultWorkerLeaseService.withLocksAcquired(DefaultWorkerLeaseService.java:294)
	at org.gradle.internal.work.DefaultWorkerLeaseService.withLocks(DefaultWorkerLeaseService.java:286)
	at org.gradle.internal.work.DefaultWorkerLeaseService.runAsWorkerThread(DefaultWorkerLeaseService.java:130)
	at org.gradle.composite.internal.DefaultBuildController.doRun(DefaultBuildController.java:182)
	at org.gradle.composite.internal.DefaultBuildController$BuildOpRunnable.lambda$run$0(DefaultBuildController.java:199)
	at org.gradle.internal.operations.CurrentBuildOperationRef.with(CurrentBuildOperationRef.java:84)
	at org.gradle.composite.internal.DefaultBuildController$BuildOpRunnable.run(DefaultBuildController.java:199)
	at java.base/java.util.concurrent.Executors$RunnableAdapter.call(Executors.java:572)
	at java.base/java.util.concurrent.FutureTask.run(FutureTask.java:317)
	at org.gradle.internal.concurrent.ExecutorPolicy$CatchAndRecordFailures.onExecute(ExecutorPolicy.java:64)
	at org.gradle.internal.concurrent.AbstractManagedExecutor$1.run(AbstractManagedExecutor.java:47)
	at java.base/java.util.concurrent.ThreadPoolExecutor.runWorker(ThreadPoolExecutor.java:1144)
	at java.base/java.util.concurrent.ThreadPoolExecutor$Worker.run(ThreadPoolExecutor.java:642)
	at java.base/java.lang.Thread.run(Thread.java:1583)

WARNING: D8: An error occurred when parsing kotlin metadata. This normally happens when using a newer version of kotlin than the kotlin version released when this version of R8 was created. To find compatible kotlin versions, please see: https://developer.android.com/studio/build/kotlin-d8-r8-versions
WARNING: D8: Unexpected error during rewriting of Kotlin metadata for class 'com.reelshort.plugin.ReelShortProvider$parseEpisodes$$inlined$sortedBy$1':
com.android.tools.r8.internal.Os0: Should never be called
	at com.android.tools.r8.kotlin.a0.a(R8_8.7.18_f8bee6d6fb926b7ebb3b15bf98f726f9d57471456ea20fce6d17d9a020197688:2)
	at com.android.tools.r8.kotlin.Z.a(R8_8.7.18_f8bee6d6fb926b7ebb3b15bf98f726f9d57471456ea20fce6d17d9a020197688:185)
	at com.android.tools.r8.kotlin.Z.a(R8_8.7.18_f8bee6d6fb926b7ebb3b15bf98f726f9d57471456ea20fce6d17d9a020197688:184)
	at com.android.tools.r8.internal.ep0.a(R8_8.7.18_f8bee6d6fb926b7ebb3b15bf98f726f9d57471456ea20fce6d17d9a020197688:23)
	at com.android.tools.r8.internal.ep0.a(R8_8.7.18_f8bee6d6fb926b7ebb3b15bf98f726f9d57471456ea20fce6d17d9a020197688:34)
	at com.android.tools.r8.internal.ep0.a(R8_8.7.18_f8bee6d6fb926b7ebb3b15bf98f726f9d57471456ea20fce6d17d9a020197688:17)
	at com.google.common.util.concurrent.TrustedListenableFutureTask$TrustedFutureInterruptibleTask.runInterruptibly(TrustedListenableFutureTask.java:131)
	at com.google.common.util.concurrent.InterruptibleTask.run(InterruptibleTask.java:75)
	at com.google.common.util.concurrent.TrustedListenableFutureTask.run(TrustedListenableFutureTask.java:82)
	at com.google.common.util.concurrent.MoreExecutors$DirectExecutorService.execute(MoreExecutors.java:327)
	at java.base/java.util.concurrent.AbstractExecutorService.submit(AbstractExecutorService.java:145)
	at com.google.common.util.concurrent.AbstractListeningExecutorService.submit(AbstractListeningExecutorService.java:79)
	at com.google.common.util.concurrent.AbstractListeningExecutorService.submit(AbstractListeningExecutorService.java:37)
	at com.android.tools.r8.internal.fp0.submit(R8_8.7.18_f8bee6d6fb926b7ebb3b15bf98f726f9d57471456ea20fce6d17d9a020197688:1)
	at com.android.tools.r8.internal.Ro0.a(R8_8.7.18_f8bee6d6fb926b7ebb3b15bf98f726f9d57471456ea20fce6d17d9a020197688:1)
	at com.android.tools.r8.internal.ep0.a(R8_8.7.18_f8bee6d6fb926b7ebb3b15bf98f726f9d57471456ea20fce6d17d9a020197688:19)
	at com.android.tools.r8.internal.Yw.a(R8_8.7.18_f8bee6d6fb926b7ebb3b15bf98f726f9d57471456ea20fce6d17d9a020197688:3)
	at java.base/java.util.ArrayList.forEach(ArrayList.java:1596)
	at com.android.tools.r8.internal.Yw.a(R8_8.7.18_f8bee6d6fb926b7ebb3b15bf98f726f9d57471456ea20fce6d17d9a020197688:2)
	at com.android.tools.r8.internal.ep0.a(R8_8.7.18_f8bee6d6fb926b7ebb3b15bf98f726f9d57471456ea20fce6d17d9a020197688:10)
	at com.android.tools.r8.internal.ep0.a(R8_8.7.18_f8bee6d6fb926b7ebb3b15bf98f726f9d57471456ea20fce6d17d9a020197688:33)
	at com.android.tools.r8.internal.ep0.a(R8_8.7.18_f8bee6d6fb926b7ebb3b15bf98f726f9d57471456ea20fce6d17d9a020197688:25)
	at com.android.tools.r8.internal.ep0.a(R8_8.7.18_f8bee6d6fb926b7ebb3b15bf98f726f9d57471456ea20fce6d17d9a020197688:22)
	at com.android.tools.r8.K.a(R8_8.7.18_f8bee6d6fb926b7ebb3b15bf98f726f9d57471456ea20fce6d17d9a020197688:3)
	at com.android.tools.r8.kotlin.Z.a(R8_8.7.18_f8bee6d6fb926b7ebb3b15bf98f726f9d57471456ea20fce6d17d9a020197688:9)
	at com.android.tools.r8.D8.b(R8_8.7.18_f8bee6d6fb926b7ebb3b15bf98f726f9d57471456ea20fce6d17d9a020197688:17)
	at com.android.tools.r8.internal.Gp0.a(R8_8.7.18_f8bee6d6fb926b7ebb3b15bf98f726f9d57471456ea20fce6d17d9a020197688:57)
	at com.android.tools.r8.D8.a(R8_8.7.18_f8bee6d6fb926b7ebb3b15bf98f726f9d57471456ea20fce6d17d9a020197688:88)
	at com.android.tools.r8.D8.d(R8_8.7.18_f8bee6d6fb926b7ebb3b15bf98f726f9d57471456ea20fce6d17d9a020197688:137)
	at com.android.tools.r8.D8.b(R8_8.7.18_f8bee6d6fb926b7ebb3b15bf98f726f9d57471456ea20fce6d17d9a020197688:1)
	at com.android.tools.r8.internal.yu.a(R8_8.7.18_f8bee6d6fb926b7ebb3b15bf98f726f9d57471456ea20fce6d17d9a020197688:28)
	at com.android.tools.r8.internal.yu.b(R8_8.7.18_f8bee6d6fb926b7ebb3b15bf98f726f9d57471456ea20fce6d17d9a020197688:2)
	at com.android.tools.r8.D8.run(R8_8.7.18_f8bee6d6fb926b7ebb3b15bf98f726f9d57471456ea20fce6d17d9a020197688:11)
	at com.android.builder.dexing.D8DexArchiveBuilder.convert(D8DexArchiveBuilder.java:127)
	at com.android.builder.dexing.DexArchiveBuilder.convert$default(DexArchiveBuilder.kt:44)
	at com.lagradost.cloudstream3.gradle.tasks.CompileDexTask.compileDex(CompileDexTask.kt:88)
	at java.base/jdk.internal.reflect.DirectMethodHandleAccessor.invoke(DirectMethodHandleAccessor.java:103)
	at java.base/java.lang.reflect.Method.invoke(Method.java:580)
	at org.gradle.internal.reflect.JavaMethod.invoke(JavaMethod.java:125)
	at org.gradle.api.internal.project.taskfactory.StandardTaskAction.doExecute(StandardTaskAction.java:58)
	at org.gradle.api.internal.project.taskfactory.StandardTaskAction.execute(StandardTaskAction.java:51)
	at org.gradle.api.internal.project.taskfactory.StandardTaskAction.execute(StandardTaskAction.java:29)
	at org.gradle.api.internal.tasks.execution.TaskExecution$3.run(TaskExecution.java:259)
	at org.gradle.internal.operations.DefaultBuildOperationRunner$1.execute(DefaultBuildOperationRunner.java:30)
	at org.gradle.internal.operations.DefaultBuildOperationRunner$1.execute(DefaultBuildOperationRunner.java:27)
	at org.gradle.internal.operations.DefaultBuildOperationRunner$2.execute(DefaultBuildOperationRunner.java:67)
	at org.gradle.internal.operations.DefaultBuildOperationRunner$2.execute(DefaultBuildOperationRunner.java:60)
	at org.gradle.internal.operations.DefaultBuildOperationRunner.execute(DefaultBuildOperationRunner.java:167)
	at org.gradle.internal.operations.DefaultBuildOperationRunner.execute(DefaultBuildOperationRunner.java:60)
	at org.gradle.internal.operations.DefaultBuildOperationRunner.run(DefaultBuildOperationRunner.java:48)
	at org.gradle.api.internal.tasks.execution.TaskExecution.executeAction(TaskExecution.java:244)
	at org.gradle.api.internal.tasks.execution.TaskExecution.executeActions(TaskExecution.java:227)
	at org.gradle.api.internal.tasks.execution.TaskExecution.executeWithPreviousOutputFiles(TaskExecution.java:210)
	at org.gradle.api.internal.tasks.execution.TaskExecution.execute(TaskExecution.java:176)
	at org.gradle.internal.execution.steps.ExecuteStep.executeInternal(ExecuteStep.java:167)
	at org.gradle.internal.execution.steps.ExecuteStep.access$000(ExecuteStep.java:47)
	at org.gradle.internal.execution.steps.ExecuteStep$1.call(ExecuteStep.java:137)
	at org.gradle.internal.execution.steps.ExecuteStep$1.call(ExecuteStep.java:134)
	at org.gradle.internal.operations.DefaultBuildOperationRunner$CallableBuildOperationWorker.execute(DefaultBuildOperationRunner.java:210)
	at org.gradle.internal.operations.DefaultBuildOperationRunner$CallableBuildOperationWorker.execute(DefaultBuildOperationRunner.java:205)
	at org.gradle.internal.operations.DefaultBuildOperationRunner$2.execute(DefaultBuildOperationRunner.java:67)
	at org.gradle.internal.operations.DefaultBuildOperationRunner$2.execute(DefaultBuildOperationRunner.java:60)
	at org.gradle.internal.operations.DefaultBuildOperationRunner.execute(DefaultBuildOperationRunner.java:167)
	at org.gradle.internal.operations.DefaultBuildOperationRunner.execute(DefaultBuildOperationRunner.java:60)
	at org.gradle.internal.operations.DefaultBuildOperationRunner.call(DefaultBuildOperationRunner.java:54)
	at org.gradle.internal.execution.steps.ExecuteStep.execute(ExecuteStep.java:134)
	at org.gradle.internal.execution.steps.ExecuteStep$Mutable.execute(ExecuteStep.java:80)
	at org.gradle.internal.execution.steps.CancelExecutionStep.execute(CancelExecutionStep.java:42)
	at org.gradle.internal.execution.steps.TimeoutStep.executeWithoutTimeout(TimeoutStep.java:75)
	at org.gradle.internal.execution.steps.TimeoutStep.execute(TimeoutStep.java:55)
	at org.gradle.internal.execution.steps.PreCreateOutputParentsStep.execute(PreCreateOutputParentsStep.java:51)
	at org.gradle.internal.execution.steps.PreCreateOutputParentsStep.execute(PreCreateOutputParentsStep.java:29)
	at org.gradle.internal.execution.steps.RemovePreviousOutputsStep.executeMutable(RemovePreviousOutputsStep.java:67)
	at org.gradle.internal.execution.steps.RemovePreviousOutputsStep.executeMutable(RemovePreviousOutputsStep.java:39)
	at org.gradle.internal.execution.steps.MutableStep.execute(MutableStep.java:26)
	at org.gradle.internal.execution.steps.BroadcastChangingOutputsStep.execute(BroadcastChangingOutputsStep.java:42)
	at org.gradle.internal.execution.steps.BroadcastChangingOutputsStep.execute(BroadcastChangingOutputsStep.java:24)
	at org.gradle.internal.execution.steps.CaptureOutputsAfterExecutionStep.execute(CaptureOutputsAfterExecutionStep.java:69)
	at org.gradle.internal.execution.steps.CaptureOutputsAfterExecutionStep.execute(CaptureOutputsAfterExecutionStep.java:46)
	at org.gradle.internal.execution.steps.ResolveInputChangesStep.executeMutable(ResolveInputChangesStep.java:39)
	at org.gradle.internal.execution.steps.ResolveInputChangesStep.executeMutable(ResolveInputChangesStep.java:28)
	at org.gradle.internal.execution.steps.MutableStep.execute(MutableStep.java:26)
	at org.gradle.internal.execution.steps.BuildCacheStep.executeWithoutCache(BuildCacheStep.java:189)
	at org.gradle.internal.execution.steps.BuildCacheStep.lambda$execute$1(BuildCacheStep.java:76)
	at org.gradle.internal.Either$Right.fold(Either.java:176)
	at org.gradle.internal.execution.caching.CachingState.fold(CachingState.java:62)
	at org.gradle.internal.execution.steps.BuildCacheStep.execute(BuildCacheStep.java:74)
	at org.gradle.internal.execution.steps.BuildCacheStep.execute(BuildCacheStep.java:49)
	at org.gradle.internal.execution.steps.StoreExecutionStateStep.executeMutable(StoreExecutionStateStep.java:46)
	at org.gradle.internal.execution.steps.StoreExecutionStateStep.executeMutable(StoreExecutionStateStep.java:35)
	at org.gradle.internal.execution.steps.MutableStep.execute(MutableStep.java:26)
	at org.gradle.internal.execution.steps.SkipUpToDateStep.executeBecause(SkipUpToDateStep.java:75)
	at org.gradle.internal.execution.steps.SkipUpToDateStep.lambda$execute$2(SkipUpToDateStep.java:53)
	at java.base/java.util.Optional.orElseGet(Optional.java:364)
	at org.gradle.internal.execution.steps.SkipUpToDateStep.execute(SkipUpToDateStep.java:53)
	at org.gradle.internal.execution.steps.SkipUpToDateStep.execute(SkipUpToDateStep.java:35)
	at org.gradle.internal.execution.steps.legacy.MarkSnapshottingInputsFinishedStep.execute(MarkSnapshottingInputsFinishedStep.java:37)
	at org.gradle.internal.execution.steps.legacy.MarkSnapshottingInputsFinishedStep.execute(MarkSnapshottingInputsFinishedStep.java:27)
	at org.gradle.internal.execution.steps.ResolveMutableCachingStateStep.executeDelegate(ResolveMutableCachingStateStep.java:70)
	at org.gradle.internal.execution.steps.ResolveMutableCachingStateStep.executeDelegate(ResolveMutableCachingStateStep.java:32)
	at org.gradle.internal.execution.steps.AbstractResolveCachingStateStep.execute(AbstractResolveCachingStateStep.java:69)
	at org.gradle.internal.execution.steps.AbstractResolveCachingStateStep.execute(AbstractResolveCachingStateStep.java:37)
	at org.gradle.internal.execution.steps.ResolveChangesStep.executeMutable(ResolveChangesStep.java:63)
	at org.gradle.internal.execution.steps.ResolveChangesStep.executeMutable(ResolveChangesStep.java:34)
	at org.gradle.internal.execution.steps.MutableStep.execute(MutableStep.java:26)
	at org.gradle.internal.execution.steps.ValidateStep$Mutable.executeDelegate(ValidateStep.java:79)
	at org.gradle.internal.execution.steps.ValidateStep$Mutable.executeDelegate(ValidateStep.java:65)
	at org.gradle.internal.execution.steps.ValidateStep.execute(ValidateStep.java:105)
	at org.gradle.internal.execution.steps.ValidateStep$Mutable.execute(ValidateStep.java:65)
	at org.gradle.internal.execution.steps.CaptureMutableStateBeforeExecutionStep.executeMutable(CaptureMutableStateBeforeExecutionStep.java:86)
	at org.gradle.internal.execution.steps.CaptureMutableStateBeforeExecutionStep.execute(CaptureMutableStateBeforeExecutionStep.java:65)
	at org.gradle.internal.execution.steps.CaptureMutableStateBeforeExecutionStep.execute(CaptureMutableStateBeforeExecutionStep.java:45)
	at org.gradle.internal.execution.steps.SkipEmptyMutableWorkStep.executeWithNonEmptySources(SkipEmptyMutableWorkStep.java:210)
	at org.gradle.internal.execution.steps.SkipEmptyMutableWorkStep.executeMutable(SkipEmptyMutableWorkStep.java:90)
	at org.gradle.internal.execution.steps.SkipEmptyMutableWorkStep.executeMutable(SkipEmptyMutableWorkStep.java:53)
	at org.gradle.internal.execution.steps.MutableStep.execute(MutableStep.java:26)
	at org.gradle.internal.execution.steps.legacy.MarkSnapshottingInputsStartedStep.execute(MarkSnapshottingInputsStartedStep.java:38)
	at org.gradle.internal.execution.steps.LoadPreviousExecutionStateStep.executeMutable(LoadPreviousExecutionStateStep.java:36)
	at org.gradle.internal.execution.steps.LoadPreviousExecutionStateStep.executeMutable(LoadPreviousExecutionStateStep.java:23)
	at org.gradle.internal.execution.steps.MutableStep.execute(MutableStep.java:26)
	at org.gradle.internal.execution.steps.HandleStaleOutputsStep.executeMutable(HandleStaleOutputsStep.java:77)
	at org.gradle.internal.execution.steps.HandleStaleOutputsStep.executeMutable(HandleStaleOutputsStep.java:43)
	at org.gradle.internal.execution.steps.MutableStep.execute(MutableStep.java:26)
	at org.gradle.internal.execution.steps.AssignMutableWorkspaceStep.lambda$executeMutable$0(AssignMutableWorkspaceStep.java:34)
	at org.gradle.api.internal.tasks.execution.TaskExecution$4.withWorkspace(TaskExecution.java:305)
	at org.gradle.internal.execution.steps.AssignMutableWorkspaceStep.executeMutable(AssignMutableWorkspaceStep.java:30)
	at org.gradle.internal.execution.steps.AssignMutableWorkspaceStep.executeMutable(AssignMutableWorkspaceStep.java:21)
	at org.gradle.internal.execution.steps.MutableStep.execute(MutableStep.java:26)
	at org.gradle.internal.execution.steps.ChoosePipelineStep.execute(ChoosePipelineStep.java:40)
	at org.gradle.internal.execution.steps.ChoosePipelineStep.execute(ChoosePipelineStep.java:23)
	at org.gradle.internal.execution.steps.ExecuteWorkBuildOperationFiringStep.lambda$execute$2(ExecuteWorkBuildOperationFiringStep.java:67)
	at java.base/java.util.Optional.orElseGet(Optional.java:364)
	at org.gradle.internal.execution.steps.ExecuteWorkBuildOperationFiringStep.execute(ExecuteWorkBuildOperationFiringStep.java:67)
	at org.gradle.internal.execution.steps.ExecuteWorkBuildOperationFiringStep.execute(ExecuteWorkBuildOperationFiringStep.java:39)
	at org.gradle.internal.execution.steps.IdentityCacheStep.execute(IdentityCacheStep.java:46)
	at org.gradle.internal.execution.steps.IdentityCacheStep.execute(IdentityCacheStep.java:34)
	at org.gradle.internal.execution.steps.IdentifyStep.execute(IdentifyStep.java:56)
	at org.gradle.internal.execution.steps.IdentifyStep.execute(IdentifyStep.java:38)
	at org.gradle.internal.execution.impl.DefaultExecutionEngine$1.execute(DefaultExecutionEngine.java:68)
	at org.gradle.api.internal.tasks.execution.ExecuteActionsTaskExecuter.executeIfValid(ExecuteActionsTaskExecuter.java:132)
	at org.gradle.api.internal.tasks.execution.ExecuteActionsTaskExecuter.execute(ExecuteActionsTaskExecuter.java:121)
	at org.gradle.api.internal.tasks.execution.ProblemsTaskPathTrackingTaskExecuter.execute(ProblemsTaskPathTrackingTaskExecuter.java:41)
	at org.gradle.api.internal.tasks.execution.ResolveTaskExecutionModeExecuter.execute(ResolveTaskExecutionModeExecuter.java:51)
	at org.gradle.api.internal.tasks.execution.FinalizePropertiesTaskExecuter.execute(FinalizePropertiesTaskExecuter.java:46)
	at org.gradle.api.internal.tasks.execution.SkipTaskWithNoActionsExecuter.execute(SkipTaskWithNoActionsExecuter.java:57)
	at org.gradle.api.internal.tasks.execution.SkipOnlyIfTaskExecuter.execute(SkipOnlyIfTaskExecuter.java:74)
	at org.gradle.api.internal.tasks.execution.CatchExceptionTaskExecuter.execute(CatchExceptionTaskExecuter.java:36)
	at org.gradle.api.internal.tasks.execution.EventFiringTaskExecuter$1.executeTask(EventFiringTaskExecuter.java:77)
	at org.gradle.api.internal.tasks.execution.EventFiringTaskExecuter$1.call(EventFiringTaskExecuter.java:55)
	at org.gradle.api.internal.tasks.execution.EventFiringTaskExecuter$1.call(EventFiringTaskExecuter.java:52)
	at org.gradle.internal.operations.DefaultBuildOperationRunner$CallableBuildOperationWorker.execute(DefaultBuildOperationRunner.java:210)
	at org.gradle.internal.operations.DefaultBuildOperationRunner$CallableBuildOperationWorker.execute(DefaultBuildOperationRunner.java:205)
	at org.gradle.internal.operations.DefaultBuildOperationRunner$2.execute(DefaultBuildOperationRunner.java:67)
	at org.gradle.internal.operations.DefaultBuildOperationRunner$2.execute(DefaultBuildOperationRunner.java:60)
	at org.gradle.internal.operations.DefaultBuildOperationRunner.execute(DefaultBuildOperationRunner.java:167)
	at org.gradle.internal.operations.DefaultBuildOperationRunner.execute(DefaultBuildOperationRunner.java:60)
	at org.gradle.internal.operations.DefaultBuildOperationRunner.call(DefaultBuildOperationRunner.java:54)
	at org.gradle.api.internal.tasks.execution.EventFiringTaskExecuter.execute(EventFiringTaskExecuter.java:52)
	at org.gradle.execution.plan.DefaultNodeExecutor.executeLocalTaskNode(DefaultNodeExecutor.java:55)
	at org.gradle.execution.plan.DefaultNodeExecutor.execute(DefaultNodeExecutor.java:34)
	at org.gradle.execution.taskgraph.DefaultTaskExecutionGraph$InvokeNodeExecutorsAction.execute(DefaultTaskExecutionGraph.java:355)
	at org.gradle.execution.taskgraph.DefaultTaskExecutionGraph$InvokeNodeExecutorsAction.execute(DefaultTaskExecutionGraph.java:343)
	at org.gradle.execution.taskgraph.DefaultTaskExecutionGraph$BuildOperationAwareExecutionAction.lambda$execute$0(DefaultTaskExecutionGraph.java:339)
	at org.gradle.internal.operations.CurrentBuildOperationRef.with(CurrentBuildOperationRef.java:84)
	at org.gradle.execution.taskgraph.DefaultTaskExecutionGraph$BuildOperationAwareExecutionAction.execute(DefaultTaskExecutionGraph.java:339)
	at org.gradle.execution.taskgraph.DefaultTaskExecutionGraph$BuildOperationAwareExecutionAction.execute(DefaultTaskExecutionGraph.java:328)
	at org.gradle.execution.plan.DefaultPlanExecutor$ExecutorWorker.execute(DefaultPlanExecutor.java:459)
	at org.gradle.execution.plan.DefaultPlanExecutor$ExecutorWorker.run(DefaultPlanExecutor.java:376)
	at org.gradle.execution.plan.DefaultPlanExecutor.process(DefaultPlanExecutor.java:111)
	at org.gradle.execution.taskgraph.DefaultTaskExecutionGraph.executeWithServices(DefaultTaskExecutionGraph.java:146)
	at org.gradle.execution.taskgraph.DefaultTaskExecutionGraph.execute(DefaultTaskExecutionGraph.java:131)
	at org.gradle.execution.SelectedTaskExecutionAction.execute(SelectedTaskExecutionAction.java:35)
	at org.gradle.execution.BuildOperationFiringBuildWorkerExecutor$ExecuteTasks.call(BuildOperationFiringBuildWorkerExecutor.java:54)
	at org.gradle.execution.BuildOperationFiringBuildWorkerExecutor$ExecuteTasks.call(BuildOperationFiringBuildWorkerExecutor.java:43)
	at org.gradle.internal.operations.DefaultBuildOperationRunner$CallableBuildOperationWorker.execute(DefaultBuildOperationRunner.java:210)
	at org.gradle.internal.operations.DefaultBuildOperationRunner$CallableBuildOperationWorker.execute(DefaultBuildOperationRunner.java:205)
	at org.gradle.internal.operations.DefaultBuildOperationRunner$2.execute(DefaultBuildOperationRunner.java:67)
	at org.gradle.internal.operations.DefaultBuildOperationRunner$2.execute(DefaultBuildOperationRunner.java:60)
	at org.gradle.internal.operations.DefaultBuildOperationRunner.execute(DefaultBuildOperationRunner.java:167)
	at org.gradle.internal.operations.DefaultBuildOperationRunner.execute(DefaultBuildOperationRunner.java:60)
	at org.gradle.internal.operations.DefaultBuildOperationRunner.call(DefaultBuildOperationRunner.java:54)
	at org.gradle.execution.BuildOperationFiringBuildWorkerExecutor.execute(BuildOperationFiringBuildWorkerExecutor.java:40)
	at org.gradle.internal.build.DefaultBuildLifecycleController.lambda$executeTasks$11(DefaultBuildLifecycleController.java:323)
	at org.gradle.internal.model.StateTransitionController.doTransition(StateTransitionController.java:304)
	at org.gradle.internal.model.StateTransitionController.lambda$tryTransition$9(StateTransitionController.java:215)
	at org.gradle.internal.work.DefaultSynchronizer.withLock(DefaultSynchronizer.java:45)
	at org.gradle.internal.model.StateTransitionController.tryTransition(StateTransitionController.java:215)
	at org.gradle.internal.build.DefaultBuildLifecycleController.executeTasks(DefaultBuildLifecycleController.java:314)
	at org.gradle.internal.build.DefaultBuildWorkGraphController$DefaultBuildWorkGraph.runWork(DefaultBuildWorkGraphController.java:220)
	at org.gradle.internal.work.DefaultWorkerLeaseService.lambda$runAndReleaseLocks$0(DefaultWorkerLeaseService.java:300)
	at org.gradle.internal.work.ResourceLockStatistics$1.measure(ResourceLockStatistics.java:43)
	at org.gradle.internal.work.DefaultWorkerLeaseService.runAndReleaseLocks(DefaultWorkerLeaseService.java:298)
	at org.gradle.internal.work.DefaultWorkerLeaseService.withLocksAcquired(DefaultWorkerLeaseService.java:294)
	at org.gradle.internal.work.DefaultWorkerLeaseService.withLocks(DefaultWorkerLeaseService.java:286)
	at org.gradle.internal.work.DefaultWorkerLeaseService.runAsWorkerThread(DefaultWorkerLeaseService.java:130)
	at org.gradle.composite.internal.DefaultBuildController.doRun(DefaultBuildController.java:182)
	at org.gradle.composite.internal.DefaultBuildController$BuildOpRunnable.lambda$run$0(DefaultBuildController.java:199)
	at org.gradle.internal.operations.CurrentBuildOperationRef.with(CurrentBuildOperationRef.java:84)
	at org.gradle.composite.internal.DefaultBuildController$BuildOpRunnable.run(DefaultBuildController.java:199)
	at java.base/java.util.concurrent.Executors$RunnableAdapter.call(Executors.java:572)
	at java.base/java.util.concurrent.FutureTask.run(FutureTask.java:317)
	at org.gradle.internal.concurrent.ExecutorPolicy$CatchAndRecordFailures.onExecute(ExecutorPolicy.java:64)
	at org.gradle.internal.concurrent.AbstractManagedExecutor$1.run(AbstractManagedExecutor.java:47)
	at java.base/java.util.concurrent.ThreadPoolExecutor.runWorker(ThreadPoolExecutor.java:1144)
	at java.base/java.util.concurrent.ThreadPoolExecutor$Worker.run(ThreadPoolExecutor.java:642)
	at java.base/java.lang.Thread.run(Thread.java:1583)

WARNING: D8: An error occurred when parsing kotlin metadata. This normally happens when using a newer version of kotlin than the kotlin version released when this version of R8 was created. To find compatible kotlin versions, please see: https://developer.android.com/studio/build/kotlin-d8-r8-versions
WARNING: D8: Unexpected error during rewriting of Kotlin metadata for class 'com.reelshort.plugin.ReelShortProviderKt':
com.android.tools.r8.internal.Os0: Should never be called
	at com.android.tools.r8.kotlin.a0.a(R8_8.7.18_f8bee6d6fb926b7ebb3b15bf98f726f9d57471456ea20fce6d17d9a020197688:2)
	at com.android.tools.r8.kotlin.Z.a(R8_8.7.18_f8bee6d6fb926b7ebb3b15bf98f726f9d57471456ea20fce6d17d9a020197688:185)
	at com.android.tools.r8.kotlin.Z.a(R8_8.7.18_f8bee6d6fb926b7ebb3b15bf98f726f9d57471456ea20fce6d17d9a020197688:184)
	at com.android.tools.r8.internal.ep0.a(R8_8.7.18_f8bee6d6fb926b7ebb3b15bf98f726f9d57471456ea20fce6d17d9a020197688:23)
	at com.android.tools.r8.internal.ep0.a(R8_8.7.18_f8bee6d6fb926b7ebb3b15bf98f726f9d57471456ea20fce6d17d9a020197688:34)
	at com.android.tools.r8.internal.ep0.a(R8_8.7.18_f8bee6d6fb926b7ebb3b15bf98f726f9d57471456ea20fce6d17d9a020197688:17)
	at com.google.common.util.concurrent.TrustedListenableFutureTask$TrustedFutureInterruptibleTask.runInterruptibly(TrustedListenableFutureTask.java:131)
	at com.google.common.util.concurrent.InterruptibleTask.run(InterruptibleTask.java:75)
	at com.google.common.util.concurrent.TrustedListenableFutureTask.run(TrustedListenableFutureTask.java:82)
	at com.google.common.util.concurrent.MoreExecutors$DirectExecutorService.execute(MoreExecutors.java:327)
	at java.base/java.util.concurrent.AbstractExecutorService.submit(AbstractExecutorService.java:145)
	at com.google.common.util.concurrent.AbstractListeningExecutorService.submit(AbstractListeningExecutorService.java:79)
	at com.google.common.util.concurrent.AbstractListeningExecutorService.submit(AbstractListeningExecutorService.java:37)
	at com.android.tools.r8.internal.fp0.submit(R8_8.7.18_f8bee6d6fb926b7ebb3b15bf98f726f9d57471456ea20fce6d17d9a020197688:1)
	at com.android.tools.r8.internal.Ro0.a(R8_8.7.18_f8bee6d6fb926b7ebb3b15bf98f726f9d57471456ea20fce6d17d9a020197688:1)
	at com.android.tools.r8.internal.ep0.a(R8_8.7.18_f8bee6d6fb926b7ebb3b15bf98f726f9d57471456ea20fce6d17d9a020197688:19)
	at com.android.tools.r8.internal.Yw.a(R8_8.7.18_f8bee6d6fb926b7ebb3b15bf98f726f9d57471456ea20fce6d17d9a020197688:3)
	at java.base/java.util.ArrayList.forEach(ArrayList.java:1596)
	at com.android.tools.r8.internal.Yw.a(R8_8.7.18_f8bee6d6fb926b7ebb3b15bf98f726f9d57471456ea20fce6d17d9a020197688:2)
	at com.android.tools.r8.internal.ep0.a(R8_8.7.18_f8bee6d6fb926b7ebb3b15bf98f726f9d57471456ea20fce6d17d9a020197688:10)
	at com.android.tools.r8.internal.ep0.a(R8_8.7.18_f8bee6d6fb926b7ebb3b15bf98f726f9d57471456ea20fce6d17d9a020197688:33)
	at com.android.tools.r8.internal.ep0.a(R8_8.7.18_f8bee6d6fb926b7ebb3b15bf98f726f9d57471456ea20fce6d17d9a020197688:25)
	at com.android.tools.r8.internal.ep0.a(R8_8.7.18_f8bee6d6fb926b7ebb3b15bf98f726f9d57471456ea20fce6d17d9a020197688:22)
	at com.android.tools.r8.K.a(R8_8.7.18_f8bee6d6fb926b7ebb3b15bf98f726f9d57471456ea20fce6d17d9a020197688:3)
	at com.android.tools.r8.kotlin.Z.a(R8_8.7.18_f8bee6d6fb926b7ebb3b15bf98f726f9d57471456ea20fce6d17d9a020197688:9)
	at com.android.tools.r8.D8.b(R8_8.7.18_f8bee6d6fb926b7ebb3b15bf98f726f9d57471456ea20fce6d17d9a020197688:17)
	at com.android.tools.r8.internal.Gp0.a(R8_8.7.18_f8bee6d6fb926b7ebb3b15bf98f726f9d57471456ea20fce6d17d9a020197688:57)
	at com.android.tools.r8.D8.a(R8_8.7.18_f8bee6d6fb926b7ebb3b15bf98f726f9d57471456ea20fce6d17d9a020197688:88)
	at com.android.tools.r8.D8.d(R8_8.7.18_f8bee6d6fb926b7ebb3b15bf98f726f9d57471456ea20fce6d17d9a020197688:137)
	at com.android.tools.r8.D8.b(R8_8.7.18_f8bee6d6fb926b7ebb3b15bf98f726f9d57471456ea20fce6d17d9a020197688:1)
	at com.android.tools.r8.internal.yu.a(R8_8.7.18_f8bee6d6fb926b7ebb3b15bf98f726f9d57471456ea20fce6d17d9a020197688:28)
	at com.android.tools.r8.internal.yu.b(R8_8.7.18_f8bee6d6fb926b7ebb3b15bf98f726f9d57471456ea20fce6d17d9a020197688:2)
	at com.android.tools.r8.D8.run(R8_8.7.18_f8bee6d6fb926b7ebb3b15bf98f726f9d57471456ea20fce6d17d9a020197688:11)
	at com.android.builder.dexing.D8DexArchiveBuilder.convert(D8DexArchiveBuilder.java:127)
	at com.android.builder.dexing.DexArchiveBuilder.convert$default(DexArchiveBuilder.kt:44)
	at com.lagradost.cloudstream3.gradle.tasks.CompileDexTask.compileDex(CompileDexTask.kt:88)
	at java.base/jdk.internal.reflect.DirectMethodHandleAccessor.invoke(DirectMethodHandleAccessor.java:103)
	at java.base/java.lang.reflect.Method.invoke(Method.java:580)
	at org.gradle.internal.reflect.JavaMethod.invoke(JavaMethod.java:125)
	at org.gradle.api.internal.project.taskfactory.StandardTaskAction.doExecute(StandardTaskAction.java:58)
	at org.gradle.api.internal.project.taskfactory.StandardTaskAction.execute(StandardTaskAction.java:51)
	at org.gradle.api.internal.project.taskfactory.StandardTaskAction.execute(StandardTaskAction.java:29)
	at org.gradle.api.internal.tasks.execution.TaskExecution$3.run(TaskExecution.java:259)
	at org.gradle.internal.operations.DefaultBuildOperationRunner$1.execute(DefaultBuildOperationRunner.java:30)
	at org.gradle.internal.operations.DefaultBuildOperationRunner$1.execute(DefaultBuildOperationRunner.java:27)
	at org.gradle.internal.operations.DefaultBuildOperationRunner$2.execute(DefaultBuildOperationRunner.java:67)
	at org.gradle.internal.operations.DefaultBuildOperationRunner$2.execute(DefaultBuildOperationRunner.java:60)
	at org.gradle.internal.operations.DefaultBuildOperationRunner.execute(DefaultBuildOperationRunner.java:167)
	at org.gradle.internal.operations.DefaultBuildOperationRunner.execute(DefaultBuildOperationRunner.java:60)
	at org.gradle.internal.operations.DefaultBuildOperationRunner.run(DefaultBuildOperationRunner.java:48)
	at org.gradle.api.internal.tasks.execution.TaskExecution.executeAction(TaskExecution.java:244)
	at org.gradle.api.internal.tasks.execution.TaskExecution.executeActions(TaskExecution.java:227)
	at org.gradle.api.internal.tasks.execution.TaskExecution.executeWithPreviousOutputFiles(TaskExecution.java:210)
	at org.gradle.api.internal.tasks.execution.TaskExecution.execute(TaskExecution.java:176)
	at org.gradle.internal.execution.steps.ExecuteStep.executeInternal(ExecuteStep.java:167)
	at org.gradle.internal.execution.steps.ExecuteStep.access$000(ExecuteStep.java:47)
	at org.gradle.internal.execution.steps.ExecuteStep$1.call(ExecuteStep.java:137)
	at org.gradle.internal.execution.steps.ExecuteStep$1.call(ExecuteStep.java:134)
	at org.gradle.internal.operations.DefaultBuildOperationRunner$CallableBuildOperationWorker.execute(DefaultBuildOperationRunner.java:210)
	at org.gradle.internal.operations.DefaultBuildOperationRunner$CallableBuildOperationWorker.execute(DefaultBuildOperationRunner.java:205)
	at org.gradle.internal.operations.DefaultBuildOperationRunner$2.execute(DefaultBuildOperationRunner.java:67)
	at org.gradle.internal.operations.DefaultBuildOperationRunner$2.execute(DefaultBuildOperationRunner.java:60)
	at org.gradle.internal.operations.DefaultBuildOperationRunner.execute(DefaultBuildOperationRunner.java:167)
	at org.gradle.internal.operations.DefaultBuildOperationRunner.execute(DefaultBuildOperationRunner.java:60)
	at org.gradle.internal.operations.DefaultBuildOperationRunner.call(DefaultBuildOperationRunner.java:54)
	at org.gradle.internal.execution.steps.ExecuteStep.execute(ExecuteStep.java:134)
	at org.gradle.internal.execution.steps.ExecuteStep$Mutable.execute(ExecuteStep.java:80)
	at org.gradle.internal.execution.steps.CancelExecutionStep.execute(CancelExecutionStep.java:42)
	at org.gradle.internal.execution.steps.TimeoutStep.executeWithoutTimeout(TimeoutStep.java:75)
	at org.gradle.internal.execution.steps.TimeoutStep.execute(TimeoutStep.java:55)
	at org.gradle.internal.execution.steps.PreCreateOutputParentsStep.execute(PreCreateOutputParentsStep.java:51)
	at org.gradle.internal.execution.steps.PreCreateOutputParentsStep.execute(PreCreateOutputParentsStep.java:29)
	at org.gradle.internal.execution.steps.RemovePreviousOutputsStep.executeMutable(RemovePreviousOutputsStep.java:67)
	at org.gradle.internal.execution.steps.RemovePreviousOutputsStep.executeMutable(RemovePreviousOutputsStep.java:39)
	at org.gradle.internal.execution.steps.MutableStep.execute(MutableStep.java:26)
	at org.gradle.internal.execution.steps.BroadcastChangingOutputsStep.execute(BroadcastChangingOutputsStep.java:42)
	at org.gradle.internal.execution.steps.BroadcastChangingOutputsStep.execute(BroadcastChangingOutputsStep.java:24)
	at org.gradle.internal.execution.steps.CaptureOutputsAfterExecutionStep.execute(CaptureOutputsAfterExecutionStep.java:69)
	at org.gradle.internal.execution.steps.CaptureOutputsAfterExecutionStep.execute(CaptureOutputsAfterExecutionStep.java:46)
	at org.gradle.internal.execution.steps.ResolveInputChangesStep.executeMutable(ResolveInputChangesStep.java:39)
	at org.gradle.internal.execution.steps.ResolveInputChangesStep.executeMutable(ResolveInputChangesStep.java:28)
	at org.gradle.internal.execution.steps.MutableStep.execute(MutableStep.java:26)
	at org.gradle.internal.execution.steps.BuildCacheStep.executeWithoutCache(BuildCacheStep.java:189)
	at org.gradle.internal.execution.steps.BuildCacheStep.lambda$execute$1(BuildCacheStep.java:76)
	at org.gradle.internal.Either$Right.fold(Either.java:176)
	at org.gradle.internal.execution.caching.CachingState.fold(CachingState.java:62)
	at org.gradle.internal.execution.steps.BuildCacheStep.execute(BuildCacheStep.java:74)
	at org.gradle.internal.execution.steps.BuildCacheStep.execute(BuildCacheStep.java:49)
	at org.gradle.internal.execution.steps.StoreExecutionStateStep.executeMutable(StoreExecutionStateStep.java:46)
	at org.gradle.internal.execution.steps.StoreExecutionStateStep.executeMutable(StoreExecutionStateStep.java:35)
	at org.gradle.internal.execution.steps.MutableStep.execute(MutableStep.java:26)
	at org.gradle.internal.execution.steps.SkipUpToDateStep.executeBecause(SkipUpToDateStep.java:75)
	at org.gradle.internal.execution.steps.SkipUpToDateStep.lambda$execute$2(SkipUpToDateStep.java:53)
	at java.base/java.util.Optional.orElseGet(Optional.java:364)
	at org.gradle.internal.execution.steps.SkipUpToDateStep.execute(SkipUpToDateStep.java:53)
	at org.gradle.internal.execution.steps.SkipUpToDateStep.execute(SkipUpToDateStep.java:35)
	at org.gradle.internal.execution.steps.legacy.MarkSnapshottingInputsFinishedStep.execute(MarkSnapshottingInputsFinishedStep.java:37)
	at org.gradle.internal.execution.steps.legacy.MarkSnapshottingInputsFinishedStep.execute(MarkSnapshottingInputsFinishedStep.java:27)
	at org.gradle.internal.execution.steps.ResolveMutableCachingStateStep.executeDelegate(ResolveMutableCachingStateStep.java:70)
	at org.gradle.internal.execution.steps.ResolveMutableCachingStateStep.executeDelegate(ResolveMutableCachingStateStep.java:32)
	at org.gradle.internal.execution.steps.AbstractResolveCachingStateStep.execute(AbstractResolveCachingStateStep.java:69)
	at org.gradle.internal.execution.steps.AbstractResolveCachingStateStep.execute(AbstractResolveCachingStateStep.java:37)
	at org.gradle.internal.execution.steps.ResolveChangesStep.executeMutable(ResolveChangesStep.java:63)
	at org.gradle.internal.execution.steps.ResolveChangesStep.executeMutable(ResolveChangesStep.java:34)
	at org.gradle.internal.execution.steps.MutableStep.execute(MutableStep.java:26)
	at org.gradle.internal.execution.steps.ValidateStep$Mutable.executeDelegate(ValidateStep.java:79)
	at org.gradle.internal.execution.steps.ValidateStep$Mutable.executeDelegate(ValidateStep.java:65)
	at org.gradle.internal.execution.steps.ValidateStep.execute(ValidateStep.java:105)
	at org.gradle.internal.execution.steps.ValidateStep$Mutable.execute(ValidateStep.java:65)
	at org.gradle.internal.execution.steps.CaptureMutableStateBeforeExecutionStep.executeMutable(CaptureMutableStateBeforeExecutionStep.java:86)
	at org.gradle.internal.execution.steps.CaptureMutableStateBeforeExecutionStep.execute(CaptureMutableStateBeforeExecutionStep.java:65)
	at org.gradle.internal.execution.steps.CaptureMutableStateBeforeExecutionStep.execute(CaptureMutableStateBeforeExecutionStep.java:45)
	at org.gradle.internal.execution.steps.SkipEmptyMutableWorkStep.executeWithNonEmptySources(SkipEmptyMutableWorkStep.java:210)
	at org.gradle.internal.execution.steps.SkipEmptyMutableWorkStep.executeMutable(SkipEmptyMutableWorkStep.java:90)
	at org.gradle.internal.execution.steps.SkipEmptyMutableWorkStep.executeMutable(SkipEmptyMutableWorkStep.java:53)
	at org.gradle.internal.execution.steps.MutableStep.execute(MutableStep.java:26)
	at org.gradle.internal.execution.steps.legacy.MarkSnapshottingInputsStartedStep.execute(MarkSnapshottingInputsStartedStep.java:38)
	at org.gradle.internal.execution.steps.LoadPreviousExecutionStateStep.executeMutable(LoadPreviousExecutionStateStep.java:36)
	at org.gradle.internal.execution.steps.LoadPreviousExecutionStateStep.executeMutable(LoadPreviousExecutionStateStep.java:23)
	at org.gradle.internal.execution.steps.MutableStep.execute(MutableStep.java:26)
	at org.gradle.internal.execution.steps.HandleStaleOutputsStep.executeMutable(HandleStaleOutputsStep.java:77)
	at org.gradle.internal.execution.steps.HandleStaleOutputsStep.executeMutable(HandleStaleOutputsStep.java:43)
	at org.gradle.internal.execution.steps.MutableStep.execute(MutableStep.java:26)
	at org.gradle.internal.execution.steps.AssignMutableWorkspaceStep.lambda$executeMutable$0(AssignMutableWorkspaceStep.java:34)
	at org.gradle.api.internal.tasks.execution.TaskExecution$4.withWorkspace(TaskExecution.java:305)
	at org.gradle.internal.execution.steps.AssignMutableWorkspaceStep.executeMutable(AssignMutableWorkspaceStep.java:30)
	at org.gradle.internal.execution.steps.AssignMutableWorkspaceStep.executeMutable(AssignMutableWorkspaceStep.java:21)
	at org.gradle.internal.execution.steps.MutableStep.execute(MutableStep.java:26)
	at org.gradle.internal.execution.steps.ChoosePipelineStep.execute(ChoosePipelineStep.java:40)
	at org.gradle.internal.execution.steps.ChoosePipelineStep.execute(ChoosePipelineStep.java:23)
	at org.gradle.internal.execution.steps.ExecuteWorkBuildOperationFiringStep.lambda$execute$2(ExecuteWorkBuildOperationFiringStep.java:67)
	at java.base/java.util.Optional.orElseGet(Optional.java:364)
	at org.gradle.internal.execution.steps.ExecuteWorkBuildOperationFiringStep.execute(ExecuteWorkBuildOperationFiringStep.java:67)
	at org.gradle.internal.execution.steps.ExecuteWorkBuildOperationFiringStep.execute(ExecuteWorkBuildOperationFiringStep.java:39)
	at org.gradle.internal.execution.steps.IdentityCacheStep.execute(IdentityCacheStep.java:46)
	at org.gradle.internal.execution.steps.IdentityCacheStep.execute(IdentityCacheStep.java:34)
	at org.gradle.internal.execution.steps.IdentifyStep.execute(IdentifyStep.java:56)
	at org.gradle.internal.execution.steps.IdentifyStep.execute(IdentifyStep.java:38)
	at org.gradle.internal.execution.impl.DefaultExecutionEngine$1.execute(DefaultExecutionEngine.java:68)
	at org.gradle.api.internal.tasks.execution.ExecuteActionsTaskExecuter.executeIfValid(ExecuteActionsTaskExecuter.java:132)
	at org.gradle.api.internal.tasks.execution.ExecuteActionsTaskExecuter.execute(ExecuteActionsTaskExecuter.java:121)
	at org.gradle.api.internal.tasks.execution.ProblemsTaskPathTrackingTaskExecuter.execute(ProblemsTaskPathTrackingTaskExecuter.java:41)
	at org.gradle.api.internal.tasks.execution.ResolveTaskExecutionModeExecuter.execute(ResolveTaskExecutionModeExecuter.java:51)
	at org.gradle.api.internal.tasks.execution.FinalizePropertiesTaskExecuter.execute(FinalizePropertiesTaskExecuter.java:46)
	at org.gradle.api.internal.tasks.execution.SkipTaskWithNoActionsExecuter.execute(SkipTaskWithNoActionsExecuter.java:57)
	at org.gradle.api.internal.tasks.execution.SkipOnlyIfTaskExecuter.execute(SkipOnlyIfTaskExecuter.java:74)
	at org.gradle.api.internal.tasks.execution.CatchExceptionTaskExecuter.execute(CatchExceptionTaskExecuter.java:36)
	at org.gradle.api.internal.tasks.execution.EventFiringTaskExecuter$1.executeTask(EventFiringTaskExecuter.java:77)
	at org.gradle.api.internal.tasks.execution.EventFiringTaskExecuter$1.call(EventFiringTaskExecuter.java:55)
	at org.gradle.api.internal.tasks.execution.EventFiringTaskExecuter$1.call(EventFiringTaskExecuter.java:52)
	at org.gradle.internal.operations.DefaultBuildOperationRunner$CallableBuildOperationWorker.execute(DefaultBuildOperationRunner.java:210)
	at org.gradle.internal.operations.DefaultBuildOperationRunner$CallableBuildOperationWorker.execute(DefaultBuildOperationRunner.java:205)
	at org.gradle.internal.operations.DefaultBuildOperationRunner$2.execute(DefaultBuildOperationRunner.java:67)
	at org.gradle.internal.operations.DefaultBuildOperationRunner$2.execute(DefaultBuildOperationRunner.java:60)
	at org.gradle.internal.operations.DefaultBuildOperationRunner.execute(DefaultBuildOperationRunner.java:167)
	at org.gradle.internal.operations.DefaultBuildOperationRunner.execute(DefaultBuildOperationRunner.java:60)
	at org.gradle.internal.operations.DefaultBuildOperationRunner.call(DefaultBuildOperationRunner.java:54)
	at org.gradle.api.internal.tasks.execution.EventFiringTaskExecuter.execute(EventFiringTaskExecuter.java:52)
	at org.gradle.execution.plan.DefaultNodeExecutor.executeLocalTaskNode(DefaultNodeExecutor.java:55)
	at org.gradle.execution.plan.DefaultNodeExecutor.execute(DefaultNodeExecutor.java:34)
	at org.gradle.execution.taskgraph.DefaultTaskExecutionGraph$InvokeNodeExecutorsAction.execute(DefaultTaskExecutionGraph.java:355)
	at org.gradle.execution.taskgraph.DefaultTaskExecutionGraph$InvokeNodeExecutorsAction.execute(DefaultTaskExecutionGraph.java:343)
	at org.gradle.execution.taskgraph.DefaultTaskExecutionGraph$BuildOperationAwareExecutionAction.lambda$execute$0(DefaultTaskExecutionGraph.java:339)
	at org.gradle.internal.operations.CurrentBuildOperationRef.with(CurrentBuildOperationRef.java:84)
	at org.gradle.execution.taskgraph.DefaultTaskExecutionGraph$BuildOperationAwareExecutionAction.execute(DefaultTaskExecutionGraph.java:339)
	at org.gradle.execution.taskgraph.DefaultTaskExecutionGraph$BuildOperationAwareExecutionAction.execute(DefaultTaskExecutionGraph.java:328)
	at org.gradle.execution.plan.DefaultPlanExecutor$ExecutorWorker.execute(DefaultPlanExecutor.java:459)
	at org.gradle.execution.plan.DefaultPlanExecutor$ExecutorWorker.run(DefaultPlanExecutor.java:376)
	at org.gradle.execution.plan.DefaultPlanExecutor.process(DefaultPlanExecutor.java:111)
	at org.gradle.execution.taskgraph.DefaultTaskExecutionGraph.executeWithServices(DefaultTaskExecutionGraph.java:146)
	at org.gradle.execution.taskgraph.DefaultTaskExecutionGraph.execute(DefaultTaskExecutionGraph.java:131)
	at org.gradle.execution.SelectedTaskExecutionAction.execute(SelectedTaskExecutionAction.java:35)
	at org.gradle.execution.BuildOperationFiringBuildWorkerExecutor$ExecuteTasks.call(BuildOperationFiringBuildWorkerExecutor.java:54)
	at org.gradle.execution.BuildOperationFiringBuildWorkerExecutor$ExecuteTasks.call(BuildOperationFiringBuildWorkerExecutor.java:43)
	at org.gradle.internal.operations.DefaultBuildOperationRunner$CallableBuildOperationWorker.execute(DefaultBuildOperationRunner.java:210)
	at org.gradle.internal.operations.DefaultBuildOperationRunner$CallableBuildOperationWorker.execute(DefaultBuildOperationRunner.java:205)
	at org.gradle.internal.operations.DefaultBuildOperationRunner$2.execute(DefaultBuildOperationRunner.java:67)
	at org.gradle.internal.operations.DefaultBuildOperationRunner$2.execute(DefaultBuildOperationRunner.java:60)
	at org.gradle.internal.operations.DefaultBuildOperationRunner.execute(DefaultBuildOperationRunner.java:167)
	at org.gradle.internal.operations.DefaultBuildOperationRunner.execute(DefaultBuildOperationRunner.java:60)
	at org.gradle.internal.operations.DefaultBuildOperationRunner.call(DefaultBuildOperationRunner.java:54)
	at org.gradle.execution.BuildOperationFiringBuildWorkerExecutor.execute(BuildOperationFiringBuildWorkerExecutor.java:40)
	at org.gradle.internal.build.DefaultBuildLifecycleController.lambda$executeTasks$11(DefaultBuildLifecycleController.java:323)
	at org.gradle.internal.model.StateTransitionController.doTransition(StateTransitionController.java:304)
	at org.gradle.internal.model.StateTransitionController.lambda$tryTransition$9(StateTransitionController.java:215)
	at org.gradle.internal.work.DefaultSynchronizer.withLock(DefaultSynchronizer.java:45)
	at org.gradle.internal.model.StateTransitionController.tryTransition(StateTransitionController.java:215)
	at org.gradle.internal.build.DefaultBuildLifecycleController.executeTasks(DefaultBuildLifecycleController.java:314)
	at org.gradle.internal.build.DefaultBuildWorkGraphController$DefaultBuildWorkGraph.runWork(DefaultBuildWorkGraphController.java:220)
	at org.gradle.internal.work.DefaultWorkerLeaseService.lambda$runAndReleaseLocks$0(DefaultWorkerLeaseService.java:300)
	at org.gradle.internal.work.ResourceLockStatistics$1.measure(ResourceLockStatistics.java:43)
	at org.gradle.internal.work.DefaultWorkerLeaseService.runAndReleaseLocks(DefaultWorkerLeaseService.java:298)
	at org.gradle.internal.work.DefaultWorkerLeaseService.withLocksAcquired(DefaultWorkerLeaseService.java:294)
	at org.gradle.internal.work.DefaultWorkerLeaseService.withLocks(DefaultWorkerLeaseService.java:286)
	at org.gradle.internal.work.DefaultWorkerLeaseService.runAsWorkerThread(DefaultWorkerLeaseService.java:130)
	at org.gradle.composite.internal.DefaultBuildController.doRun(DefaultBuildController.java:182)
	at org.gradle.composite.internal.DefaultBuildController$BuildOpRunnable.lambda$run$0(DefaultBuildController.java:199)
	at org.gradle.internal.operations.CurrentBuildOperationRef.with(CurrentBuildOperationRef.java:84)
	at org.gradle.composite.internal.DefaultBuildController$BuildOpRunnable.run(DefaultBuildController.java:199)
	at java.base/java.util.concurrent.Executors$RunnableAdapter.call(Executors.java:572)
	at java.base/java.util.concurrent.FutureTask.run(FutureTask.java:317)
	at org.gradle.internal.concurrent.ExecutorPolicy$CatchAndRecordFailures.onExecute(ExecutorPolicy.java:64)
	at org.gradle.internal.concurrent.AbstractManagedExecutor$1.run(AbstractManagedExecutor.java:47)
	at java.base/java.util.concurrent.ThreadPoolExecutor.runWorker(ThreadPoolExecutor.java:1144)
	at java.base/java.util.concurrent.ThreadPoolExecutor$Worker.run(ThreadPoolExecutor.java:642)
	at java.base/java.lang.Thread.run(Thread.java:1583)

WARNING: D8: An error occurred when parsing kotlin metadata. This normally happens when using a newer version of kotlin than the kotlin version released when this version of R8 was created. To find compatible kotlin versions, please see: https://developer.android.com/studio/build/kotlin-d8-r8-versions
WARNING: D8: Unexpected error during rewriting of Kotlin metadata for class 'com.reelshort.plugin.ReelShortProvider':
com.android.tools.r8.internal.Os0: Should never be called
	at com.android.tools.r8.kotlin.a0.a(R8_8.7.18_f8bee6d6fb926b7ebb3b15bf98f726f9d57471456ea20fce6d17d9a020197688:2)
	at com.android.tools.r8.kotlin.Z.a(R8_8.7.18_f8bee6d6fb926b7ebb3b15bf98f726f9d57471456ea20fce6d17d9a020197688:185)
	at com.android.tools.r8.kotlin.Z.a(R8_8.7.18_f8bee6d6fb926b7ebb3b15bf98f726f9d57471456ea20fce6d17d9a020197688:184)
	at com.android.tools.r8.internal.ep0.a(R8_8.7.18_f8bee6d6fb926b7ebb3b15bf98f726f9d57471456ea20fce6d17d9a020197688:23)
	at com.android.tools.r8.internal.ep0.a(R8_8.7.18_f8bee6d6fb926b7ebb3b15bf98f726f9d57471456ea20fce6d17d9a020197688:34)
	at com.android.tools.r8.internal.ep0.a(R8_8.7.18_f8bee6d6fb926b7ebb3b15bf98f726f9d57471456ea20fce6d17d9a020197688:17)
	at com.google.common.util.concurrent.TrustedListenableFutureTask$TrustedFutureInterruptibleTask.runInterruptibly(TrustedListenableFutureTask.java:131)
	at com.google.common.util.concurrent.InterruptibleTask.run(InterruptibleTask.java:75)
	at com.google.common.util.concurrent.TrustedListenableFutureTask.run(TrustedListenableFutureTask.java:82)
	at com.google.common.util.concurrent.MoreExecutors$DirectExecutorService.execute(MoreExecutors.java:327)
	at java.base/java.util.concurrent.AbstractExecutorService.submit(AbstractExecutorService.java:145)
	at com.google.common.util.concurrent.AbstractListeningExecutorService.submit(AbstractListeningExecutorService.java:79)
	at com.google.common.util.concurrent.AbstractListeningExecutorService.submit(AbstractListeningExecutorService.java:37)
	at com.android.tools.r8.internal.fp0.submit(R8_8.7.18_f8bee6d6fb926b7ebb3b15bf98f726f9d57471456ea20fce6d17d9a020197688:1)
	at com.android.tools.r8.internal.Ro0.a(R8_8.7.18_f8bee6d6fb926b7ebb3b15bf98f726f9d57471456ea20fce6d17d9a020197688:1)
	at com.android.tools.r8.internal.ep0.a(R8_8.7.18_f8bee6d6fb926b7ebb3b15bf98f726f9d57471456ea20fce6d17d9a020197688:19)
	at com.android.tools.r8.internal.Yw.a(R8_8.7.18_f8bee6d6fb926b7ebb3b15bf98f726f9d57471456ea20fce6d17d9a020197688:3)
	at java.base/java.util.ArrayList.forEach(ArrayList.java:1596)
	at com.android.tools.r8.internal.Yw.a(R8_8.7.18_f8bee6d6fb926b7ebb3b15bf98f726f9d57471456ea20fce6d17d9a020197688:2)
	at com.android.tools.r8.internal.ep0.a(R8_8.7.18_f8bee6d6fb926b7ebb3b15bf98f726f9d57471456ea20fce6d17d9a020197688:10)
	at com.android.tools.r8.internal.ep0.a(R8_8.7.18_f8bee6d6fb926b7ebb3b15bf98f726f9d57471456ea20fce6d17d9a020197688:33)
	at com.android.tools.r8.internal.ep0.a(R8_8.7.18_f8bee6d6fb926b7ebb3b15bf98f726f9d57471456ea20fce6d17d9a020197688:25)
	at com.android.tools.r8.internal.ep0.a(R8_8.7.18_f8bee6d6fb926b7ebb3b15bf98f726f9d57471456ea20fce6d17d9a020197688:22)
	at com.android.tools.r8.K.a(R8_8.7.18_f8bee6d6fb926b7ebb3b15bf98f726f9d57471456ea20fce6d17d9a020197688:3)
	at com.android.tools.r8.kotlin.Z.a(R8_8.7.18_f8bee6d6fb926b7ebb3b15bf98f726f9d57471456ea20fce6d17d9a020197688:9)
	at com.android.tools.r8.D8.b(R8_8.7.18_f8bee6d6fb926b7ebb3b15bf98f726f9d57471456ea20fce6d17d9a020197688:17)
	at com.android.tools.r8.internal.Gp0.a(R8_8.7.18_f8bee6d6fb926b7ebb3b15bf98f726f9d57471456ea20fce6d17d9a020197688:57)
	at com.android.tools.r8.D8.a(R8_8.7.18_f8bee6d6fb926b7ebb3b15bf98f726f9d57471456ea20fce6d17d9a020197688:88)
	at com.android.tools.r8.D8.d(R8_8.7.18_f8bee6d6fb926b7ebb3b15bf98f726f9d57471456ea20fce6d17d9a020197688:137)
	at com.android.tools.r8.D8.b(R8_8.7.18_f8bee6d6fb926b7ebb3b15bf98f726f9d57471456ea20fce6d17d9a020197688:1)
	at com.android.tools.r8.internal.yu.a(R8_8.7.18_f8bee6d6fb926b7ebb3b15bf98f726f9d57471456ea20fce6d17d9a020197688:28)
	at com.android.tools.r8.internal.yu.b(R8_8.7.18_f8bee6d6fb926b7ebb3b15bf98f726f9d57471456ea20fce6d17d9a020197688:2)
	at com.android.tools.r8.D8.run(R8_8.7.18_f8bee6d6fb926b7ebb3b15bf98f726f9d57471456ea20fce6d17d9a020197688:11)
	at com.android.builder.dexing.D8DexArchiveBuilder.convert(D8DexArchiveBuilder.java:127)
	at com.android.builder.dexing.DexArchiveBuilder.convert$default(DexArchiveBuilder.kt:44)
	at com.lagradost.cloudstream3.gradle.tasks.CompileDexTask.compileDex(CompileDexTask.kt:88)
	at java.base/jdk.internal.reflect.DirectMethodHandleAccessor.invoke(DirectMethodHandleAccessor.java:103)
	at java.base/java.lang.reflect.Method.invoke(Method.java:580)
	at org.gradle.internal.reflect.JavaMethod.invoke(JavaMethod.java:125)
	at org.gradle.api.internal.project.taskfactory.StandardTaskAction.doExecute(StandardTaskAction.java:58)
	at org.gradle.api.internal.project.taskfactory.StandardTaskAction.execute(StandardTaskAction.java:51)
	at org.gradle.api.internal.project.taskfactory.StandardTaskAction.execute(StandardTaskAction.java:29)
	at org.gradle.api.internal.tasks.execution.TaskExecution$3.run(TaskExecution.java:259)
	at org.gradle.internal.operations.DefaultBuildOperationRunner$1.execute(DefaultBuildOperationRunner.java:30)
	at org.gradle.internal.operations.DefaultBuildOperationRunner$1.execute(DefaultBuildOperationRunner.java:27)
	at org.gradle.internal.operations.DefaultBuildOperationRunner$2.execute(DefaultBuildOperationRunner.java:67)
	at org.gradle.internal.operations.DefaultBuildOperationRunner$2.execute(DefaultBuildOperationRunner.java:60)
	at org.gradle.internal.operations.DefaultBuildOperationRunner.execute(DefaultBuildOperationRunner.java:167)
	at org.gradle.internal.operations.DefaultBuildOperationRunner.execute(DefaultBuildOperationRunner.java:60)
	at org.gradle.internal.operations.DefaultBuildOperationRunner.run(DefaultBuildOperationRunner.java:48)
	at org.gradle.api.internal.tasks.execution.TaskExecution.executeAction(TaskExecution.java:244)
	at org.gradle.api.internal.tasks.execution.TaskExecution.executeActions(TaskExecution.java:227)
	at org.gradle.api.internal.tasks.execution.TaskExecution.executeWithPreviousOutputFiles(TaskExecution.java:210)
	at org.gradle.api.internal.tasks.execution.TaskExecution.execute(TaskExecution.java:176)
	at org.gradle.internal.execution.steps.ExecuteStep.executeInternal(ExecuteStep.java:167)
	at org.gradle.internal.execution.steps.ExecuteStep.access$000(ExecuteStep.java:47)
	at org.gradle.internal.execution.steps.ExecuteStep$1.call(ExecuteStep.java:137)
	at org.gradle.internal.execution.steps.ExecuteStep$1.call(ExecuteStep.java:134)
	at org.gradle.internal.operations.DefaultBuildOperationRunner$CallableBuildOperationWorker.execute(DefaultBuildOperationRunner.java:210)
	at org.gradle.internal.operations.DefaultBuildOperationRunner$CallableBuildOperationWorker.execute(DefaultBuildOperationRunner.java:205)
	at org.gradle.internal.operations.DefaultBuildOperationRunner$2.execute(DefaultBuildOperationRunner.java:67)
	at org.gradle.internal.operations.DefaultBuildOperationRunner$2.execute(DefaultBuildOperationRunner.java:60)
	at org.gradle.internal.operations.DefaultBuildOperationRunner.execute(DefaultBuildOperationRunner.java:167)
	at org.gradle.internal.operations.DefaultBuildOperationRunner.execute(DefaultBuildOperationRunner.java:60)
	at org.gradle.internal.operations.DefaultBuildOperationRunner.call(DefaultBuildOperationRunner.java:54)
	at org.gradle.internal.execution.steps.ExecuteStep.execute(ExecuteStep.java:134)
	at org.gradle.internal.execution.steps.ExecuteStep$Mutable.execute(ExecuteStep.java:80)
	at org.gradle.internal.execution.steps.CancelExecutionStep.execute(CancelExecutionStep.java:42)
	at org.gradle.internal.execution.steps.TimeoutStep.executeWithoutTimeout(TimeoutStep.java:75)
	at org.gradle.internal.execution.steps.TimeoutStep.execute(TimeoutStep.java:55)
	at org.gradle.internal.execution.steps.PreCreateOutputParentsStep.execute(PreCreateOutputParentsStep.java:51)
	at org.gradle.internal.execution.steps.PreCreateOutputParentsStep.execute(PreCreateOutputParentsStep.java:29)
	at org.gradle.internal.execution.steps.RemovePreviousOutputsStep.executeMutable(RemovePreviousOutputsStep.java:67)
	at org.gradle.internal.execution.steps.RemovePreviousOutputsStep.executeMutable(RemovePreviousOutputsStep.java:39)
	at org.gradle.internal.execution.steps.MutableStep.execute(MutableStep.java:26)
	at org.gradle.internal.execution.steps.BroadcastChangingOutputsStep.execute(BroadcastChangingOutputsStep.java:42)
	at org.gradle.internal.execution.steps.BroadcastChangingOutputsStep.execute(BroadcastChangingOutputsStep.java:24)
	at org.gradle.internal.execution.steps.CaptureOutputsAfterExecutionStep.execute(CaptureOutputsAfterExecutionStep.java:69)
	at org.gradle.internal.execution.steps.CaptureOutputsAfterExecutionStep.execute(CaptureOutputsAfterExecutionStep.java:46)
	at org.gradle.internal.execution.steps.ResolveInputChangesStep.executeMutable(ResolveInputChangesStep.java:39)
	at org.gradle.internal.execution.steps.ResolveInputChangesStep.executeMutable(ResolveInputChangesStep.java:28)
	at org.gradle.internal.execution.steps.MutableStep.execute(MutableStep.java:26)
	at org.gradle.internal.execution.steps.BuildCacheStep.executeWithoutCache(BuildCacheStep.java:189)
	at org.gradle.internal.execution.steps.BuildCacheStep.lambda$execute$1(BuildCacheStep.java:76)
	at org.gradle.internal.Either$Right.fold(Either.java:176)
	at org.gradle.internal.execution.caching.CachingState.fold(CachingState.java:62)
	at org.gradle.internal.execution.steps.BuildCacheStep.execute(BuildCacheStep.java:74)
	at org.gradle.internal.execution.steps.BuildCacheStep.execute(BuildCacheStep.java:49)
	at org.gradle.internal.execution.steps.StoreExecutionStateStep.executeMutable(StoreExecutionStateStep.java:46)
	at org.gradle.internal.execution.steps.StoreExecutionStateStep.executeMutable(StoreExecutionStateStep.java:35)
	at org.gradle.internal.execution.steps.MutableStep.execute(MutableStep.java:26)
	at org.gradle.internal.execution.steps.SkipUpToDateStep.executeBecause(SkipUpToDateStep.java:75)
	at org.gradle.internal.execution.steps.SkipUpToDateStep.lambda$execute$2(SkipUpToDateStep.java:53)
	at java.base/java.util.Optional.orElseGet(Optional.java:364)
	at org.gradle.internal.execution.steps.SkipUpToDateStep.execute(SkipUpToDateStep.java:53)
	at org.gradle.internal.execution.steps.SkipUpToDateStep.execute(SkipUpToDateStep.java:35)
	at org.gradle.internal.execution.steps.legacy.MarkSnapshottingInputsFinishedStep.execute(MarkSnapshottingInputsFinishedStep.java:37)
	at org.gradle.internal.execution.steps.legacy.MarkSnapshottingInputsFinishedStep.execute(MarkSnapshottingInputsFinishedStep.java:27)
	at org.gradle.internal.execution.steps.ResolveMutableCachingStateStep.executeDelegate(ResolveMutableCachingStateStep.java:70)
	at org.gradle.internal.execution.steps.ResolveMutableCachingStateStep.executeDelegate(ResolveMutableCachingStateStep.java:32)
	at org.gradle.internal.execution.steps.AbstractResolveCachingStateStep.execute(AbstractResolveCachingStateStep.java:69)
	at org.gradle.internal.execution.steps.AbstractResolveCachingStateStep.execute(AbstractResolveCachingStateStep.java:37)
	at org.gradle.internal.execution.steps.ResolveChangesStep.executeMutable(ResolveChangesStep.java:63)
	at org.gradle.internal.execution.steps.ResolveChangesStep.executeMutable(ResolveChangesStep.java:34)
	at org.gradle.internal.execution.steps.MutableStep.execute(MutableStep.java:26)
	at org.gradle.internal.execution.steps.ValidateStep$Mutable.executeDelegate(ValidateStep.java:79)
	at org.gradle.internal.execution.steps.ValidateStep$Mutable.executeDelegate(ValidateStep.java:65)
	at org.gradle.internal.execution.steps.ValidateStep.execute(ValidateStep.java:105)
	at org.gradle.internal.execution.steps.ValidateStep$Mutable.execute(ValidateStep.java:65)
	at org.gradle.internal.execution.steps.CaptureMutableStateBeforeExecutionStep.executeMutable(CaptureMutableStateBeforeExecutionStep.java:86)
	at org.gradle.internal.execution.steps.CaptureMutableStateBeforeExecutionStep.execute(CaptureMutableStateBeforeExecutionStep.java:65)
	at org.gradle.internal.execution.steps.CaptureMutableStateBeforeExecutionStep.execute(CaptureMutableStateBeforeExecutionStep.java:45)
	at org.gradle.internal.execution.steps.SkipEmptyMutableWorkStep.executeWithNonEmptySources(SkipEmptyMutableWorkStep.java:210)
	at org.gradle.internal.execution.steps.SkipEmptyMutableWorkStep.executeMutable(SkipEmptyMutableWorkStep.java:90)
	at org.gradle.internal.execution.steps.SkipEmptyMutableWorkStep.executeMutable(SkipEmptyMutableWorkStep.java:53)
	at org.gradle.internal.execution.steps.MutableStep.execute(MutableStep.java:26)
	at org.gradle.internal.execution.steps.legacy.MarkSnapshottingInputsStartedStep.execute(MarkSnapshottingInputsStartedStep.java:38)
	at org.gradle.internal.execution.steps.LoadPreviousExecutionStateStep.executeMutable(LoadPreviousExecutionStateStep.java:36)
	at org.gradle.internal.execution.steps.LoadPreviousExecutionStateStep.executeMutable(LoadPreviousExecutionStateStep.java:23)
	at org.gradle.internal.execution.steps.MutableStep.execute(MutableStep.java:26)
	at org.gradle.internal.execution.steps.HandleStaleOutputsStep.executeMutable(HandleStaleOutputsStep.java:77)
	at org.gradle.internal.execution.steps.HandleStaleOutputsStep.executeMutable(HandleStaleOutputsStep.java:43)
	at org.gradle.internal.execution.steps.MutableStep.execute(MutableStep.java:26)
	at org.gradle.internal.execution.steps.AssignMutableWorkspaceStep.lambda$executeMutable$0(AssignMutableWorkspaceStep.java:34)
	at org.gradle.api.internal.tasks.execution.TaskExecution$4.withWorkspace(TaskExecution.java:305)
	at org.gradle.internal.execution.steps.AssignMutableWorkspaceStep.executeMutable(AssignMutableWorkspaceStep.java:30)
	at org.gradle.internal.execution.steps.AssignMutableWorkspaceStep.executeMutable(AssignMutableWorkspaceStep.java:21)
	at org.gradle.internal.execution.steps.MutableStep.execute(MutableStep.java:26)
	at org.gradle.internal.execution.steps.ChoosePipelineStep.execute(ChoosePipelineStep.java:40)
	at org.gradle.internal.execution.steps.ChoosePipelineStep.execute(ChoosePipelineStep.java:23)
	at org.gradle.internal.execution.steps.ExecuteWorkBuildOperationFiringStep.lambda$execute$2(ExecuteWorkBuildOperationFiringStep.java:67)
	at java.base/java.util.Optional.orElseGet(Optional.java:364)
	at org.gradle.internal.execution.steps.ExecuteWorkBuildOperationFiringStep.execute(ExecuteWorkBuildOperationFiringStep.java:67)
	at org.gradle.internal.execution.steps.ExecuteWorkBuildOperationFiringStep.execute(ExecuteWorkBuildOperationFiringStep.java:39)
	at org.gradle.internal.execution.steps.IdentityCacheStep.execute(IdentityCacheStep.java:46)
	at org.gradle.internal.execution.steps.IdentityCacheStep.execute(IdentityCacheStep.java:34)
	at org.gradle.internal.execution.steps.IdentifyStep.execute(IdentifyStep.java:56)
	at org.gradle.internal.execution.steps.IdentifyStep.execute(IdentifyStep.java:38)
	at org.gradle.internal.execution.impl.DefaultExecutionEngine$1.execute(DefaultExecutionEngine.java:68)
	at org.gradle.api.internal.tasks.execution.ExecuteActionsTaskExecuter.executeIfValid(ExecuteActionsTaskExecuter.java:132)
	at org.gradle.api.internal.tasks.execution.ExecuteActionsTaskExecuter.execute(ExecuteActionsTaskExecuter.java:121)
	at org.gradle.api.internal.tasks.execution.ProblemsTaskPathTrackingTaskExecuter.execute(ProblemsTaskPathTrackingTaskExecuter.java:41)
	at org.gradle.api.internal.tasks.execution.ResolveTaskExecutionModeExecuter.execute(ResolveTaskExecutionModeExecuter.java:51)
	at org.gradle.api.internal.tasks.execution.FinalizePropertiesTaskExecuter.execute(FinalizePropertiesTaskExecuter.java:46)
	at org.gradle.api.internal.tasks.execution.SkipTaskWithNoActionsExecuter.execute(SkipTaskWithNoActionsExecuter.java:57)
	at org.gradle.api.internal.tasks.execution.SkipOnlyIfTaskExecuter.execute(SkipOnlyIfTaskExecuter.java:74)
	at org.gradle.api.internal.tasks.execution.CatchExceptionTaskExecuter.execute(CatchExceptionTaskExecuter.java:36)
	at org.gradle.api.internal.tasks.execution.EventFiringTaskExecuter$1.executeTask(EventFiringTaskExecuter.java:77)
	at org.gradle.api.internal.tasks.execution.EventFiringTaskExecuter$1.call(EventFiringTaskExecuter.java:55)
	at org.gradle.api.internal.tasks.execution.EventFiringTaskExecuter$1.call(EventFiringTaskExecuter.java:52)
	at org.gradle.internal.operations.DefaultBuildOperationRunner$CallableBuildOperationWorker.execute(DefaultBuildOperationRunner.java:210)
	at org.gradle.internal.operations.DefaultBuildOperationRunner$CallableBuildOperationWorker.execute(DefaultBuildOperationRunner.java:205)
	at org.gradle.internal.operations.DefaultBuildOperationRunner$2.execute(DefaultBuildOperationRunner.java:67)
	at org.gradle.internal.operations.DefaultBuildOperationRunner$2.execute(DefaultBuildOperationRunner.java:60)
	at org.gradle.internal.operations.DefaultBuildOperationRunner.execute(DefaultBuildOperationRunner.java:167)
	at org.gradle.internal.operations.DefaultBuildOperationRunner.execute(DefaultBuildOperationRunner.java:60)
	at org.gradle.internal.operations.DefaultBuildOperationRunner.call(DefaultBuildOperationRunner.java:54)
	at org.gradle.api.internal.tasks.execution.EventFiringTaskExecuter.execute(EventFiringTaskExecuter.java:52)
	at org.gradle.execution.plan.DefaultNodeExecutor.executeLocalTaskNode(DefaultNodeExecutor.java:55)
	at org.gradle.execution.plan.DefaultNodeExecutor.execute(DefaultNodeExecutor.java:34)
	at org.gradle.execution.taskgraph.DefaultTaskExecutionGraph$InvokeNodeExecutorsAction.execute(DefaultTaskExecutionGraph.java:355)
	at org.gradle.execution.taskgraph.DefaultTaskExecutionGraph$InvokeNodeExecutorsAction.execute(DefaultTaskExecutionGraph.java:343)
	at org.gradle.execution.taskgraph.DefaultTaskExecutionGraph$BuildOperationAwareExecutionAction.lambda$execute$0(DefaultTaskExecutionGraph.java:339)
	at org.gradle.internal.operations.CurrentBuildOperationRef.with(CurrentBuildOperationRef.java:84)
	at org.gradle.execution.taskgraph.DefaultTaskExecutionGraph$BuildOperationAwareExecutionAction.execute(DefaultTaskExecutionGraph.java:339)
	at org.gradle.execution.taskgraph.DefaultTaskExecutionGraph$BuildOperationAwareExecutionAction.execute(DefaultTaskExecutionGraph.java:328)
	at org.gradle.execution.plan.DefaultPlanExecutor$ExecutorWorker.execute(DefaultPlanExecutor.java:459)
	at org.gradle.execution.plan.DefaultPlanExecutor$ExecutorWorker.run(DefaultPlanExecutor.java:376)
	at org.gradle.execution.plan.DefaultPlanExecutor.process(DefaultPlanExecutor.java:111)
	at org.gradle.execution.taskgraph.DefaultTaskExecutionGraph.executeWithServices(DefaultTaskExecutionGraph.java:146)
	at org.gradle.execution.taskgraph.DefaultTaskExecutionGraph.execute(DefaultTaskExecutionGraph.java:131)
	at org.gradle.execution.SelectedTaskExecutionAction.execute(SelectedTaskExecutionAction.java:35)
	at org.gradle.execution.BuildOperationFiringBuildWorkerExecutor$ExecuteTasks.call(BuildOperationFiringBuildWorkerExecutor.java:54)
	at org.gradle.execution.BuildOperationFiringBuildWorkerExecutor$ExecuteTasks.call(BuildOperationFiringBuildWorkerExecutor.java:43)
	at org.gradle.internal.operations.DefaultBuildOperationRunner$CallableBuildOperationWorker.execute(DefaultBuildOperationRunner.java:210)
	at org.gradle.internal.operations.DefaultBuildOperationRunner$CallableBuildOperationWorker.execute(DefaultBuildOperationRunner.java:205)
	at org.gradle.internal.operations.DefaultBuildOperationRunner$2.execute(DefaultBuildOperationRunner.java:67)
	at org.gradle.internal.operations.DefaultBuildOperationRunner$2.execute(DefaultBuildOperationRunner.java:60)
	at org.gradle.internal.operations.DefaultBuildOperationRunner.execute(DefaultBuildOperationRunner.java:167)
	at org.gradle.internal.operations.DefaultBuildOperationRunner.execute(DefaultBuildOperationRunner.java:60)
	at org.gradle.internal.operations.DefaultBuildOperationRunner.call(DefaultBuildOperationRunner.java:54)
	at org.gradle.execution.BuildOperationFiringBuildWorkerExecutor.execute(BuildOperationFiringBuildWorkerExecutor.java:40)
	at org.gradle.internal.build.DefaultBuildLifecycleController.lambda$executeTasks$11(DefaultBuildLifecycleController.java:323)
	at org.gradle.internal.model.StateTransitionController.doTransition(StateTransitionController.java:304)
	at org.gradle.internal.model.StateTransitionController.lambda$tryTransition$9(StateTransitionController.java:215)
	at org.gradle.internal.work.DefaultSynchronizer.withLock(DefaultSynchronizer.java:45)
	at org.gradle.internal.model.StateTransitionController.tryTransition(StateTransitionController.java:215)
	at org.gradle.internal.build.DefaultBuildLifecycleController.executeTasks(DefaultBuildLifecycleController.java:314)
	at org.gradle.internal.build.DefaultBuildWorkGraphController$DefaultBuildWorkGraph.runWork(DefaultBuildWorkGraphController.java:220)
	at org.gradle.internal.work.DefaultWorkerLeaseService.lambda$runAndReleaseLocks$0(DefaultWorkerLeaseService.java:300)
	at org.gradle.internal.work.ResourceLockStatistics$1.measure(ResourceLockStatistics.java:43)
	at org.gradle.internal.work.DefaultWorkerLeaseService.runAndReleaseLocks(DefaultWorkerLeaseService.java:298)
	at org.gradle.internal.work.DefaultWorkerLeaseService.withLocksAcquired(DefaultWorkerLeaseService.java:294)
	at org.gradle.internal.work.DefaultWorkerLeaseService.withLocks(DefaultWorkerLeaseService.java:286)
	at org.gradle.internal.work.DefaultWorkerLeaseService.runAsWorkerThread(DefaultWorkerLeaseService.java:130)
	at org.gradle.composite.internal.DefaultBuildController.doRun(DefaultBuildController.java:182)
	at org.gradle.composite.internal.DefaultBuildController$BuildOpRunnable.lambda$run$0(DefaultBuildController.java:199)
	at org.gradle.internal.operations.CurrentBuildOperationRef.with(CurrentBuildOperationRef.java:84)
	at org.gradle.composite.internal.DefaultBuildController$BuildOpRunnable.run(DefaultBuildController.java:199)
	at java.base/java.util.concurrent.Executors$RunnableAdapter.call(Executors.java:572)
	at java.base/java.util.concurrent.FutureTask.run(FutureTask.java:317)
	at org.gradle.internal.concurrent.ExecutorPolicy$CatchAndRecordFailures.onExecute(ExecutorPolicy.java:64)
	at org.gradle.internal.concurrent.AbstractManagedExecutor$1.run(AbstractManagedExecutor.java:47)
	at java.base/java.util.concurrent.ThreadPoolExecutor.runWorker(ThreadPoolExecutor.java:1144)
	at java.base/java.util.concurrent.ThreadPoolExecutor$Worker.run(ThreadPoolExecutor.java:642)
	at java.base/java.lang.Thread.run(Thread.java:1583)

WARNING: D8: An error occurred when parsing kotlin metadata. This normally happens when using a newer version of kotlin than the kotlin version released when this version of R8 was created. To find compatible kotlin versions, please see: https://developer.android.com/studio/build/kotlin-d8-r8-versions
WARNING: D8: Unexpected error during rewriting of Kotlin metadata for class 'com.reelshort.plugin.ReelShortProvider$Book':
com.android.tools.r8.internal.Os0: Should never be called
	at com.android.tools.r8.kotlin.a0.a(R8_8.7.18_f8bee6d6fb926b7ebb3b15bf98f726f9d57471456ea20fce6d17d9a020197688:2)
	at com.android.tools.r8.kotlin.Z.a(R8_8.7.18_f8bee6d6fb926b7ebb3b15bf98f726f9d57471456ea20fce6d17d9a020197688:185)
	at com.android.tools.r8.kotlin.Z.a(R8_8.7.18_f8bee6d6fb926b7ebb3b15bf98f726f9d57471456ea20fce6d17d9a020197688:184)
	at com.android.tools.r8.internal.ep0.a(R8_8.7.18_f8bee6d6fb926b7ebb3b15bf98f726f9d57471456ea20fce6d17d9a020197688:23)
	at com.android.tools.r8.internal.ep0.a(R8_8.7.18_f8bee6d6fb926b7ebb3b15bf98f726f9d57471456ea20fce6d17d9a020197688:34)
	at com.android.tools.r8.internal.ep0.a(R8_8.7.18_f8bee6d6fb926b7ebb3b15bf98f726f9d57471456ea20fce6d17d9a020197688:17)
	at com.google.common.util.concurrent.TrustedListenableFutureTask$TrustedFutureInterruptibleTask.runInterruptibly(TrustedListenableFutureTask.java:131)
	at com.google.common.util.concurrent.InterruptibleTask.run(InterruptibleTask.java:75)
	at com.google.common.util.concurrent.TrustedListenableFutureTask.run(TrustedListenableFutureTask.java:82)
	at com.google.common.util.concurrent.MoreExecutors$DirectExecutorService.execute(MoreExecutors.java:327)
	at java.base/java.util.concurrent.AbstractExecutorService.submit(AbstractExecutorService.java:145)
	at com.google.common.util.concurrent.AbstractListeningExecutorService.submit(AbstractListeningExecutorService.java:79)
	at com.google.common.util.concurrent.AbstractListeningExecutorService.submit(AbstractListeningExecutorService.java:37)
	at com.android.tools.r8.internal.fp0.submit(R8_8.7.18_f8bee6d6fb926b7ebb3b15bf98f726f9d57471456ea20fce6d17d9a020197688:1)
	at com.android.tools.r8.internal.Ro0.a(R8_8.7.18_f8bee6d6fb926b7ebb3b15bf98f726f9d57471456ea20fce6d17d9a020197688:1)
	at com.android.tools.r8.internal.ep0.a(R8_8.7.18_f8bee6d6fb926b7ebb3b15bf98f726f9d57471456ea20fce6d17d9a020197688:19)
	at com.android.tools.r8.internal.Yw.a(R8_8.7.18_f8bee6d6fb926b7ebb3b15bf98f726f9d57471456ea20fce6d17d9a020197688:3)
	at java.base/java.util.ArrayList.forEach(ArrayList.java:1596)
	at com.android.tools.r8.internal.Yw.a(R8_8.7.18_f8bee6d6fb926b7ebb3b15bf98f726f9d57471456ea20fce6d17d9a020197688:2)
	at com.android.tools.r8.internal.ep0.a(R8_8.7.18_f8bee6d6fb926b7ebb3b15bf98f726f9d57471456ea20fce6d17d9a020197688:10)
	at com.android.tools.r8.internal.ep0.a(R8_8.7.18_f8bee6d6fb926b7ebb3b15bf98f726f9d57471456ea20fce6d17d9a020197688:33)
	at com.android.tools.r8.internal.ep0.a(R8_8.7.18_f8bee6d6fb926b7ebb3b15bf98f726f9d57471456ea20fce6d17d9a020197688:25)
	at com.android.tools.r8.internal.ep0.a(R8_8.7.18_f8bee6d6fb926b7ebb3b15bf98f726f9d57471456ea20fce6d17d9a020197688:22)
	at com.android.tools.r8.K.a(R8_8.7.18_f8bee6d6fb926b7ebb3b15bf98f726f9d57471456ea20fce6d17d9a020197688:3)
	at com.android.tools.r8.kotlin.Z.a(R8_8.7.18_f8bee6d6fb926b7ebb3b15bf98f726f9d57471456ea20fce6d17d9a020197688:9)
	at com.android.tools.r8.D8.b(R8_8.7.18_f8bee6d6fb926b7ebb3b15bf98f726f9d57471456ea20fce6d17d9a020197688:17)
	at com.android.tools.r8.internal.Gp0.a(R8_8.7.18_f8bee6d6fb926b7ebb3b15bf98f726f9d57471456ea20fce6d17d9a020197688:57)
	at com.android.tools.r8.D8.a(R8_8.7.18_f8bee6d6fb926b7ebb3b15bf98f726f9d57471456ea20fce6d17d9a020197688:88)
	at com.android.tools.r8.D8.d(R8_8.7.18_f8bee6d6fb926b7ebb3b15bf98f726f9d57471456ea20fce6d17d9a020197688:137)
	at com.android.tools.r8.D8.b(R8_8.7.18_f8bee6d6fb926b7ebb3b15bf98f726f9d57471456ea20fce6d17d9a020197688:1)
	at com.android.tools.r8.internal.yu.a(R8_8.7.18_f8bee6d6fb926b7ebb3b15bf98f726f9d57471456ea20fce6d17d9a020197688:28)
	at com.android.tools.r8.internal.yu.b(R8_8.7.18_f8bee6d6fb926b7ebb3b15bf98f726f9d57471456ea20fce6d17d9a020197688:2)
	at com.android.tools.r8.D8.run(R8_8.7.18_f8bee6d6fb926b7ebb3b15bf98f726f9d57471456ea20fce6d17d9a020197688:11)
	at com.android.builder.dexing.D8DexArchiveBuilder.convert(D8DexArchiveBuilder.java:127)
	at com.android.builder.dexing.DexArchiveBuilder.convert$default(DexArchiveBuilder.kt:44)
	at com.lagradost.cloudstream3.gradle.tasks.CompileDexTask.compileDex(CompileDexTask.kt:88)
	at java.base/jdk.internal.reflect.DirectMethodHandleAccessor.invoke(DirectMethodHandleAccessor.java:103)
	at java.base/java.lang.reflect.Method.invoke(Method.java:580)
	at org.gradle.internal.reflect.JavaMethod.invoke(JavaMethod.java:125)
	at org.gradle.api.internal.project.taskfactory.StandardTaskAction.doExecute(StandardTaskAction.java:58)
	at org.gradle.api.internal.project.taskfactory.StandardTaskAction.execute(StandardTaskAction.java:51)
	at org.gradle.api.internal.project.taskfactory.StandardTaskAction.execute(StandardTaskAction.java:29)
	at org.gradle.api.internal.tasks.execution.TaskExecution$3.run(TaskExecution.java:259)
	at org.gradle.internal.operations.DefaultBuildOperationRunner$1.execute(DefaultBuildOperationRunner.java:30)
	at org.gradle.internal.operations.DefaultBuildOperationRunner$1.execute(DefaultBuildOperationRunner.java:27)
	at org.gradle.internal.operations.DefaultBuildOperationRunner$2.execute(DefaultBuildOperationRunner.java:67)
	at org.gradle.internal.operations.DefaultBuildOperationRunner$2.execute(DefaultBuildOperationRunner.java:60)
	at org.gradle.internal.operations.DefaultBuildOperationRunner.execute(DefaultBuildOperationRunner.java:167)
	at org.gradle.internal.operations.DefaultBuildOperationRunner.execute(DefaultBuildOperationRunner.java:60)
	at org.gradle.internal.operations.DefaultBuildOperationRunner.run(DefaultBuildOperationRunner.java:48)
	at org.gradle.api.internal.tasks.execution.TaskExecution.executeAction(TaskExecution.java:244)
	at org.gradle.api.internal.tasks.execution.TaskExecution.executeActions(TaskExecution.java:227)
	at org.gradle.api.internal.tasks.execution.TaskExecution.executeWithPreviousOutputFiles(TaskExecution.java:210)
	at org.gradle.api.internal.tasks.execution.TaskExecution.execute(TaskExecution.java:176)
	at org.gradle.internal.execution.steps.ExecuteStep.executeInternal(ExecuteStep.java:167)
	at org.gradle.internal.execution.steps.ExecuteStep.access$000(ExecuteStep.java:47)
	at org.gradle.internal.execution.steps.ExecuteStep$1.call(ExecuteStep.java:137)
	at org.gradle.internal.execution.steps.ExecuteStep$1.call(ExecuteStep.java:134)
	at org.gradle.internal.operations.DefaultBuildOperationRunner$CallableBuildOperationWorker.execute(DefaultBuildOperationRunner.java:210)
	at org.gradle.internal.operations.DefaultBuildOperationRunner$CallableBuildOperationWorker.execute(DefaultBuildOperationRunner.java:205)
	at org.gradle.internal.operations.DefaultBuildOperationRunner$2.execute(DefaultBuildOperationRunner.java:67)
	at org.gradle.internal.operations.DefaultBuildOperationRunner$2.execute(DefaultBuildOperationRunner.java:60)
	at org.gradle.internal.operations.DefaultBuildOperationRunner.execute(DefaultBuildOperationRunner.java:167)
	at org.gradle.internal.operations.DefaultBuildOperationRunner.execute(DefaultBuildOperationRunner.java:60)
	at org.gradle.internal.operations.DefaultBuildOperationRunner.call(DefaultBuildOperationRunner.java:54)
	at org.gradle.internal.execution.steps.ExecuteStep.execute(ExecuteStep.java:134)
	at org.gradle.internal.execution.steps.ExecuteStep$Mutable.execute(ExecuteStep.java:80)
	at org.gradle.internal.execution.steps.CancelExecutionStep.execute(CancelExecutionStep.java:42)
	at org.gradle.internal.execution.steps.TimeoutStep.executeWithoutTimeout(TimeoutStep.java:75)
	at org.gradle.internal.execution.steps.TimeoutStep.execute(TimeoutStep.java:55)
	at org.gradle.internal.execution.steps.PreCreateOutputParentsStep.execute(PreCreateOutputParentsStep.java:51)
	at org.gradle.internal.execution.steps.PreCreateOutputParentsStep.execute(PreCreateOutputParentsStep.java:29)
	at org.gradle.internal.execution.steps.RemovePreviousOutputsStep.executeMutable(RemovePreviousOutputsStep.java:67)
	at org.gradle.internal.execution.steps.RemovePreviousOutputsStep.executeMutable(RemovePreviousOutputsStep.java:39)
	at org.gradle.internal.execution.steps.MutableStep.execute(MutableStep.java:26)
	at org.gradle.internal.execution.steps.BroadcastChangingOutputsStep.execute(BroadcastChangingOutputsStep.java:42)
	at org.gradle.internal.execution.steps.BroadcastChangingOutputsStep.execute(BroadcastChangingOutputsStep.java:24)
	at org.gradle.internal.execution.steps.CaptureOutputsAfterExecutionStep.execute(CaptureOutputsAfterExecutionStep.java:69)
	at org.gradle.internal.execution.steps.CaptureOutputsAfterExecutionStep.execute(CaptureOutputsAfterExecutionStep.java:46)
	at org.gradle.internal.execution.steps.ResolveInputChangesStep.executeMutable(ResolveInputChangesStep.java:39)
	at org.gradle.internal.execution.steps.ResolveInputChangesStep.executeMutable(ResolveInputChangesStep.java:28)
	at org.gradle.internal.execution.steps.MutableStep.execute(MutableStep.java:26)
	at org.gradle.internal.execution.steps.BuildCacheStep.executeWithoutCache(BuildCacheStep.java:189)
	at org.gradle.internal.execution.steps.BuildCacheStep.lambda$execute$1(BuildCacheStep.java:76)
	at org.gradle.internal.Either$Right.fold(Either.java:176)
	at org.gradle.internal.execution.caching.CachingState.fold(CachingState.java:62)
	at org.gradle.internal.execution.steps.BuildCacheStep.execute(BuildCacheStep.java:74)
	at org.gradle.internal.execution.steps.BuildCacheStep.execute(BuildCacheStep.java:49)
	at org.gradle.internal.execution.steps.StoreExecutionStateStep.executeMutable(StoreExecutionStateStep.java:46)
	at org.gradle.internal.execution.steps.StoreExecutionStateStep.executeMutable(StoreExecutionStateStep.java:35)
	at org.gradle.internal.execution.steps.MutableStep.execute(MutableStep.java:26)
	at org.gradle.internal.execution.steps.SkipUpToDateStep.executeBecause(SkipUpToDateStep.java:75)
	at org.gradle.internal.execution.steps.SkipUpToDateStep.lambda$execute$2(SkipUpToDateStep.java:53)
	at java.base/java.util.Optional.orElseGet(Optional.java:364)
	at org.gradle.internal.execution.steps.SkipUpToDateStep.execute(SkipUpToDateStep.java:53)
	at org.gradle.internal.execution.steps.SkipUpToDateStep.execute(SkipUpToDateStep.java:35)
	at org.gradle.internal.execution.steps.legacy.MarkSnapshottingInputsFinishedStep.execute(MarkSnapshottingInputsFinishedStep.java:37)
	at org.gradle.internal.execution.steps.legacy.MarkSnapshottingInputsFinishedStep.execute(MarkSnapshottingInputsFinishedStep.java:27)
	at org.gradle.internal.execution.steps.ResolveMutableCachingStateStep.executeDelegate(ResolveMutableCachingStateStep.java:70)
	at org.gradle.internal.execution.steps.ResolveMutableCachingStateStep.executeDelegate(ResolveMutableCachingStateStep.java:32)
	at org.gradle.internal.execution.steps.AbstractResolveCachingStateStep.execute(AbstractResolveCachingStateStep.java:69)
	at org.gradle.internal.execution.steps.AbstractResolveCachingStateStep.execute(AbstractResolveCachingStateStep.java:37)
	at org.gradle.internal.execution.steps.ResolveChangesStep.executeMutable(ResolveChangesStep.java:63)
	at org.gradle.internal.execution.steps.ResolveChangesStep.executeMutable(ResolveChangesStep.java:34)
	at org.gradle.internal.execution.steps.MutableStep.execute(MutableStep.java:26)
	at org.gradle.internal.execution.steps.ValidateStep$Mutable.executeDelegate(ValidateStep.java:79)
	at org.gradle.internal.execution.steps.ValidateStep$Mutable.executeDelegate(ValidateStep.java:65)
	at org.gradle.internal.execution.steps.ValidateStep.execute(ValidateStep.java:105)
	at org.gradle.internal.execution.steps.ValidateStep$Mutable.execute(ValidateStep.java:65)
	at org.gradle.internal.execution.steps.CaptureMutableStateBeforeExecutionStep.executeMutable(CaptureMutableStateBeforeExecutionStep.java:86)
	at org.gradle.internal.execution.steps.CaptureMutableStateBeforeExecutionStep.execute(CaptureMutableStateBeforeExecutionStep.java:65)
	at org.gradle.internal.execution.steps.CaptureMutableStateBeforeExecutionStep.execute(CaptureMutableStateBeforeExecutionStep.java:45)
	at org.gradle.internal.execution.steps.SkipEmptyMutableWorkStep.executeWithNonEmptySources(SkipEmptyMutableWorkStep.java:210)
	at org.gradle.internal.execution.steps.SkipEmptyMutableWorkStep.executeMutable(SkipEmptyMutableWorkStep.java:90)
	at org.gradle.internal.execution.steps.SkipEmptyMutableWorkStep.executeMutable(SkipEmptyMutableWorkStep.java:53)
	at org.gradle.internal.execution.steps.MutableStep.execute(MutableStep.java:26)
	at org.gradle.internal.execution.steps.legacy.MarkSnapshottingInputsStartedStep.execute(MarkSnapshottingInputsStartedStep.java:38)
	at org.gradle.internal.execution.steps.LoadPreviousExecutionStateStep.executeMutable(LoadPreviousExecutionStateStep.java:36)
	at org.gradle.internal.execution.steps.LoadPreviousExecutionStateStep.executeMutable(LoadPreviousExecutionStateStep.java:23)
	at org.gradle.internal.execution.steps.MutableStep.execute(MutableStep.java:26)
	at org.gradle.internal.execution.steps.HandleStaleOutputsStep.executeMutable(HandleStaleOutputsStep.java:77)
	at org.gradle.internal.execution.steps.HandleStaleOutputsStep.executeMutable(HandleStaleOutputsStep.java:43)
	at org.gradle.internal.execution.steps.MutableStep.execute(MutableStep.java:26)
	at org.gradle.internal.execution.steps.AssignMutableWorkspaceStep.lambda$executeMutable$0(AssignMutableWorkspaceStep.java:34)
	at org.gradle.api.internal.tasks.execution.TaskExecution$4.withWorkspace(TaskExecution.java:305)
	at org.gradle.internal.execution.steps.AssignMutableWorkspaceStep.executeMutable(AssignMutableWorkspaceStep.java:30)
	at org.gradle.internal.execution.steps.AssignMutableWorkspaceStep.executeMutable(AssignMutableWorkspaceStep.java:21)
	at org.gradle.internal.execution.steps.MutableStep.execute(MutableStep.java:26)
	at org.gradle.internal.execution.steps.ChoosePipelineStep.execute(ChoosePipelineStep.java:40)
	at org.gradle.internal.execution.steps.ChoosePipelineStep.execute(ChoosePipelineStep.java:23)
	at org.gradle.internal.execution.steps.ExecuteWorkBuildOperationFiringStep.lambda$execute$2(ExecuteWorkBuildOperationFiringStep.java:67)
	at java.base/java.util.Optional.orElseGet(Optional.java:364)
	at org.gradle.internal.execution.steps.ExecuteWorkBuildOperationFiringStep.execute(ExecuteWorkBuildOperationFiringStep.java:67)
	at org.gradle.internal.execution.steps.ExecuteWorkBuildOperationFiringStep.execute(ExecuteWorkBuildOperationFiringStep.java:39)
	at org.gradle.internal.execution.steps.IdentityCacheStep.execute(IdentityCacheStep.java:46)
	at org.gradle.internal.execution.steps.IdentityCacheStep.execute(IdentityCacheStep.java:34)
	at org.gradle.internal.execution.steps.IdentifyStep.execute(IdentifyStep.java:56)
	at org.gradle.internal.execution.steps.IdentifyStep.execute(IdentifyStep.java:38)
	at org.gradle.internal.execution.impl.DefaultExecutionEngine$1.execute(DefaultExecutionEngine.java:68)
	at org.gradle.api.internal.tasks.execution.ExecuteActionsTaskExecuter.executeIfValid(ExecuteActionsTaskExecuter.java:132)
	at org.gradle.api.internal.tasks.execution.ExecuteActionsTaskExecuter.execute(ExecuteActionsTaskExecuter.java:121)
	at org.gradle.api.internal.tasks.execution.ProblemsTaskPathTrackingTaskExecuter.execute(ProblemsTaskPathTrackingTaskExecuter.java:41)
	at org.gradle.api.internal.tasks.execution.ResolveTaskExecutionModeExecuter.execute(ResolveTaskExecutionModeExecuter.java:51)
	at org.gradle.api.internal.tasks.execution.FinalizePropertiesTaskExecuter.execute(FinalizePropertiesTaskExecuter.java:46)
	at org.gradle.api.internal.tasks.execution.SkipTaskWithNoActionsExecuter.execute(SkipTaskWithNoActionsExecuter.java:57)
	at org.gradle.api.internal.tasks.execution.SkipOnlyIfTaskExecuter.execute(SkipOnlyIfTaskExecuter.java:74)
	at org.gradle.api.internal.tasks.execution.CatchExceptionTaskExecuter.execute(CatchExceptionTaskExecuter.java:36)
	at org.gradle.api.internal.tasks.execution.EventFiringTaskExecuter$1.executeTask(EventFiringTaskExecuter.java:77)
	at org.gradle.api.internal.tasks.execution.EventFiringTaskExecuter$1.call(EventFiringTaskExecuter.java:55)
	at org.gradle.api.internal.tasks.execution.EventFiringTaskExecuter$1.call(EventFiringTaskExecuter.java:52)
	at org.gradle.internal.operations.DefaultBuildOperationRunner$CallableBuildOperationWorker.execute(DefaultBuildOperationRunner.java:210)
	at org.gradle.internal.operations.DefaultBuildOperationRunner$CallableBuildOperationWorker.execute(DefaultBuildOperationRunner.java:205)
	at org.gradle.internal.operations.DefaultBuildOperationRunner$2.execute(DefaultBuildOperationRunner.java:67)
	at org.gradle.internal.operations.DefaultBuildOperationRunner$2.execute(DefaultBuildOperationRunner.java:60)
	at org.gradle.internal.operations.DefaultBuildOperationRunner.execute(DefaultBuildOperationRunner.java:167)
	at org.gradle.internal.operations.DefaultBuildOperationRunner.execute(DefaultBuildOperationRunner.java:60)
	at org.gradle.internal.operations.DefaultBuildOperationRunner.call(DefaultBuildOperationRunner.java:54)
	at org.gradle.api.internal.tasks.execution.EventFiringTaskExecuter.execute(EventFiringTaskExecuter.java:52)
	at org.gradle.execution.plan.DefaultNodeExecutor.executeLocalTaskNode(DefaultNodeExecutor.java:55)
	at org.gradle.execution.plan.DefaultNodeExecutor.execute(DefaultNodeExecutor.java:34)
	at org.gradle.execution.taskgraph.DefaultTaskExecutionGraph$InvokeNodeExecutorsAction.execute(DefaultTaskExecutionGraph.java:355)
	at org.gradle.execution.taskgraph.DefaultTaskExecutionGraph$InvokeNodeExecutorsAction.execute(DefaultTaskExecutionGraph.java:343)
	at org.gradle.execution.taskgraph.DefaultTaskExecutionGraph$BuildOperationAwareExecutionAction.lambda$execute$0(DefaultTaskExecutionGraph.java:339)
	at org.gradle.internal.operations.CurrentBuildOperationRef.with(CurrentBuildOperationRef.java:84)
	at org.gradle.execution.taskgraph.DefaultTaskExecutionGraph$BuildOperationAwareExecutionAction.execute(DefaultTaskExecutionGraph.java:339)
	at org.gradle.execution.taskgraph.DefaultTaskExecutionGraph$BuildOperationAwareExecutionAction.execute(DefaultTaskExecutionGraph.java:328)
	at org.gradle.execution.plan.DefaultPlanExecutor$ExecutorWorker.execute(DefaultPlanExecutor.java:459)
	at org.gradle.execution.plan.DefaultPlanExecutor$ExecutorWorker.run(DefaultPlanExecutor.java:376)
	at org.gradle.execution.plan.DefaultPlanExecutor.process(DefaultPlanExecutor.java:111)
	at org.gradle.execution.taskgraph.DefaultTaskExecutionGraph.executeWithServices(DefaultTaskExecutionGraph.java:146)
	at org.gradle.execution.taskgraph.DefaultTaskExecutionGraph.execute(DefaultTaskExecutionGraph.java:131)
	at org.gradle.execution.SelectedTaskExecutionAction.execute(SelectedTaskExecutionAction.java:35)
	at org.gradle.execution.BuildOperationFiringBuildWorkerExecutor$ExecuteTasks.call(BuildOperationFiringBuildWorkerExecutor.java:54)
	at org.gradle.execution.BuildOperationFiringBuildWorkerExecutor$ExecuteTasks.call(BuildOperationFiringBuildWorkerExecutor.java:43)
	at org.gradle.internal.operations.DefaultBuildOperationRunner$CallableBuildOperationWorker.execute(DefaultBuildOperationRunner.java:210)
	at org.gradle.internal.operations.DefaultBuildOperationRunner$CallableBuildOperationWorker.execute(DefaultBuildOperationRunner.java:205)
	at org.gradle.internal.operations.DefaultBuildOperationRunner$2.execute(DefaultBuildOperationRunner.java:67)
	at org.gradle.internal.operations.DefaultBuildOperationRunner$2.execute(DefaultBuildOperationRunner.java:60)
	at org.gradle.internal.operations.DefaultBuildOperationRunner.execute(DefaultBuildOperationRunner.java:167)
	at org.gradle.internal.operations.DefaultBuildOperationRunner.execute(DefaultBuildOperationRunner.java:60)
	at org.gradle.internal.operations.DefaultBuildOperationRunner.call(DefaultBuildOperationRunner.java:54)
	at org.gradle.execution.BuildOperationFiringBuildWorkerExecutor.execute(BuildOperationFiringBuildWorkerExecutor.java:40)
	at org.gradle.internal.build.DefaultBuildLifecycleController.lambda$executeTasks$11(DefaultBuildLifecycleController.java:323)
	at org.gradle.internal.model.StateTransitionController.doTransition(StateTransitionController.java:304)
	at org.gradle.internal.model.StateTransitionController.lambda$tryTransition$9(StateTransitionController.java:215)
	at org.gradle.internal.work.DefaultSynchronizer.withLock(DefaultSynchronizer.java:45)
	at org.gradle.internal.model.StateTransitionController.tryTransition(StateTransitionController.java:215)
	at org.gradle.internal.build.DefaultBuildLifecycleController.executeTasks(DefaultBuildLifecycleController.java:314)
	at org.gradle.internal.build.DefaultBuildWorkGraphController$DefaultBuildWorkGraph.runWork(DefaultBuildWorkGraphController.java:220)
	at org.gradle.internal.work.DefaultWorkerLeaseService.lambda$runAndReleaseLocks$0(DefaultWorkerLeaseService.java:300)
	at org.gradle.internal.work.ResourceLockStatistics$1.measure(ResourceLockStatistics.java:43)
	at org.gradle.internal.work.DefaultWorkerLeaseService.runAndReleaseLocks(DefaultWorkerLeaseService.java:298)
	at org.gradle.internal.work.DefaultWorkerLeaseService.withLocksAcquired(DefaultWorkerLeaseService.java:294)
	at org.gradle.internal.work.DefaultWorkerLeaseService.withLocks(DefaultWorkerLeaseService.java:286)
	at org.gradle.internal.work.DefaultWorkerLeaseService.runAsWorkerThread(DefaultWorkerLeaseService.java:130)
	at org.gradle.composite.internal.DefaultBuildController.doRun(DefaultBuildController.java:182)
	at org.gradle.composite.internal.DefaultBuildController$BuildOpRunnable.lambda$run$0(DefaultBuildController.java:199)
	at org.gradle.internal.operations.CurrentBuildOperationRef.with(CurrentBuildOperationRef.java:84)
	at org.gradle.composite.internal.DefaultBuildController$BuildOpRunnable.run(DefaultBuildController.java:199)
	at java.base/java.util.concurrent.Executors$RunnableAdapter.call(Executors.java:572)
	at java.base/java.util.concurrent.FutureTask.run(FutureTask.java:317)
	at org.gradle.internal.concurrent.ExecutorPolicy$CatchAndRecordFailures.onExecute(ExecutorPolicy.java:64)
	at org.gradle.internal.concurrent.AbstractManagedExecutor$1.run(AbstractManagedExecutor.java:47)
	at java.base/java.util.concurrent.ThreadPoolExecutor.runWorker(ThreadPoolExecutor.java:1144)
	at java.base/java.util.concurrent.ThreadPoolExecutor$Worker.run(ThreadPoolExecutor.java:642)
	at java.base/java.lang.Thread.run(Thread.java:1583)

WARNING: D8: An error occurred when parsing kotlin metadata. This normally happens when using a newer version of kotlin than the kotlin version released when this version of R8 was created. To find compatible kotlin versions, please see: https://developer.android.com/studio/build/kotlin-d8-r8-versions
WARNING: D8: Unexpected error during rewriting of Kotlin metadata for class 'com.reelshort.plugin.ReelShortProvider$loadNextData$1':
com.android.tools.r8.internal.Os0: Should never be called
	at com.android.tools.r8.kotlin.a0.a(R8_8.7.18_f8bee6d6fb926b7ebb3b15bf98f726f9d57471456ea20fce6d17d9a020197688:2)
	at com.android.tools.r8.kotlin.Z.a(R8_8.7.18_f8bee6d6fb926b7ebb3b15bf98f726f9d57471456ea20fce6d17d9a020197688:185)
	at com.android.tools.r8.kotlin.Z.a(R8_8.7.18_f8bee6d6fb926b7ebb3b15bf98f726f9d57471456ea20fce6d17d9a020197688:184)
	at com.android.tools.r8.internal.ep0.a(R8_8.7.18_f8bee6d6fb926b7ebb3b15bf98f726f9d57471456ea20fce6d17d9a020197688:23)
	at com.android.tools.r8.internal.ep0.a(R8_8.7.18_f8bee6d6fb926b7ebb3b15bf98f726f9d57471456ea20fce6d17d9a020197688:34)
	at com.android.tools.r8.internal.ep0.a(R8_8.7.18_f8bee6d6fb926b7ebb3b15bf98f726f9d57471456ea20fce6d17d9a020197688:17)
	at com.google.common.util.concurrent.TrustedListenableFutureTask$TrustedFutureInterruptibleTask.runInterruptibly(TrustedListenableFutureTask.java:131)
	at com.google.common.util.concurrent.InterruptibleTask.run(InterruptibleTask.java:75)
	at com.google.common.util.concurrent.TrustedListenableFutureTask.run(TrustedListenableFutureTask.java:82)
	at com.google.common.util.concurrent.MoreExecutors$DirectExecutorService.execute(MoreExecutors.java:327)
	at java.base/java.util.concurrent.AbstractExecutorService.submit(AbstractExecutorService.java:145)
	at com.google.common.util.concurrent.AbstractListeningExecutorService.submit(AbstractListeningExecutorService.java:79)
	at com.google.common.util.concurrent.AbstractListeningExecutorService.submit(AbstractListeningExecutorService.java:37)
	at com.android.tools.r8.internal.fp0.submit(R8_8.7.18_f8bee6d6fb926b7ebb3b15bf98f726f9d57471456ea20fce6d17d9a020197688:1)
	at com.android.tools.r8.internal.Ro0.a(R8_8.7.18_f8bee6d6fb926b7ebb3b15bf98f726f9d57471456ea20fce6d17d9a020197688:1)
	at com.android.tools.r8.internal.ep0.a(R8_8.7.18_f8bee6d6fb926b7ebb3b15bf98f726f9d57471456ea20fce6d17d9a020197688:19)
	at com.android.tools.r8.internal.Yw.a(R8_8.7.18_f8bee6d6fb926b7ebb3b15bf98f726f9d57471456ea20fce6d17d9a020197688:3)
	at java.base/java.util.ArrayList.forEach(ArrayList.java:1596)
	at com.android.tools.r8.internal.Yw.a(R8_8.7.18_f8bee6d6fb926b7ebb3b15bf98f726f9d57471456ea20fce6d17d9a020197688:2)
	at com.android.tools.r8.internal.ep0.a(R8_8.7.18_f8bee6d6fb926b7ebb3b15bf98f726f9d57471456ea20fce6d17d9a020197688:10)
	at com.android.tools.r8.internal.ep0.a(R8_8.7.18_f8bee6d6fb926b7ebb3b15bf98f726f9d57471456ea20fce6d17d9a020197688:33)
	at com.android.tools.r8.internal.ep0.a(R8_8.7.18_f8bee6d6fb926b7ebb3b15bf98f726f9d57471456ea20fce6d17d9a020197688:25)
	at com.android.tools.r8.internal.ep0.a(R8_8.7.18_f8bee6d6fb926b7ebb3b15bf98f726f9d57471456ea20fce6d17d9a020197688:22)
	at com.android.tools.r8.K.a(R8_8.7.18_f8bee6d6fb926b7ebb3b15bf98f726f9d57471456ea20fce6d17d9a020197688:3)
	at com.android.tools.r8.kotlin.Z.a(R8_8.7.18_f8bee6d6fb926b7ebb3b15bf98f726f9d57471456ea20fce6d17d9a020197688:9)
	at com.android.tools.r8.D8.b(R8_8.7.18_f8bee6d6fb926b7ebb3b15bf98f726f9d57471456ea20fce6d17d9a020197688:17)
	at com.android.tools.r8.internal.Gp0.a(R8_8.7.18_f8bee6d6fb926b7ebb3b15bf98f726f9d57471456ea20fce6d17d9a020197688:57)
	at com.android.tools.r8.D8.a(R8_8.7.18_f8bee6d6fb926b7ebb3b15bf98f726f9d57471456ea20fce6d17d9a020197688:88)
	at com.android.tools.r8.D8.d(R8_8.7.18_f8bee6d6fb926b7ebb3b15bf98f726f9d57471456ea20fce6d17d9a020197688:137)
	at com.android.tools.r8.D8.b(R8_8.7.18_f8bee6d6fb926b7ebb3b15bf98f726f9d57471456ea20fce6d17d9a020197688:1)
	at com.android.tools.r8.internal.yu.a(R8_8.7.18_f8bee6d6fb926b7ebb3b15bf98f726f9d57471456ea20fce6d17d9a020197688:28)
	at com.android.tools.r8.internal.yu.b(R8_8.7.18_f8bee6d6fb926b7ebb3b15bf98f726f9d57471456ea20fce6d17d9a020197688:2)
	at com.android.tools.r8.D8.run(R8_8.7.18_f8bee6d6fb926b7ebb3b15bf98f726f9d57471456ea20fce6d17d9a020197688:11)
	at com.android.builder.dexing.D8DexArchiveBuilder.convert(D8DexArchiveBuilder.java:127)
	at com.android.builder.dexing.DexArchiveBuilder.convert$default(DexArchiveBuilder.kt:44)
	at com.lagradost.cloudstream3.gradle.tasks.CompileDexTask.compileDex(CompileDexTask.kt:88)
	at java.base/jdk.internal.reflect.DirectMethodHandleAccessor.invoke(DirectMethodHandleAccessor.java:103)
	at java.base/java.lang.reflect.Method.invoke(Method.java:580)
	at org.gradle.internal.reflect.JavaMethod.invoke(JavaMethod.java:125)
	at org.gradle.api.internal.project.taskfactory.StandardTaskAction.doExecute(StandardTaskAction.java:58)
	at org.gradle.api.internal.project.taskfactory.StandardTaskAction.execute(StandardTaskAction.java:51)
	at org.gradle.api.internal.project.taskfactory.StandardTaskAction.execute(StandardTaskAction.java:29)
	at org.gradle.api.internal.tasks.execution.TaskExecution$3.run(TaskExecution.java:259)
	at org.gradle.internal.operations.DefaultBuildOperationRunner$1.execute(DefaultBuildOperationRunner.java:30)
	at org.gradle.internal.operations.DefaultBuildOperationRunner$1.execute(DefaultBuildOperationRunner.java:27)
	at org.gradle.internal.operations.DefaultBuildOperationRunner$2.execute(DefaultBuildOperationRunner.java:67)
	at org.gradle.internal.operations.DefaultBuildOperationRunner$2.execute(DefaultBuildOperationRunner.java:60)
	at org.gradle.internal.operations.DefaultBuildOperationRunner.execute(DefaultBuildOperationRunner.java:167)
	at org.gradle.internal.operations.DefaultBuildOperationRunner.execute(DefaultBuildOperationRunner.java:60)
	at org.gradle.internal.operations.DefaultBuildOperationRunner.run(DefaultBuildOperationRunner.java:48)
	at org.gradle.api.internal.tasks.execution.TaskExecution.executeAction(TaskExecution.java:244)
	at org.gradle.api.internal.tasks.execution.TaskExecution.executeActions(TaskExecution.java:227)
	at org.gradle.api.internal.tasks.execution.TaskExecution.executeWithPreviousOutputFiles(TaskExecution.java:210)
	at org.gradle.api.internal.tasks.execution.TaskExecution.execute(TaskExecution.java:176)
	at org.gradle.internal.execution.steps.ExecuteStep.executeInternal(ExecuteStep.java:167)
	at org.gradle.internal.execution.steps.ExecuteStep.access$000(ExecuteStep.java:47)
	at org.gradle.internal.execution.steps.ExecuteStep$1.call(ExecuteStep.java:137)
	at org.gradle.internal.execution.steps.ExecuteStep$1.call(ExecuteStep.java:134)
	at org.gradle.internal.operations.DefaultBuildOperationRunner$CallableBuildOperationWorker.execute(DefaultBuildOperationRunner.java:210)
	at org.gradle.internal.operations.DefaultBuildOperationRunner$CallableBuildOperationWorker.execute(DefaultBuildOperationRunner.java:205)
	at org.gradle.internal.operations.DefaultBuildOperationRunner$2.execute(DefaultBuildOperationRunner.java:67)
	at org.gradle.internal.operations.DefaultBuildOperationRunner$2.execute(DefaultBuildOperationRunner.java:60)
	at org.gradle.internal.operations.DefaultBuildOperationRunner.execute(DefaultBuildOperationRunner.java:167)
	at org.gradle.internal.operations.DefaultBuildOperationRunner.execute(DefaultBuildOperationRunner.java:60)
	at org.gradle.internal.operations.DefaultBuildOperationRunner.call(DefaultBuildOperationRunner.java:54)
	at org.gradle.internal.execution.steps.ExecuteStep.execute(ExecuteStep.java:134)
	at org.gradle.internal.execution.steps.ExecuteStep$Mutable.execute(ExecuteStep.java:80)
	at org.gradle.internal.execution.steps.CancelExecutionStep.execute(CancelExecutionStep.java:42)
	at org.gradle.internal.execution.steps.TimeoutStep.executeWithoutTimeout(TimeoutStep.java:75)
	at org.gradle.internal.execution.steps.TimeoutStep.execute(TimeoutStep.java:55)
	at org.gradle.internal.execution.steps.PreCreateOutputParentsStep.execute(PreCreateOutputParentsStep.java:51)
	at org.gradle.internal.execution.steps.PreCreateOutputParentsStep.execute(PreCreateOutputParentsStep.java:29)
	at org.gradle.internal.execution.steps.RemovePreviousOutputsStep.executeMutable(RemovePreviousOutputsStep.java:67)
	at org.gradle.internal.execution.steps.RemovePreviousOutputsStep.executeMutable(RemovePreviousOutputsStep.java:39)
	at org.gradle.internal.execution.steps.MutableStep.execute(MutableStep.java:26)
	at org.gradle.internal.execution.steps.BroadcastChangingOutputsStep.execute(BroadcastChangingOutputsStep.java:42)
	at org.gradle.internal.execution.steps.BroadcastChangingOutputsStep.execute(BroadcastChangingOutputsStep.java:24)
	at org.gradle.internal.execution.steps.CaptureOutputsAfterExecutionStep.execute(CaptureOutputsAfterExecutionStep.java:69)
	at org.gradle.internal.execution.steps.CaptureOutputsAfterExecutionStep.execute(CaptureOutputsAfterExecutionStep.java:46)
	at org.gradle.internal.execution.steps.ResolveInputChangesStep.executeMutable(ResolveInputChangesStep.java:39)
	at org.gradle.internal.execution.steps.ResolveInputChangesStep.executeMutable(ResolveInputChangesStep.java:28)
	at org.gradle.internal.execution.steps.MutableStep.execute(MutableStep.java:26)
	at org.gradle.internal.execution.steps.BuildCacheStep.executeWithoutCache(BuildCacheStep.java:189)
	at org.gradle.internal.execution.steps.BuildCacheStep.lambda$execute$1(BuildCacheStep.java:76)
	at org.gradle.internal.Either$Right.fold(Either.java:176)
	at org.gradle.internal.execution.caching.CachingState.fold(CachingState.java:62)
	at org.gradle.internal.execution.steps.BuildCacheStep.execute(BuildCacheStep.java:74)
	at org.gradle.internal.execution.steps.BuildCacheStep.execute(BuildCacheStep.java:49)
	at org.gradle.internal.execution.steps.StoreExecutionStateStep.executeMutable(StoreExecutionStateStep.java:46)
	at org.gradle.internal.execution.steps.StoreExecutionStateStep.executeMutable(StoreExecutionStateStep.java:35)
	at org.gradle.internal.execution.steps.MutableStep.execute(MutableStep.java:26)
	at org.gradle.internal.execution.steps.SkipUpToDateStep.executeBecause(SkipUpToDateStep.java:75)
	at org.gradle.internal.execution.steps.SkipUpToDateStep.lambda$execute$2(SkipUpToDateStep.java:53)
	at java.base/java.util.Optional.orElseGet(Optional.java:364)
	at org.gradle.internal.execution.steps.SkipUpToDateStep.execute(SkipUpToDateStep.java:53)
	at org.gradle.internal.execution.steps.SkipUpToDateStep.execute(SkipUpToDateStep.java:35)
	at org.gradle.internal.execution.steps.legacy.MarkSnapshottingInputsFinishedStep.execute(MarkSnapshottingInputsFinishedStep.java:37)
	at org.gradle.internal.execution.steps.legacy.MarkSnapshottingInputsFinishedStep.execute(MarkSnapshottingInputsFinishedStep.java:27)
	at org.gradle.internal.execution.steps.ResolveMutableCachingStateStep.executeDelegate(ResolveMutableCachingStateStep.java:70)
	at org.gradle.internal.execution.steps.ResolveMutableCachingStateStep.executeDelegate(ResolveMutableCachingStateStep.java:32)
	at org.gradle.internal.execution.steps.AbstractResolveCachingStateStep.execute(AbstractResolveCachingStateStep.java:69)
	at org.gradle.internal.execution.steps.AbstractResolveCachingStateStep.execute(AbstractResolveCachingStateStep.java:37)
	at org.gradle.internal.execution.steps.ResolveChangesStep.executeMutable(ResolveChangesStep.java:63)
	at org.gradle.internal.execution.steps.ResolveChangesStep.executeMutable(ResolveChangesStep.java:34)
	at org.gradle.internal.execution.steps.MutableStep.execute(MutableStep.java:26)
	at org.gradle.internal.execution.steps.ValidateStep$Mutable.executeDelegate(ValidateStep.java:79)
	at org.gradle.internal.execution.steps.ValidateStep$Mutable.executeDelegate(ValidateStep.java:65)
	at org.gradle.internal.execution.steps.ValidateStep.execute(ValidateStep.java:105)
	at org.gradle.internal.execution.steps.ValidateStep$Mutable.execute(ValidateStep.java:65)
	at org.gradle.internal.execution.steps.CaptureMutableStateBeforeExecutionStep.executeMutable(CaptureMutableStateBeforeExecutionStep.java:86)
	at org.gradle.internal.execution.steps.CaptureMutableStateBeforeExecutionStep.execute(CaptureMutableStateBeforeExecutionStep.java:65)
	at org.gradle.internal.execution.steps.CaptureMutableStateBeforeExecutionStep.execute(CaptureMutableStateBeforeExecutionStep.java:45)
	at org.gradle.internal.execution.steps.SkipEmptyMutableWorkStep.executeWithNonEmptySources(SkipEmptyMutableWorkStep.java:210)
	at org.gradle.internal.execution.steps.SkipEmptyMutableWorkStep.executeMutable(SkipEmptyMutableWorkStep.java:90)
	at org.gradle.internal.execution.steps.SkipEmptyMutableWorkStep.executeMutable(SkipEmptyMutableWorkStep.java:53)
	at org.gradle.internal.execution.steps.MutableStep.execute(MutableStep.java:26)
	at org.gradle.internal.execution.steps.legacy.MarkSnapshottingInputsStartedStep.execute(MarkSnapshottingInputsStartedStep.java:38)
	at org.gradle.internal.execution.steps.LoadPreviousExecutionStateStep.executeMutable(LoadPreviousExecutionStateStep.java:36)
	at org.gradle.internal.execution.steps.LoadPreviousExecutionStateStep.executeMutable(LoadPreviousExecutionStateStep.java:23)
	at org.gradle.internal.execution.steps.MutableStep.execute(MutableStep.java:26)
	at org.gradle.internal.execution.steps.HandleStaleOutputsStep.executeMutable(HandleStaleOutputsStep.java:77)
	at org.gradle.internal.execution.steps.HandleStaleOutputsStep.executeMutable(HandleStaleOutputsStep.java:43)
	at org.gradle.internal.execution.steps.MutableStep.execute(MutableStep.java:26)
	at org.gradle.internal.execution.steps.AssignMutableWorkspaceStep.lambda$executeMutable$0(AssignMutableWorkspaceStep.java:34)
	at org.gradle.api.internal.tasks.execution.TaskExecution$4.withWorkspace(TaskExecution.java:305)
	at org.gradle.internal.execution.steps.AssignMutableWorkspaceStep.executeMutable(AssignMutableWorkspaceStep.java:30)
	at org.gradle.internal.execution.steps.AssignMutableWorkspaceStep.executeMutable(AssignMutableWorkspaceStep.java:21)
	at org.gradle.internal.execution.steps.MutableStep.execute(MutableStep.java:26)
	at org.gradle.internal.execution.steps.ChoosePipelineStep.execute(ChoosePipelineStep.java:40)
	at org.gradle.internal.execution.steps.ChoosePipelineStep.execute(ChoosePipelineStep.java:23)
	at org.gradle.internal.execution.steps.ExecuteWorkBuildOperationFiringStep.lambda$execute$2(ExecuteWorkBuildOperationFiringStep.java:67)
	at java.base/java.util.Optional.orElseGet(Optional.java:364)
	at org.gradle.internal.execution.steps.ExecuteWorkBuildOperationFiringStep.execute(ExecuteWorkBuildOperationFiringStep.java:67)
	at org.gradle.internal.execution.steps.ExecuteWorkBuildOperationFiringStep.execute(ExecuteWorkBuildOperationFiringStep.java:39)
	at org.gradle.internal.execution.steps.IdentityCacheStep.execute(IdentityCacheStep.java:46)
	at org.gradle.internal.execution.steps.IdentityCacheStep.execute(IdentityCacheStep.java:34)
	at org.gradle.internal.execution.steps.IdentifyStep.execute(IdentifyStep.java:56)
	at org.gradle.internal.execution.steps.IdentifyStep.execute(IdentifyStep.java:38)
	at org.gradle.internal.execution.impl.DefaultExecutionEngine$1.execute(DefaultExecutionEngine.java:68)
	at org.gradle.api.internal.tasks.execution.ExecuteActionsTaskExecuter.executeIfValid(ExecuteActionsTaskExecuter.java:132)
	at org.gradle.api.internal.tasks.execution.ExecuteActionsTaskExecuter.execute(ExecuteActionsTaskExecuter.java:121)
	at org.gradle.api.internal.tasks.execution.ProblemsTaskPathTrackingTaskExecuter.execute(ProblemsTaskPathTrackingTaskExecuter.java:41)
	at org.gradle.api.internal.tasks.execution.ResolveTaskExecutionModeExecuter.execute(ResolveTaskExecutionModeExecuter.java:51)
	at org.gradle.api.internal.tasks.execution.FinalizePropertiesTaskExecuter.execute(FinalizePropertiesTaskExecuter.java:46)
	at org.gradle.api.internal.tasks.execution.SkipTaskWithNoActionsExecuter.execute(SkipTaskWithNoActionsExecuter.java:57)
	at org.gradle.api.internal.tasks.execution.SkipOnlyIfTaskExecuter.execute(SkipOnlyIfTaskExecuter.java:74)
	at org.gradle.api.internal.tasks.execution.CatchExceptionTaskExecuter.execute(CatchExceptionTaskExecuter.java:36)
	at org.gradle.api.internal.tasks.execution.EventFiringTaskExecuter$1.executeTask(EventFiringTaskExecuter.java:77)
	at org.gradle.api.internal.tasks.execution.EventFiringTaskExecuter$1.call(EventFiringTaskExecuter.java:55)
	at org.gradle.api.internal.tasks.execution.EventFiringTaskExecuter$1.call(EventFiringTaskExecuter.java:52)
	at org.gradle.internal.operations.DefaultBuildOperationRunner$CallableBuildOperationWorker.execute(DefaultBuildOperationRunner.java:210)
	at org.gradle.internal.operations.DefaultBuildOperationRunner$CallableBuildOperationWorker.execute(DefaultBuildOperationRunner.java:205)
	at org.gradle.internal.operations.DefaultBuildOperationRunner$2.execute(DefaultBuildOperationRunner.java:67)
	at org.gradle.internal.operations.DefaultBuildOperationRunner$2.execute(DefaultBuildOperationRunner.java:60)
	at org.gradle.internal.operations.DefaultBuildOperationRunner.execute(DefaultBuildOperationRunner.java:167)
	at org.gradle.internal.operations.DefaultBuildOperationRunner.execute(DefaultBuildOperationRunner.java:60)
	at org.gradle.internal.operations.DefaultBuildOperationRunner.call(DefaultBuildOperationRunner.java:54)
	at org.gradle.api.internal.tasks.execution.EventFiringTaskExecuter.execute(EventFiringTaskExecuter.java:52)
	at org.gradle.execution.plan.DefaultNodeExecutor.executeLocalTaskNode(DefaultNodeExecutor.java:55)
	at org.gradle.execution.plan.DefaultNodeExecutor.execute(DefaultNodeExecutor.java:34)
	at org.gradle.execution.taskgraph.DefaultTaskExecutionGraph$InvokeNodeExecutorsAction.execute(DefaultTaskExecutionGraph.java:355)
	at org.gradle.execution.taskgraph.DefaultTaskExecutionGraph$InvokeNodeExecutorsAction.execute(DefaultTaskExecutionGraph.java:343)
	at org.gradle.execution.taskgraph.DefaultTaskExecutionGraph$BuildOperationAwareExecutionAction.lambda$execute$0(DefaultTaskExecutionGraph.java:339)
	at org.gradle.internal.operations.CurrentBuildOperationRef.with(CurrentBuildOperationRef.java:84)
	at org.gradle.execution.taskgraph.DefaultTaskExecutionGraph$BuildOperationAwareExecutionAction.execute(DefaultTaskExecutionGraph.java:339)
	at org.gradle.execution.taskgraph.DefaultTaskExecutionGraph$BuildOperationAwareExecutionAction.execute(DefaultTaskExecutionGraph.java:328)
	at org.gradle.execution.plan.DefaultPlanExecutor$ExecutorWorker.execute(DefaultPlanExecutor.java:459)
	at org.gradle.execution.plan.DefaultPlanExecutor$ExecutorWorker.run(DefaultPlanExecutor.java:376)
	at org.gradle.execution.plan.DefaultPlanExecutor.process(DefaultPlanExecutor.java:111)
	at org.gradle.execution.taskgraph.DefaultTaskExecutionGraph.executeWithServices(DefaultTaskExecutionGraph.java:146)
	at org.gradle.execution.taskgraph.DefaultTaskExecutionGraph.execute(DefaultTaskExecutionGraph.java:131)
	at org.gradle.execution.SelectedTaskExecutionAction.execute(SelectedTaskExecutionAction.java:35)
	at org.gradle.execution.BuildOperationFiringBuildWorkerExecutor$ExecuteTasks.call(BuildOperationFiringBuildWorkerExecutor.java:54)
	at org.gradle.execution.BuildOperationFiringBuildWorkerExecutor$ExecuteTasks.call(BuildOperationFiringBuildWorkerExecutor.java:43)
	at org.gradle.internal.operations.DefaultBuildOperationRunner$CallableBuildOperationWorker.execute(DefaultBuildOperationRunner.java:210)
	at org.gradle.internal.operations.DefaultBuildOperationRunner$CallableBuildOperationWorker.execute(DefaultBuildOperationRunner.java:205)
	at org.gradle.internal.operations.DefaultBuildOperationRunner$2.execute(DefaultBuildOperationRunner.java:67)
	at org.gradle.internal.operations.DefaultBuildOperationRunner$2.execute(DefaultBuildOperationRunner.java:60)
	at org.gradle.internal.operations.DefaultBuildOperationRunner.execute(DefaultBuildOperationRunner.java:167)
	at org.gradle.internal.operations.DefaultBuildOperationRunner.execute(DefaultBuildOperationRunner.java:60)
	at org.gradle.internal.operations.DefaultBuildOperationRunner.call(DefaultBuildOperationRunner.java:54)
	at org.gradle.execution.BuildOperationFiringBuildWorkerExecutor.execute(BuildOperationFiringBuildWorkerExecutor.java:40)
	at org.gradle.internal.build.DefaultBuildLifecycleController.lambda$executeTasks$11(DefaultBuildLifecycleController.java:323)
	at org.gradle.internal.model.StateTransitionController.doTransition(StateTransitionController.java:304)
	at org.gradle.internal.model.StateTransitionController.lambda$tryTransition$9(StateTransitionController.java:215)
	at org.gradle.internal.work.DefaultSynchronizer.withLock(DefaultSynchronizer.java:45)
	at org.gradle.internal.model.StateTransitionController.tryTransition(StateTransitionController.java:215)
	at org.gradle.internal.build.DefaultBuildLifecycleController.executeTasks(DefaultBuildLifecycleController.java:314)
	at org.gradle.internal.build.DefaultBuildWorkGraphController$DefaultBuildWorkGraph.runWork(DefaultBuildWorkGraphController.java:220)
	at org.gradle.internal.work.DefaultWorkerLeaseService.lambda$runAndReleaseLocks$0(DefaultWorkerLeaseService.java:300)
	at org.gradle.internal.work.ResourceLockStatistics$1.measure(ResourceLockStatistics.java:43)
	at org.gradle.internal.work.DefaultWorkerLeaseService.runAndReleaseLocks(DefaultWorkerLeaseService.java:298)
	at org.gradle.internal.work.DefaultWorkerLeaseService.withLocksAcquired(DefaultWorkerLeaseService.java:294)
	at org.gradle.internal.work.DefaultWorkerLeaseService.withLocks(DefaultWorkerLeaseService.java:286)
	at org.gradle.internal.work.DefaultWorkerLeaseService.runAsWorkerThread(DefaultWorkerLeaseService.java:130)
	at org.gradle.composite.internal.DefaultBuildController.doRun(DefaultBuildController.java:182)
	at org.gradle.composite.internal.DefaultBuildController$BuildOpRunnable.lambda$run$0(DefaultBuildController.java:199)
	at org.gradle.internal.operations.CurrentBuildOperationRef.with(CurrentBuildOperationRef.java:84)
	at org.gradle.composite.internal.DefaultBuildController$BuildOpRunnable.run(DefaultBuildController.java:199)
	at java.base/java.util.concurrent.Executors$RunnableAdapter.call(Executors.java:572)
	at java.base/java.util.concurrent.FutureTask.run(FutureTask.java:317)
	at org.gradle.internal.concurrent.ExecutorPolicy$CatchAndRecordFailures.onExecute(ExecutorPolicy.java:64)
	at org.gradle.internal.concurrent.AbstractManagedExecutor$1.run(AbstractManagedExecutor.java:47)
	at java.base/java.util.concurrent.ThreadPoolExecutor.runWorker(ThreadPoolExecutor.java:1144)
	at java.base/java.util.concurrent.ThreadPoolExecutor$Worker.run(ThreadPoolExecutor.java:642)
	at java.base/java.lang.Thread.run(Thread.java:1583)

WARNING: D8: An error occurred when parsing kotlin metadata. This normally happens when using a newer version of kotlin than the kotlin version released when this version of R8 was created. To find compatible kotlin versions, please see: https://developer.android.com/studio/build/kotlin-d8-r8-versions
WARNING: D8: Unexpected error during rewriting of Kotlin metadata for class 'com.reelshort.plugin.ReelShortProvider$getMainPage$1':
com.android.tools.r8.internal.Os0: Should never be called
	at com.android.tools.r8.kotlin.a0.a(R8_8.7.18_f8bee6d6fb926b7ebb3b15bf98f726f9d57471456ea20fce6d17d9a020197688:2)
	at com.android.tools.r8.kotlin.Z.a(R8_8.7.18_f8bee6d6fb926b7ebb3b15bf98f726f9d57471456ea20fce6d17d9a020197688:185)
	at com.android.tools.r8.kotlin.Z.a(R8_8.7.18_f8bee6d6fb926b7ebb3b15bf98f726f9d57471456ea20fce6d17d9a020197688:184)
	at com.android.tools.r8.internal.ep0.a(R8_8.7.18_f8bee6d6fb926b7ebb3b15bf98f726f9d57471456ea20fce6d17d9a020197688:23)
	at com.android.tools.r8.internal.ep0.a(R8_8.7.18_f8bee6d6fb926b7ebb3b15bf98f726f9d57471456ea20fce6d17d9a020197688:34)
	at com.android.tools.r8.internal.ep0.a(R8_8.7.18_f8bee6d6fb926b7ebb3b15bf98f726f9d57471456ea20fce6d17d9a020197688:17)
	at com.google.common.util.concurrent.TrustedListenableFutureTask$TrustedFutureInterruptibleTask.runInterruptibly(TrustedListenableFutureTask.java:131)
	at com.google.common.util.concurrent.InterruptibleTask.run(InterruptibleTask.java:75)
	at com.google.common.util.concurrent.TrustedListenableFutureTask.run(TrustedListenableFutureTask.java:82)
	at com.google.common.util.concurrent.MoreExecutors$DirectExecutorService.execute(MoreExecutors.java:327)
	at java.base/java.util.concurrent.AbstractExecutorService.submit(AbstractExecutorService.java:145)
	at com.google.common.util.concurrent.AbstractListeningExecutorService.submit(AbstractListeningExecutorService.java:79)
	at com.google.common.util.concurrent.AbstractListeningExecutorService.submit(AbstractListeningExecutorService.java:37)
	at com.android.tools.r8.internal.fp0.submit(R8_8.7.18_f8bee6d6fb926b7ebb3b15bf98f726f9d57471456ea20fce6d17d9a020197688:1)
	at com.android.tools.r8.internal.Ro0.a(R8_8.7.18_f8bee6d6fb926b7ebb3b15bf98f726f9d57471456ea20fce6d17d9a020197688:1)
	at com.android.tools.r8.internal.ep0.a(R8_8.7.18_f8bee6d6fb926b7ebb3b15bf98f726f9d57471456ea20fce6d17d9a020197688:19)
	at com.android.tools.r8.internal.Yw.a(R8_8.7.18_f8bee6d6fb926b7ebb3b15bf98f726f9d57471456ea20fce6d17d9a020197688:3)
	at java.base/java.util.ArrayList.forEach(ArrayList.java:1596)
	at com.android.tools.r8.internal.Yw.a(R8_8.7.18_f8bee6d6fb926b7ebb3b15bf98f726f9d57471456ea20fce6d17d9a020197688:2)
	at com.android.tools.r8.internal.ep0.a(R8_8.7.18_f8bee6d6fb926b7ebb3b15bf98f726f9d57471456ea20fce6d17d9a020197688:10)
	at com.android.tools.r8.internal.ep0.a(R8_8.7.18_f8bee6d6fb926b7ebb3b15bf98f726f9d57471456ea20fce6d17d9a020197688:33)
	at com.android.tools.r8.internal.ep0.a(R8_8.7.18_f8bee6d6fb926b7ebb3b15bf98f726f9d57471456ea20fce6d17d9a020197688:25)
	at com.android.tools.r8.internal.ep0.a(R8_8.7.18_f8bee6d6fb926b7ebb3b15bf98f726f9d57471456ea20fce6d17d9a020197688:22)
	at com.android.tools.r8.K.a(R8_8.7.18_f8bee6d6fb926b7ebb3b15bf98f726f9d57471456ea20fce6d17d9a020197688:3)
	at com.android.tools.r8.kotlin.Z.a(R8_8.7.18_f8bee6d6fb926b7ebb3b15bf98f726f9d57471456ea20fce6d17d9a020197688:9)
	at com.android.tools.r8.D8.b(R8_8.7.18_f8bee6d6fb926b7ebb3b15bf98f726f9d57471456ea20fce6d17d9a020197688:17)
	at com.android.tools.r8.internal.Gp0.a(R8_8.7.18_f8bee6d6fb926b7ebb3b15bf98f726f9d57471456ea20fce6d17d9a020197688:57)
	at com.android.tools.r8.D8.a(R8_8.7.18_f8bee6d6fb926b7ebb3b15bf98f726f9d57471456ea20fce6d17d9a020197688:88)
	at com.android.tools.r8.D8.d(R8_8.7.18_f8bee6d6fb926b7ebb3b15bf98f726f9d57471456ea20fce6d17d9a020197688:137)
	at com.android.tools.r8.D8.b(R8_8.7.18_f8bee6d6fb926b7ebb3b15bf98f726f9d57471456ea20fce6d17d9a020197688:1)
	at com.android.tools.r8.internal.yu.a(R8_8.7.18_f8bee6d6fb926b7ebb3b15bf98f726f9d57471456ea20fce6d17d9a020197688:28)
	at com.android.tools.r8.internal.yu.b(R8_8.7.18_f8bee6d6fb926b7ebb3b15bf98f726f9d57471456ea20fce6d17d9a020197688:2)
	at com.android.tools.r8.D8.run(R8_8.7.18_f8bee6d6fb926b7ebb3b15bf98f726f9d57471456ea20fce6d17d9a020197688:11)
	at com.android.builder.dexing.D8DexArchiveBuilder.convert(D8DexArchiveBuilder.java:127)
	at com.android.builder.dexing.DexArchiveBuilder.convert$default(DexArchiveBuilder.kt:44)
	at com.lagradost.cloudstream3.gradle.tasks.CompileDexTask.compileDex(CompileDexTask.kt:88)
	at java.base/jdk.internal.reflect.DirectMethodHandleAccessor.invoke(DirectMethodHandleAccessor.java:103)
	at java.base/java.lang.reflect.Method.invoke(Method.java:580)
	at org.gradle.internal.reflect.JavaMethod.invoke(JavaMethod.java:125)
	at org.gradle.api.internal.project.taskfactory.StandardTaskAction.doExecute(StandardTaskAction.java:58)
	at org.gradle.api.internal.project.taskfactory.StandardTaskAction.execute(StandardTaskAction.java:51)
	at org.gradle.api.internal.project.taskfactory.StandardTaskAction.execute(StandardTaskAction.java:29)
	at org.gradle.api.internal.tasks.execution.TaskExecution$3.run(TaskExecution.java:259)
	at org.gradle.internal.operations.DefaultBuildOperationRunner$1.execute(DefaultBuildOperationRunner.java:30)
	at org.gradle.internal.operations.DefaultBuildOperationRunner$1.execute(DefaultBuildOperationRunner.java:27)
	at org.gradle.internal.operations.DefaultBuildOperationRunner$2.execute(DefaultBuildOperationRunner.java:67)
	at org.gradle.internal.operations.DefaultBuildOperationRunner$2.execute(DefaultBuildOperationRunner.java:60)
	at org.gradle.internal.operations.DefaultBuildOperationRunner.execute(DefaultBuildOperationRunner.java:167)
	at org.gradle.internal.operations.DefaultBuildOperationRunner.execute(DefaultBuildOperationRunner.java:60)
	at org.gradle.internal.operations.DefaultBuildOperationRunner.run(DefaultBuildOperationRunner.java:48)
	at org.gradle.api.internal.tasks.execution.TaskExecution.executeAction(TaskExecution.java:244)
	at org.gradle.api.internal.tasks.execution.TaskExecution.executeActions(TaskExecution.java:227)
	at org.gradle.api.internal.tasks.execution.TaskExecution.executeWithPreviousOutputFiles(TaskExecution.java:210)
	at org.gradle.api.internal.tasks.execution.TaskExecution.execute(TaskExecution.java:176)
	at org.gradle.internal.execution.steps.ExecuteStep.executeInternal(ExecuteStep.java:167)
	at org.gradle.internal.execution.steps.ExecuteStep.access$000(ExecuteStep.java:47)
	at org.gradle.internal.execution.steps.ExecuteStep$1.call(ExecuteStep.java:137)
	at org.gradle.internal.execution.steps.ExecuteStep$1.call(ExecuteStep.java:134)
	at org.gradle.internal.operations.DefaultBuildOperationRunner$CallableBuildOperationWorker.execute(DefaultBuildOperationRunner.java:210)
	at org.gradle.internal.operations.DefaultBuildOperationRunner$CallableBuildOperationWorker.execute(DefaultBuildOperationRunner.java:205)
	at org.gradle.internal.operations.DefaultBuildOperationRunner$2.execute(DefaultBuildOperationRunner.java:67)
	at org.gradle.internal.operations.DefaultBuildOperationRunner$2.execute(DefaultBuildOperationRunner.java:60)
	at org.gradle.internal.operations.DefaultBuildOperationRunner.execute(DefaultBuildOperationRunner.java:167)
	at org.gradle.internal.operations.DefaultBuildOperationRunner.execute(DefaultBuildOperationRunner.java:60)
	at org.gradle.internal.operations.DefaultBuildOperationRunner.call(DefaultBuildOperationRunner.java:54)
	at org.gradle.internal.execution.steps.ExecuteStep.execute(ExecuteStep.java:134)
	at org.gradle.internal.execution.steps.ExecuteStep$Mutable.execute(ExecuteStep.java:80)
	at org.gradle.internal.execution.steps.CancelExecutionStep.execute(CancelExecutionStep.java:42)
	at org.gradle.internal.execution.steps.TimeoutStep.executeWithoutTimeout(TimeoutStep.java:75)
	at org.gradle.internal.execution.steps.TimeoutStep.execute(TimeoutStep.java:55)
	at org.gradle.internal.execution.steps.PreCreateOutputParentsStep.execute(PreCreateOutputParentsStep.java:51)
	at org.gradle.internal.execution.steps.PreCreateOutputParentsStep.execute(PreCreateOutputParentsStep.java:29)
	at org.gradle.internal.execution.steps.RemovePreviousOutputsStep.executeMutable(RemovePreviousOutputsStep.java:67)
	at org.gradle.internal.execution.steps.RemovePreviousOutputsStep.executeMutable(RemovePreviousOutputsStep.java:39)
	at org.gradle.internal.execution.steps.MutableStep.execute(MutableStep.java:26)
	at org.gradle.internal.execution.steps.BroadcastChangingOutputsStep.execute(BroadcastChangingOutputsStep.java:42)
	at org.gradle.internal.execution.steps.BroadcastChangingOutputsStep.execute(BroadcastChangingOutputsStep.java:24)
	at org.gradle.internal.execution.steps.CaptureOutputsAfterExecutionStep.execute(CaptureOutputsAfterExecutionStep.java:69)
	at org.gradle.internal.execution.steps.CaptureOutputsAfterExecutionStep.execute(CaptureOutputsAfterExecutionStep.java:46)
	at org.gradle.internal.execution.steps.ResolveInputChangesStep.executeMutable(ResolveInputChangesStep.java:39)
	at org.gradle.internal.execution.steps.ResolveInputChangesStep.executeMutable(ResolveInputChangesStep.java:28)
	at org.gradle.internal.execution.steps.MutableStep.execute(MutableStep.java:26)
	at org.gradle.internal.execution.steps.BuildCacheStep.executeWithoutCache(BuildCacheStep.java:189)
	at org.gradle.internal.execution.steps.BuildCacheStep.lambda$execute$1(BuildCacheStep.java:76)
	at org.gradle.internal.Either$Right.fold(Either.java:176)
	at org.gradle.internal.execution.caching.CachingState.fold(CachingState.java:62)
	at org.gradle.internal.execution.steps.BuildCacheStep.execute(BuildCacheStep.java:74)
	at org.gradle.internal.execution.steps.BuildCacheStep.execute(BuildCacheStep.java:49)
	at org.gradle.internal.execution.steps.StoreExecutionStateStep.executeMutable(StoreExecutionStateStep.java:46)
	at org.gradle.internal.execution.steps.StoreExecutionStateStep.executeMutable(StoreExecutionStateStep.java:35)
	at org.gradle.internal.execution.steps.MutableStep.execute(MutableStep.java:26)
	at org.gradle.internal.execution.steps.SkipUpToDateStep.executeBecause(SkipUpToDateStep.java:75)
	at org.gradle.internal.execution.steps.SkipUpToDateStep.lambda$execute$2(SkipUpToDateStep.java:53)
	at java.base/java.util.Optional.orElseGet(Optional.java:364)
	at org.gradle.internal.execution.steps.SkipUpToDateStep.execute(SkipUpToDateStep.java:53)
	at org.gradle.internal.execution.steps.SkipUpToDateStep.execute(SkipUpToDateStep.java:35)
	at org.gradle.internal.execution.steps.legacy.MarkSnapshottingInputsFinishedStep.execute(MarkSnapshottingInputsFinishedStep.java:37)
	at org.gradle.internal.execution.steps.legacy.MarkSnapshottingInputsFinishedStep.execute(MarkSnapshottingInputsFinishedStep.java:27)
	at org.gradle.internal.execution.steps.ResolveMutableCachingStateStep.executeDelegate(ResolveMutableCachingStateStep.java:70)
	at org.gradle.internal.execution.steps.ResolveMutableCachingStateStep.executeDelegate(ResolveMutableCachingStateStep.java:32)
	at org.gradle.internal.execution.steps.AbstractResolveCachingStateStep.execute(AbstractResolveCachingStateStep.java:69)
	at org.gradle.internal.execution.steps.AbstractResolveCachingStateStep.execute(AbstractResolveCachingStateStep.java:37)
	at org.gradle.internal.execution.steps.ResolveChangesStep.executeMutable(ResolveChangesStep.java:63)
	at org.gradle.internal.execution.steps.ResolveChangesStep.executeMutable(ResolveChangesStep.java:34)
	at org.gradle.internal.execution.steps.MutableStep.execute(MutableStep.java:26)
	at org.gradle.internal.execution.steps.ValidateStep$Mutable.executeDelegate(ValidateStep.java:79)
	at org.gradle.internal.execution.steps.ValidateStep$Mutable.executeDelegate(ValidateStep.java:65)
	at org.gradle.internal.execution.steps.ValidateStep.execute(ValidateStep.java:105)
	at org.gradle.internal.execution.steps.ValidateStep$Mutable.execute(ValidateStep.java:65)
	at org.gradle.internal.execution.steps.CaptureMutableStateBeforeExecutionStep.executeMutable(CaptureMutableStateBeforeExecutionStep.java:86)
	at org.gradle.internal.execution.steps.CaptureMutableStateBeforeExecutionStep.execute(CaptureMutableStateBeforeExecutionStep.java:65)
	at org.gradle.internal.execution.steps.CaptureMutableStateBeforeExecutionStep.execute(CaptureMutableStateBeforeExecutionStep.java:45)
	at org.gradle.internal.execution.steps.SkipEmptyMutableWorkStep.executeWithNonEmptySources(SkipEmptyMutableWorkStep.java:210)
	at org.gradle.internal.execution.steps.SkipEmptyMutableWorkStep.executeMutable(SkipEmptyMutableWorkStep.java:90)
	at org.gradle.internal.execution.steps.SkipEmptyMutableWorkStep.executeMutable(SkipEmptyMutableWorkStep.java:53)
	at org.gradle.internal.execution.steps.MutableStep.execute(MutableStep.java:26)
	at org.gradle.internal.execution.steps.legacy.MarkSnapshottingInputsStartedStep.execute(MarkSnapshottingInputsStartedStep.java:38)
	at org.gradle.internal.execution.steps.LoadPreviousExecutionStateStep.executeMutable(LoadPreviousExecutionStateStep.java:36)
	at org.gradle.internal.execution.steps.LoadPreviousExecutionStateStep.executeMutable(LoadPreviousExecutionStateStep.java:23)
	at org.gradle.internal.execution.steps.MutableStep.execute(MutableStep.java:26)
	at org.gradle.internal.execution.steps.HandleStaleOutputsStep.executeMutable(HandleStaleOutputsStep.java:77)
	at org.gradle.internal.execution.steps.HandleStaleOutputsStep.executeMutable(HandleStaleOutputsStep.java:43)
	at org.gradle.internal.execution.steps.MutableStep.execute(MutableStep.java:26)
	at org.gradle.internal.execution.steps.AssignMutableWorkspaceStep.lambda$executeMutable$0(AssignMutableWorkspaceStep.java:34)
	at org.gradle.api.internal.tasks.execution.TaskExecution$4.withWorkspace(TaskExecution.java:305)
	at org.gradle.internal.execution.steps.AssignMutableWorkspaceStep.executeMutable(AssignMutableWorkspaceStep.java:30)
	at org.gradle.internal.execution.steps.AssignMutableWorkspaceStep.executeMutable(AssignMutableWorkspaceStep.java:21)
	at org.gradle.internal.execution.steps.MutableStep.execute(MutableStep.java:26)
	at org.gradle.internal.execution.steps.ChoosePipelineStep.execute(ChoosePipelineStep.java:40)
	at org.gradle.internal.execution.steps.ChoosePipelineStep.execute(ChoosePipelineStep.java:23)
	at org.gradle.internal.execution.steps.ExecuteWorkBuildOperationFiringStep.lambda$execute$2(ExecuteWorkBuildOperationFiringStep.java:67)
	at java.base/java.util.Optional.orElseGet(Optional.java:364)
	at org.gradle.internal.execution.steps.ExecuteWorkBuildOperationFiringStep.execute(ExecuteWorkBuildOperationFiringStep.java:67)
	at org.gradle.internal.execution.steps.ExecuteWorkBuildOperationFiringStep.execute(ExecuteWorkBuildOperationFiringStep.java:39)
	at org.gradle.internal.execution.steps.IdentityCacheStep.execute(IdentityCacheStep.java:46)
	at org.gradle.internal.execution.steps.IdentityCacheStep.execute(IdentityCacheStep.java:34)
	at org.gradle.internal.execution.steps.IdentifyStep.execute(IdentifyStep.java:56)
	at org.gradle.internal.execution.steps.IdentifyStep.execute(IdentifyStep.java:38)
	at org.gradle.internal.execution.impl.DefaultExecutionEngine$1.execute(DefaultExecutionEngine.java:68)
	at org.gradle.api.internal.tasks.execution.ExecuteActionsTaskExecuter.executeIfValid(ExecuteActionsTaskExecuter.java:132)
	at org.gradle.api.internal.tasks.execution.ExecuteActionsTaskExecuter.execute(ExecuteActionsTaskExecuter.java:121)
	at org.gradle.api.internal.tasks.execution.ProblemsTaskPathTrackingTaskExecuter.execute(ProblemsTaskPathTrackingTaskExecuter.java:41)
	at org.gradle.api.internal.tasks.execution.ResolveTaskExecutionModeExecuter.execute(ResolveTaskExecutionModeExecuter.java:51)
	at org.gradle.api.internal.tasks.execution.FinalizePropertiesTaskExecuter.execute(FinalizePropertiesTaskExecuter.java:46)
	at org.gradle.api.internal.tasks.execution.SkipTaskWithNoActionsExecuter.execute(SkipTaskWithNoActionsExecuter.java:57)
	at org.gradle.api.internal.tasks.execution.SkipOnlyIfTaskExecuter.execute(SkipOnlyIfTaskExecuter.java:74)
	at org.gradle.api.internal.tasks.execution.CatchExceptionTaskExecuter.execute(CatchExceptionTaskExecuter.java:36)
	at org.gradle.api.internal.tasks.execution.EventFiringTaskExecuter$1.executeTask(EventFiringTaskExecuter.java:77)
	at org.gradle.api.internal.tasks.execution.EventFiringTaskExecuter$1.call(EventFiringTaskExecuter.java:55)
	at org.gradle.api.internal.tasks.execution.EventFiringTaskExecuter$1.call(EventFiringTaskExecuter.java:52)
	at org.gradle.internal.operations.DefaultBuildOperationRunner$CallableBuildOperationWorker.execute(DefaultBuildOperationRunner.java:210)
	at org.gradle.internal.operations.DefaultBuildOperationRunner$CallableBuildOperationWorker.execute(DefaultBuildOperationRunner.java:205)
	at org.gradle.internal.operations.DefaultBuildOperationRunner$2.execute(DefaultBuildOperationRunner.java:67)
	at org.gradle.internal.operations.DefaultBuildOperationRunner$2.execute(DefaultBuildOperationRunner.java:60)
	at org.gradle.internal.operations.DefaultBuildOperationRunner.execute(DefaultBuildOperationRunner.java:167)
	at org.gradle.internal.operations.DefaultBuildOperationRunner.execute(DefaultBuildOperationRunner.java:60)
	at org.gradle.internal.operations.DefaultBuildOperationRunner.call(DefaultBuildOperationRunner.java:54)
	at org.gradle.api.internal.tasks.execution.EventFiringTaskExecuter.execute(EventFiringTaskExecuter.java:52)
	at org.gradle.execution.plan.DefaultNodeExecutor.executeLocalTaskNode(DefaultNodeExecutor.java:55)
	at org.gradle.execution.plan.DefaultNodeExecutor.execute(DefaultNodeExecutor.java:34)
	at org.gradle.execution.taskgraph.DefaultTaskExecutionGraph$InvokeNodeExecutorsAction.execute(DefaultTaskExecutionGraph.java:355)
	at org.gradle.execution.taskgraph.DefaultTaskExecutionGraph$InvokeNodeExecutorsAction.execute(DefaultTaskExecutionGraph.java:343)
	at org.gradle.execution.taskgraph.DefaultTaskExecutionGraph$BuildOperationAwareExecutionAction.lambda$execute$0(DefaultTaskExecutionGraph.java:339)
	at org.gradle.internal.operations.CurrentBuildOperationRef.with(CurrentBuildOperationRef.java:84)
	at org.gradle.execution.taskgraph.DefaultTaskExecutionGraph$BuildOperationAwareExecutionAction.execute(DefaultTaskExecutionGraph.java:339)
	at org.gradle.execution.taskgraph.DefaultTaskExecutionGraph$BuildOperationAwareExecutionAction.execute(DefaultTaskExecutionGraph.java:328)
	at org.gradle.execution.plan.DefaultPlanExecutor$ExecutorWorker.execute(DefaultPlanExecutor.java:459)
	at org.gradle.execution.plan.DefaultPlanExecutor$ExecutorWorker.run(DefaultPlanExecutor.java:376)
	at org.gradle.execution.plan.DefaultPlanExecutor.process(DefaultPlanExecutor.java:111)
	at org.gradle.execution.taskgraph.DefaultTaskExecutionGraph.executeWithServices(DefaultTaskExecutionGraph.java:146)
	at org.gradle.execution.taskgraph.DefaultTaskExecutionGraph.execute(DefaultTaskExecutionGraph.java:131)
	at org.gradle.execution.SelectedTaskExecutionAction.execute(SelectedTaskExecutionAction.java:35)
	at org.gradle.execution.BuildOperationFiringBuildWorkerExecutor$ExecuteTasks.call(BuildOperationFiringBuildWorkerExecutor.java:54)
	at org.gradle.execution.BuildOperationFiringBuildWorkerExecutor$ExecuteTasks.call(BuildOperationFiringBuildWorkerExecutor.java:43)
	at org.gradle.internal.operations.DefaultBuildOperationRunner$CallableBuildOperationWorker.execute(DefaultBuildOperationRunner.java:210)
	at org.gradle.internal.operations.DefaultBuildOperationRunner$CallableBuildOperationWorker.execute(DefaultBuildOperationRunner.java:205)
	at org.gradle.internal.operations.DefaultBuildOperationRunner$2.execute(DefaultBuildOperationRunner.java:67)
	at org.gradle.internal.operations.DefaultBuildOperationRunner$2.execute(DefaultBuildOperationRunner.java:60)
	at org.gradle.internal.operations.DefaultBuildOperationRunner.execute(DefaultBuildOperationRunner.java:167)
	at org.gradle.internal.operations.DefaultBuildOperationRunner.execute(DefaultBuildOperationRunner.java:60)
	at org.gradle.internal.operations.DefaultBuildOperationRunner.call(DefaultBuildOperationRunner.java:54)
	at org.gradle.execution.BuildOperationFiringBuildWorkerExecutor.execute(BuildOperationFiringBuildWorkerExecutor.java:40)
	at org.gradle.internal.build.DefaultBuildLifecycleController.lambda$executeTasks$11(DefaultBuildLifecycleController.java:323)
	at org.gradle.internal.model.StateTransitionController.doTransition(StateTransitionController.java:304)
	at org.gradle.internal.model.StateTransitionController.lambda$tryTransition$9(StateTransitionController.java:215)
	at org.gradle.internal.work.DefaultSynchronizer.withLock(DefaultSynchronizer.java:45)
	at org.gradle.internal.model.StateTransitionController.tryTransition(StateTransitionController.java:215)
	at org.gradle.internal.build.DefaultBuildLifecycleController.executeTasks(DefaultBuildLifecycleController.java:314)
	at org.gradle.internal.build.DefaultBuildWorkGraphController$DefaultBuildWorkGraph.runWork(DefaultBuildWorkGraphController.java:220)
	at org.gradle.internal.work.DefaultWorkerLeaseService.lambda$runAndReleaseLocks$0(DefaultWorkerLeaseService.java:300)
	at org.gradle.internal.work.ResourceLockStatistics$1.measure(ResourceLockStatistics.java:43)
	at org.gradle.internal.work.DefaultWorkerLeaseService.runAndReleaseLocks(DefaultWorkerLeaseService.java:298)
	at org.gradle.internal.work.DefaultWorkerLeaseService.withLocksAcquired(DefaultWorkerLeaseService.java:294)
	at org.gradle.internal.work.DefaultWorkerLeaseService.withLocks(DefaultWorkerLeaseService.java:286)
	at org.gradle.internal.work.DefaultWorkerLeaseService.runAsWorkerThread(DefaultWorkerLeaseService.java:130)
	at org.gradle.composite.internal.DefaultBuildController.doRun(DefaultBuildController.java:182)
	at org.gradle.composite.internal.DefaultBuildController$BuildOpRunnable.lambda$run$0(DefaultBuildController.java:199)
	at org.gradle.internal.operations.CurrentBuildOperationRef.with(CurrentBuildOperationRef.java:84)
	at org.gradle.composite.internal.DefaultBuildController$BuildOpRunnable.run(DefaultBuildController.java:199)
	at java.base/java.util.concurrent.Executors$RunnableAdapter.call(Executors.java:572)
	at java.base/java.util.concurrent.FutureTask.run(FutureTask.java:317)
	at org.gradle.internal.concurrent.ExecutorPolicy$CatchAndRecordFailures.onExecute(ExecutorPolicy.java:64)
	at org.gradle.internal.concurrent.AbstractManagedExecutor$1.run(AbstractManagedExecutor.java:47)
	at java.base/java.util.concurrent.ThreadPoolExecutor.runWorker(ThreadPoolExecutor.java:1144)
	at java.base/java.util.concurrent.ThreadPoolExecutor$Worker.run(ThreadPoolExecutor.java:642)
	at java.base/java.lang.Thread.run(Thread.java:1583)

WARNING: D8: An error occurred when parsing kotlin metadata. This normally happens when using a newer version of kotlin than the kotlin version released when this version of R8 was created. To find compatible kotlin versions, please see: https://developer.android.com/studio/build/kotlin-d8-r8-versions
WARNING: D8: Unexpected error during rewriting of Kotlin metadata for class 'com.reelshort.plugin.ReelShortProvider$loadLinks$1':
com.android.tools.r8.internal.Os0: Should never be called
	at com.android.tools.r8.kotlin.a0.a(R8_8.7.18_f8bee6d6fb926b7ebb3b15bf98f726f9d57471456ea20fce6d17d9a020197688:2)
	at com.android.tools.r8.kotlin.Z.a(R8_8.7.18_f8bee6d6fb926b7ebb3b15bf98f726f9d57471456ea20fce6d17d9a020197688:185)
	at com.android.tools.r8.kotlin.Z.a(R8_8.7.18_f8bee6d6fb926b7ebb3b15bf98f726f9d57471456ea20fce6d17d9a020197688:184)
	at com.android.tools.r8.internal.ep0.a(R8_8.7.18_f8bee6d6fb926b7ebb3b15bf98f726f9d57471456ea20fce6d17d9a020197688:23)
	at com.android.tools.r8.internal.ep0.a(R8_8.7.18_f8bee6d6fb926b7ebb3b15bf98f726f9d57471456ea20fce6d17d9a020197688:34)
	at com.android.tools.r8.internal.ep0.a(R8_8.7.18_f8bee6d6fb926b7ebb3b15bf98f726f9d57471456ea20fce6d17d9a020197688:17)
	at com.google.common.util.concurrent.TrustedListenableFutureTask$TrustedFutureInterruptibleTask.runInterruptibly(TrustedListenableFutureTask.java:131)
	at com.google.common.util.concurrent.InterruptibleTask.run(InterruptibleTask.java:75)
	at com.google.common.util.concurrent.TrustedListenableFutureTask.run(TrustedListenableFutureTask.java:82)
	at com.google.common.util.concurrent.MoreExecutors$DirectExecutorService.execute(MoreExecutors.java:327)
	at java.base/java.util.concurrent.AbstractExecutorService.submit(AbstractExecutorService.java:145)
	at com.google.common.util.concurrent.AbstractListeningExecutorService.submit(AbstractListeningExecutorService.java:79)
	at com.google.common.util.concurrent.AbstractListeningExecutorService.submit(AbstractListeningExecutorService.java:37)
	at com.android.tools.r8.internal.fp0.submit(R8_8.7.18_f8bee6d6fb926b7ebb3b15bf98f726f9d57471456ea20fce6d17d9a020197688:1)
	at com.android.tools.r8.internal.Ro0.a(R8_8.7.18_f8bee6d6fb926b7ebb3b15bf98f726f9d57471456ea20fce6d17d9a020197688:1)
	at com.android.tools.r8.internal.ep0.a(R8_8.7.18_f8bee6d6fb926b7ebb3b15bf98f726f9d57471456ea20fce6d17d9a020197688:19)
	at com.android.tools.r8.internal.Yw.a(R8_8.7.18_f8bee6d6fb926b7ebb3b15bf98f726f9d57471456ea20fce6d17d9a020197688:3)
	at java.base/java.util.ArrayList.forEach(ArrayList.java:1596)
	at com.android.tools.r8.internal.Yw.a(R8_8.7.18_f8bee6d6fb926b7ebb3b15bf98f726f9d57471456ea20fce6d17d9a020197688:2)
	at com.android.tools.r8.internal.ep0.a(R8_8.7.18_f8bee6d6fb926b7ebb3b15bf98f726f9d57471456ea20fce6d17d9a020197688:10)
	at com.android.tools.r8.internal.ep0.a(R8_8.7.18_f8bee6d6fb926b7ebb3b15bf98f726f9d57471456ea20fce6d17d9a020197688:33)
	at com.android.tools.r8.internal.ep0.a(R8_8.7.18_f8bee6d6fb926b7ebb3b15bf98f726f9d57471456ea20fce6d17d9a020197688:25)
	at com.android.tools.r8.internal.ep0.a(R8_8.7.18_f8bee6d6fb926b7ebb3b15bf98f726f9d57471456ea20fce6d17d9a020197688:22)
	at com.android.tools.r8.K.a(R8_8.7.18_f8bee6d6fb926b7ebb3b15bf98f726f9d57471456ea20fce6d17d9a020197688:3)
	at com.android.tools.r8.kotlin.Z.a(R8_8.7.18_f8bee6d6fb926b7ebb3b15bf98f726f9d57471456ea20fce6d17d9a020197688:9)
	at com.android.tools.r8.D8.b(R8_8.7.18_f8bee6d6fb926b7ebb3b15bf98f726f9d57471456ea20fce6d17d9a020197688:17)
	at com.android.tools.r8.internal.Gp0.a(R8_8.7.18_f8bee6d6fb926b7ebb3b15bf98f726f9d57471456ea20fce6d17d9a020197688:57)
	at com.android.tools.r8.D8.a(R8_8.7.18_f8bee6d6fb926b7ebb3b15bf98f726f9d57471456ea20fce6d17d9a020197688:88)
	at com.android.tools.r8.D8.d(R8_8.7.18_f8bee6d6fb926b7ebb3b15bf98f726f9d57471456ea20fce6d17d9a020197688:137)
	at com.android.tools.r8.D8.b(R8_8.7.18_f8bee6d6fb926b7ebb3b15bf98f726f9d57471456ea20fce6d17d9a020197688:1)
	at com.android.tools.r8.internal.yu.a(R8_8.7.18_f8bee6d6fb926b7ebb3b15bf98f726f9d57471456ea20fce6d17d9a020197688:28)
	at com.android.tools.r8.internal.yu.b(R8_8.7.18_f8bee6d6fb926b7ebb3b15bf98f726f9d57471456ea20fce6d17d9a020197688:2)
	at com.android.tools.r8.D8.run(R8_8.7.18_f8bee6d6fb926b7ebb3b15bf98f726f9d57471456ea20fce6d17d9a020197688:11)
	at com.android.builder.dexing.D8DexArchiveBuilder.convert(D8DexArchiveBuilder.java:127)
	at com.android.builder.dexing.DexArchiveBuilder.convert$default(DexArchiveBuilder.kt:44)
	at com.lagradost.cloudstream3.gradle.tasks.CompileDexTask.compileDex(CompileDexTask.kt:88)
	at java.base/jdk.internal.reflect.DirectMethodHandleAccessor.invoke(DirectMethodHandleAccessor.java:103)
	at java.base/java.lang.reflect.Method.invoke(Method.java:580)
	at org.gradle.internal.reflect.JavaMethod.invoke(JavaMethod.java:125)
	at org.gradle.api.internal.project.taskfactory.StandardTaskAction.doExecute(StandardTaskAction.java:58)
	at org.gradle.api.internal.project.taskfactory.StandardTaskAction.execute(StandardTaskAction.java:51)
	at org.gradle.api.internal.project.taskfactory.StandardTaskAction.execute(StandardTaskAction.java:29)
	at org.gradle.api.internal.tasks.execution.TaskExecution$3.run(TaskExecution.java:259)
	at org.gradle.internal.operations.DefaultBuildOperationRunner$1.execute(DefaultBuildOperationRunner.java:30)
	at org.gradle.internal.operations.DefaultBuildOperationRunner$1.execute(DefaultBuildOperationRunner.java:27)
	at org.gradle.internal.operations.DefaultBuildOperationRunner$2.execute(DefaultBuildOperationRunner.java:67)
	at org.gradle.internal.operations.DefaultBuildOperationRunner$2.execute(DefaultBuildOperationRunner.java:60)
	at org.gradle.internal.operations.DefaultBuildOperationRunner.execute(DefaultBuildOperationRunner.java:167)
	at org.gradle.internal.operations.DefaultBuildOperationRunner.execute(DefaultBuildOperationRunner.java:60)
	at org.gradle.internal.operations.DefaultBuildOperationRunner.run(DefaultBuildOperationRunner.java:48)
	at org.gradle.api.internal.tasks.execution.TaskExecution.executeAction(TaskExecution.java:244)
	at org.gradle.api.internal.tasks.execution.TaskExecution.executeActions(TaskExecution.java:227)
	at org.gradle.api.internal.tasks.execution.TaskExecution.executeWithPreviousOutputFiles(TaskExecution.java:210)
	at org.gradle.api.internal.tasks.execution.TaskExecution.execute(TaskExecution.java:176)
	at org.gradle.internal.execution.steps.ExecuteStep.executeInternal(ExecuteStep.java:167)
	at org.gradle.internal.execution.steps.ExecuteStep.access$000(ExecuteStep.java:47)
	at org.gradle.internal.execution.steps.ExecuteStep$1.call(ExecuteStep.java:137)
	at org.gradle.internal.execution.steps.ExecuteStep$1.call(ExecuteStep.java:134)
	at org.gradle.internal.operations.DefaultBuildOperationRunner$CallableBuildOperationWorker.execute(DefaultBuildOperationRunner.java:210)
	at org.gradle.internal.operations.DefaultBuildOperationRunner$CallableBuildOperationWorker.execute(DefaultBuildOperationRunner.java:205)
	at org.gradle.internal.operations.DefaultBuildOperationRunner$2.execute(DefaultBuildOperationRunner.java:67)
	at org.gradle.internal.operations.DefaultBuildOperationRunner$2.execute(DefaultBuildOperationRunner.java:60)
	at org.gradle.internal.operations.DefaultBuildOperationRunner.execute(DefaultBuildOperationRunner.java:167)
	at org.gradle.internal.operations.DefaultBuildOperationRunner.execute(DefaultBuildOperationRunner.java:60)
	at org.gradle.internal.operations.DefaultBuildOperationRunner.call(DefaultBuildOperationRunner.java:54)
	at org.gradle.internal.execution.steps.ExecuteStep.execute(ExecuteStep.java:134)
	at org.gradle.internal.execution.steps.ExecuteStep$Mutable.execute(ExecuteStep.java:80)
	at org.gradle.internal.execution.steps.CancelExecutionStep.execute(CancelExecutionStep.java:42)
	at org.gradle.internal.execution.steps.TimeoutStep.executeWithoutTimeout(TimeoutStep.java:75)
	at org.gradle.internal.execution.steps.TimeoutStep.execute(TimeoutStep.java:55)
	at org.gradle.internal.execution.steps.PreCreateOutputParentsStep.execute(PreCreateOutputParentsStep.java:51)
	at org.gradle.internal.execution.steps.PreCreateOutputParentsStep.execute(PreCreateOutputParentsStep.java:29)
	at org.gradle.internal.execution.steps.RemovePreviousOutputsStep.executeMutable(RemovePreviousOutputsStep.java:67)
	at org.gradle.internal.execution.steps.RemovePreviousOutputsStep.executeMutable(RemovePreviousOutputsStep.java:39)
	at org.gradle.internal.execution.steps.MutableStep.execute(MutableStep.java:26)
	at org.gradle.internal.execution.steps.BroadcastChangingOutputsStep.execute(BroadcastChangingOutputsStep.java:42)
	at org.gradle.internal.execution.steps.BroadcastChangingOutputsStep.execute(BroadcastChangingOutputsStep.java:24)
	at org.gradle.internal.execution.steps.CaptureOutputsAfterExecutionStep.execute(CaptureOutputsAfterExecutionStep.java:69)
	at org.gradle.internal.execution.steps.CaptureOutputsAfterExecutionStep.execute(CaptureOutputsAfterExecutionStep.java:46)
	at org.gradle.internal.execution.steps.ResolveInputChangesStep.executeMutable(ResolveInputChangesStep.java:39)
	at org.gradle.internal.execution.steps.ResolveInputChangesStep.executeMutable(ResolveInputChangesStep.java:28)
	at org.gradle.internal.execution.steps.MutableStep.execute(MutableStep.java:26)
	at org.gradle.internal.execution.steps.BuildCacheStep.executeWithoutCache(BuildCacheStep.java:189)
	at org.gradle.internal.execution.steps.BuildCacheStep.lambda$execute$1(BuildCacheStep.java:76)
	at org.gradle.internal.Either$Right.fold(Either.java:176)
	at org.gradle.internal.execution.caching.CachingState.fold(CachingState.java:62)
	at org.gradle.internal.execution.steps.BuildCacheStep.execute(BuildCacheStep.java:74)
	at org.gradle.internal.execution.steps.BuildCacheStep.execute(BuildCacheStep.java:49)
	at org.gradle.internal.execution.steps.StoreExecutionStateStep.executeMutable(StoreExecutionStateStep.java:46)
	at org.gradle.internal.execution.steps.StoreExecutionStateStep.executeMutable(StoreExecutionStateStep.java:35)
	at org.gradle.internal.execution.steps.MutableStep.execute(MutableStep.java:26)
	at org.gradle.internal.execution.steps.SkipUpToDateStep.executeBecause(SkipUpToDateStep.java:75)
	at org.gradle.internal.execution.steps.SkipUpToDateStep.lambda$execute$2(SkipUpToDateStep.java:53)
	at java.base/java.util.Optional.orElseGet(Optional.java:364)
	at org.gradle.internal.execution.steps.SkipUpToDateStep.execute(SkipUpToDateStep.java:53)
	at org.gradle.internal.execution.steps.SkipUpToDateStep.execute(SkipUpToDateStep.java:35)
	at org.gradle.internal.execution.steps.legacy.MarkSnapshottingInputsFinishedStep.execute(MarkSnapshottingInputsFinishedStep.java:37)
	at org.gradle.internal.execution.steps.legacy.MarkSnapshottingInputsFinishedStep.execute(MarkSnapshottingInputsFinishedStep.java:27)
	at org.gradle.internal.execution.steps.ResolveMutableCachingStateStep.executeDelegate(ResolveMutableCachingStateStep.java:70)
	at org.gradle.internal.execution.steps.ResolveMutableCachingStateStep.executeDelegate(ResolveMutableCachingStateStep.java:32)
	at org.gradle.internal.execution.steps.AbstractResolveCachingStateStep.execute(AbstractResolveCachingStateStep.java:69)
	at org.gradle.internal.execution.steps.AbstractResolveCachingStateStep.execute(AbstractResolveCachingStateStep.java:37)
	at org.gradle.internal.execution.steps.ResolveChangesStep.executeMutable(ResolveChangesStep.java:63)
	at org.gradle.internal.execution.steps.ResolveChangesStep.executeMutable(ResolveChangesStep.java:34)
	at org.gradle.internal.execution.steps.MutableStep.execute(MutableStep.java:26)
	at org.gradle.internal.execution.steps.ValidateStep$Mutable.executeDelegate(ValidateStep.java:79)
	at org.gradle.internal.execution.steps.ValidateStep$Mutable.executeDelegate(ValidateStep.java:65)
	at org.gradle.internal.execution.steps.ValidateStep.execute(ValidateStep.java:105)
	at org.gradle.internal.execution.steps.ValidateStep$Mutable.execute(ValidateStep.java:65)
	at org.gradle.internal.execution.steps.CaptureMutableStateBeforeExecutionStep.executeMutable(CaptureMutableStateBeforeExecutionStep.java:86)
	at org.gradle.internal.execution.steps.CaptureMutableStateBeforeExecutionStep.execute(CaptureMutableStateBeforeExecutionStep.java:65)
	at org.gradle.internal.execution.steps.CaptureMutableStateBeforeExecutionStep.execute(CaptureMutableStateBeforeExecutionStep.java:45)
	at org.gradle.internal.execution.steps.SkipEmptyMutableWorkStep.executeWithNonEmptySources(SkipEmptyMutableWorkStep.java:210)
	at org.gradle.internal.execution.steps.SkipEmptyMutableWorkStep.executeMutable(SkipEmptyMutableWorkStep.java:90)
	at org.gradle.internal.execution.steps.SkipEmptyMutableWorkStep.executeMutable(SkipEmptyMutableWorkStep.java:53)
	at org.gradle.internal.execution.steps.MutableStep.execute(MutableStep.java:26)
	at org.gradle.internal.execution.steps.legacy.MarkSnapshottingInputsStartedStep.execute(MarkSnapshottingInputsStartedStep.java:38)
	at org.gradle.internal.execution.steps.LoadPreviousExecutionStateStep.executeMutable(LoadPreviousExecutionStateStep.java:36)
	at org.gradle.internal.execution.steps.LoadPreviousExecutionStateStep.executeMutable(LoadPreviousExecutionStateStep.java:23)
	at org.gradle.internal.execution.steps.MutableStep.execute(MutableStep.java:26)
	at org.gradle.internal.execution.steps.HandleStaleOutputsStep.executeMutable(HandleStaleOutputsStep.java:77)
	at org.gradle.internal.execution.steps.HandleStaleOutputsStep.executeMutable(HandleStaleOutputsStep.java:43)
	at org.gradle.internal.execution.steps.MutableStep.execute(MutableStep.java:26)
	at org.gradle.internal.execution.steps.AssignMutableWorkspaceStep.lambda$executeMutable$0(AssignMutableWorkspaceStep.java:34)
	at org.gradle.api.internal.tasks.execution.TaskExecution$4.withWorkspace(TaskExecution.java:305)
	at org.gradle.internal.execution.steps.AssignMutableWorkspaceStep.executeMutable(AssignMutableWorkspaceStep.java:30)
	at org.gradle.internal.execution.steps.AssignMutableWorkspaceStep.executeMutable(AssignMutableWorkspaceStep.java:21)
	at org.gradle.internal.execution.steps.MutableStep.execute(MutableStep.java:26)
	at org.gradle.internal.execution.steps.ChoosePipelineStep.execute(ChoosePipelineStep.java:40)
	at org.gradle.internal.execution.steps.ChoosePipelineStep.execute(ChoosePipelineStep.java:23)
	at org.gradle.internal.execution.steps.ExecuteWorkBuildOperationFiringStep.lambda$execute$2(ExecuteWorkBuildOperationFiringStep.java:67)
	at java.base/java.util.Optional.orElseGet(Optional.java:364)
	at org.gradle.internal.execution.steps.ExecuteWorkBuildOperationFiringStep.execute(ExecuteWorkBuildOperationFiringStep.java:67)
	at org.gradle.internal.execution.steps.ExecuteWorkBuildOperationFiringStep.execute(ExecuteWorkBuildOperationFiringStep.java:39)
	at org.gradle.internal.execution.steps.IdentityCacheStep.execute(IdentityCacheStep.java:46)
	at org.gradle.internal.execution.steps.IdentityCacheStep.execute(IdentityCacheStep.java:34)
	at org.gradle.internal.execution.steps.IdentifyStep.execute(IdentifyStep.java:56)
	at org.gradle.internal.execution.steps.IdentifyStep.execute(IdentifyStep.java:38)
	at org.gradle.internal.execution.impl.DefaultExecutionEngine$1.execute(DefaultExecutionEngine.java:68)
	at org.gradle.api.internal.tasks.execution.ExecuteActionsTaskExecuter.executeIfValid(ExecuteActionsTaskExecuter.java:132)
	at org.gradle.api.internal.tasks.execution.ExecuteActionsTaskExecuter.execute(ExecuteActionsTaskExecuter.java:121)
	at org.gradle.api.internal.tasks.execution.ProblemsTaskPathTrackingTaskExecuter.execute(ProblemsTaskPathTrackingTaskExecuter.java:41)
	at org.gradle.api.internal.tasks.execution.ResolveTaskExecutionModeExecuter.execute(ResolveTaskExecutionModeExecuter.java:51)
	at org.gradle.api.internal.tasks.execution.FinalizePropertiesTaskExecuter.execute(FinalizePropertiesTaskExecuter.java:46)
	at org.gradle.api.internal.tasks.execution.SkipTaskWithNoActionsExecuter.execute(SkipTaskWithNoActionsExecuter.java:57)
	at org.gradle.api.internal.tasks.execution.SkipOnlyIfTaskExecuter.execute(SkipOnlyIfTaskExecuter.java:74)
	at org.gradle.api.internal.tasks.execution.CatchExceptionTaskExecuter.execute(CatchExceptionTaskExecuter.java:36)
	at org.gradle.api.internal.tasks.execution.EventFiringTaskExecuter$1.executeTask(EventFiringTaskExecuter.java:77)
	at org.gradle.api.internal.tasks.execution.EventFiringTaskExecuter$1.call(EventFiringTaskExecuter.java:55)
	at org.gradle.api.internal.tasks.execution.EventFiringTaskExecuter$1.call(EventFiringTaskExecuter.java:52)
	at org.gradle.internal.operations.DefaultBuildOperationRunner$CallableBuildOperationWorker.execute(DefaultBuildOperationRunner.java:210)
	at org.gradle.internal.operations.DefaultBuildOperationRunner$CallableBuildOperationWorker.execute(DefaultBuildOperationRunner.java:205)
	at org.gradle.internal.operations.DefaultBuildOperationRunner$2.execute(DefaultBuildOperationRunner.java:67)
	at org.gradle.internal.operations.DefaultBuildOperationRunner$2.execute(DefaultBuildOperationRunner.java:60)
	at org.gradle.internal.operations.DefaultBuildOperationRunner.execute(DefaultBuildOperationRunner.java:167)
	at org.gradle.internal.operations.DefaultBuildOperationRunner.execute(DefaultBuildOperationRunner.java:60)
	at org.gradle.internal.operations.DefaultBuildOperationRunner.call(DefaultBuildOperationRunner.java:54)
	at org.gradle.api.internal.tasks.execution.EventFiringTaskExecuter.execute(EventFiringTaskExecuter.java:52)
	at org.gradle.execution.plan.DefaultNodeExecutor.executeLocalTaskNode(DefaultNodeExecutor.java:55)
	at org.gradle.execution.plan.DefaultNodeExecutor.execute(DefaultNodeExecutor.java:34)
	at org.gradle.execution.taskgraph.DefaultTaskExecutionGraph$InvokeNodeExecutorsAction.execute(DefaultTaskExecutionGraph.java:355)
	at org.gradle.execution.taskgraph.DefaultTaskExecutionGraph$InvokeNodeExecutorsAction.execute(DefaultTaskExecutionGraph.java:343)
	at org.gradle.execution.taskgraph.DefaultTaskExecutionGraph$BuildOperationAwareExecutionAction.lambda$execute$0(DefaultTaskExecutionGraph.java:339)
	at org.gradle.internal.operations.CurrentBuildOperationRef.with(CurrentBuildOperationRef.java:84)
	at org.gradle.execution.taskgraph.DefaultTaskExecutionGraph$BuildOperationAwareExecutionAction.execute(DefaultTaskExecutionGraph.java:339)
	at org.gradle.execution.taskgraph.DefaultTaskExecutionGraph$BuildOperationAwareExecutionAction.execute(DefaultTaskExecutionGraph.java:328)
	at org.gradle.execution.plan.DefaultPlanExecutor$ExecutorWorker.execute(DefaultPlanExecutor.java:459)
	at org.gradle.execution.plan.DefaultPlanExecutor$ExecutorWorker.run(DefaultPlanExecutor.java:376)
	at org.gradle.execution.plan.DefaultPlanExecutor.process(DefaultPlanExecutor.java:111)
	at org.gradle.execution.taskgraph.DefaultTaskExecutionGraph.executeWithServices(DefaultTaskExecutionGraph.java:146)
	at org.gradle.execution.taskgraph.DefaultTaskExecutionGraph.execute(DefaultTaskExecutionGraph.java:131)
	at org.gradle.execution.SelectedTaskExecutionAction.execute(SelectedTaskExecutionAction.java:35)
	at org.gradle.execution.BuildOperationFiringBuildWorkerExecutor$ExecuteTasks.call(BuildOperationFiringBuildWorkerExecutor.java:54)
	at org.gradle.execution.BuildOperationFiringBuildWorkerExecutor$ExecuteTasks.call(BuildOperationFiringBuildWorkerExecutor.java:43)
	at org.gradle.internal.operations.DefaultBuildOperationRunner$CallableBuildOperationWorker.execute(DefaultBuildOperationRunner.java:210)
	at org.gradle.internal.operations.DefaultBuildOperationRunner$CallableBuildOperationWorker.execute(DefaultBuildOperationRunner.java:205)
	at org.gradle.internal.operations.DefaultBuildOperationRunner$2.execute(DefaultBuildOperationRunner.java:67)
	at org.gradle.internal.operations.DefaultBuildOperationRunner$2.execute(DefaultBuildOperationRunner.java:60)
	at org.gradle.internal.operations.DefaultBuildOperationRunner.execute(DefaultBuildOperationRunner.java:167)
	at org.gradle.internal.operations.DefaultBuildOperationRunner.execute(DefaultBuildOperationRunner.java:60)
	at org.gradle.internal.operations.DefaultBuildOperationRunner.call(DefaultBuildOperationRunner.java:54)
	at org.gradle.execution.BuildOperationFiringBuildWorkerExecutor.execute(BuildOperationFiringBuildWorkerExecutor.java:40)
	at org.gradle.internal.build.DefaultBuildLifecycleController.lambda$executeTasks$11(DefaultBuildLifecycleController.java:323)
	at org.gradle.internal.model.StateTransitionController.doTransition(StateTransitionController.java:304)
	at org.gradle.internal.model.StateTransitionController.lambda$tryTransition$9(StateTransitionController.java:215)
	at org.gradle.internal.work.DefaultSynchronizer.withLock(DefaultSynchronizer.java:45)
	at org.gradle.internal.model.StateTransitionController.tryTransition(StateTransitionController.java:215)
	at org.gradle.internal.build.DefaultBuildLifecycleController.executeTasks(DefaultBuildLifecycleController.java:314)
	at org.gradle.internal.build.DefaultBuildWorkGraphController$DefaultBuildWorkGraph.runWork(DefaultBuildWorkGraphController.java:220)
	at org.gradle.internal.work.DefaultWorkerLeaseService.lambda$runAndReleaseLocks$0(DefaultWorkerLeaseService.java:300)
	at org.gradle.internal.work.ResourceLockStatistics$1.measure(ResourceLockStatistics.java:43)
	at org.gradle.internal.work.DefaultWorkerLeaseService.runAndReleaseLocks(DefaultWorkerLeaseService.java:298)
	at org.gradle.internal.work.DefaultWorkerLeaseService.withLocksAcquired(DefaultWorkerLeaseService.java:294)
	at org.gradle.internal.work.DefaultWorkerLeaseService.withLocks(DefaultWorkerLeaseService.java:286)
	at org.gradle.internal.work.DefaultWorkerLeaseService.runAsWorkerThread(DefaultWorkerLeaseService.java:130)
	at org.gradle.composite.internal.DefaultBuildController.doRun(DefaultBuildController.java:182)
	at org.gradle.composite.internal.DefaultBuildController$BuildOpRunnable.lambda$run$0(DefaultBuildController.java:199)
	at org.gradle.internal.operations.CurrentBuildOperationRef.with(CurrentBuildOperationRef.java:84)
	at org.gradle.composite.internal.DefaultBuildController$BuildOpRunnable.run(DefaultBuildController.java:199)
	at java.base/java.util.concurrent.Executors$RunnableAdapter.call(Executors.java:572)
	at java.base/java.util.concurrent.FutureTask.run(FutureTask.java:317)
	at org.gradle.internal.concurrent.ExecutorPolicy$CatchAndRecordFailures.onExecute(ExecutorPolicy.java:64)
	at org.gradle.internal.concurrent.AbstractManagedExecutor$1.run(AbstractManagedExecutor.java:47)
	at java.base/java.util.concurrent.ThreadPoolExecutor.runWorker(ThreadPoolExecutor.java:1144)
	at java.base/java.util.concurrent.ThreadPoolExecutor$Worker.run(ThreadPoolExecutor.java:642)
	at java.base/java.lang.Thread.run(Thread.java:1583)

WARNING: D8: An error occurred when parsing kotlin metadata. This normally happens when using a newer version of kotlin than the kotlin version released when this version of R8 was created. To find compatible kotlin versions, please see: https://developer.android.com/studio/build/kotlin-d8-r8-versions
WARNING: D8: Unexpected error during rewriting of Kotlin metadata for class 'com.reelshort.plugin.ReelShortProvider$loadLinks$2':
com.android.tools.r8.internal.Os0: Should never be called
	at com.android.tools.r8.kotlin.a0.a(R8_8.7.18_f8bee6d6fb926b7ebb3b15bf98f726f9d57471456ea20fce6d17d9a020197688:2)
	at com.android.tools.r8.kotlin.Z.a(R8_8.7.18_f8bee6d6fb926b7ebb3b15bf98f726f9d57471456ea20fce6d17d9a020197688:185)
	at com.android.tools.r8.kotlin.Z.a(R8_8.7.18_f8bee6d6fb926b7ebb3b15bf98f726f9d57471456ea20fce6d17d9a020197688:184)
	at com.android.tools.r8.internal.ep0.a(R8_8.7.18_f8bee6d6fb926b7ebb3b15bf98f726f9d57471456ea20fce6d17d9a020197688:23)
	at com.android.tools.r8.internal.ep0.a(R8_8.7.18_f8bee6d6fb926b7ebb3b15bf98f726f9d57471456ea20fce6d17d9a020197688:34)
	at com.android.tools.r8.internal.ep0.a(R8_8.7.18_f8bee6d6fb926b7ebb3b15bf98f726f9d57471456ea20fce6d17d9a020197688:17)
	at com.google.common.util.concurrent.TrustedListenableFutureTask$TrustedFutureInterruptibleTask.runInterruptibly(TrustedListenableFutureTask.java:131)
	at com.google.common.util.concurrent.InterruptibleTask.run(InterruptibleTask.java:75)
	at com.google.common.util.concurrent.TrustedListenableFutureTask.run(TrustedListenableFutureTask.java:82)
	at com.google.common.util.concurrent.MoreExecutors$DirectExecutorService.execute(MoreExecutors.java:327)
	at java.base/java.util.concurrent.AbstractExecutorService.submit(AbstractExecutorService.java:145)
	at com.google.common.util.concurrent.AbstractListeningExecutorService.submit(AbstractListeningExecutorService.java:79)
	at com.google.common.util.concurrent.AbstractListeningExecutorService.submit(AbstractListeningExecutorService.java:37)
	at com.android.tools.r8.internal.fp0.submit(R8_8.7.18_f8bee6d6fb926b7ebb3b15bf98f726f9d57471456ea20fce6d17d9a020197688:1)
	at com.android.tools.r8.internal.Ro0.a(R8_8.7.18_f8bee6d6fb926b7ebb3b15bf98f726f9d57471456ea20fce6d17d9a020197688:1)
	at com.android.tools.r8.internal.ep0.a(R8_8.7.18_f8bee6d6fb926b7ebb3b15bf98f726f9d57471456ea20fce6d17d9a020197688:19)
	at com.android.tools.r8.internal.Yw.a(R8_8.7.18_f8bee6d6fb926b7ebb3b15bf98f726f9d57471456ea20fce6d17d9a020197688:3)
	at java.base/java.util.ArrayList.forEach(ArrayList.java:1596)
	at com.android.tools.r8.internal.Yw.a(R8_8.7.18_f8bee6d6fb926b7ebb3b15bf98f726f9d57471456ea20fce6d17d9a020197688:2)
	at com.android.tools.r8.internal.ep0.a(R8_8.7.18_f8bee6d6fb926b7ebb3b15bf98f726f9d57471456ea20fce6d17d9a020197688:10)
	at com.android.tools.r8.internal.ep0.a(R8_8.7.18_f8bee6d6fb926b7ebb3b15bf98f726f9d57471456ea20fce6d17d9a020197688:33)
	at com.android.tools.r8.internal.ep0.a(R8_8.7.18_f8bee6d6fb926b7ebb3b15bf98f726f9d57471456ea20fce6d17d9a020197688:25)
	at com.android.tools.r8.internal.ep0.a(R8_8.7.18_f8bee6d6fb926b7ebb3b15bf98f726f9d57471456ea20fce6d17d9a020197688:22)
	at com.android.tools.r8.K.a(R8_8.7.18_f8bee6d6fb926b7ebb3b15bf98f726f9d57471456ea20fce6d17d9a020197688:3)
	at com.android.tools.r8.kotlin.Z.a(R8_8.7.18_f8bee6d6fb926b7ebb3b15bf98f726f9d57471456ea20fce6d17d9a020197688:9)
	at com.android.tools.r8.D8.b(R8_8.7.18_f8bee6d6fb926b7ebb3b15bf98f726f9d57471456ea20fce6d17d9a020197688:17)
	at com.android.tools.r8.internal.Gp0.a(R8_8.7.18_f8bee6d6fb926b7ebb3b15bf98f726f9d57471456ea20fce6d17d9a020197688:57)
	at com.android.tools.r8.D8.a(R8_8.7.18_f8bee6d6fb926b7ebb3b15bf98f726f9d57471456ea20fce6d17d9a020197688:88)
	at com.android.tools.r8.D8.d(R8_8.7.18_f8bee6d6fb926b7ebb3b15bf98f726f9d57471456ea20fce6d17d9a020197688:137)
	at com.android.tools.r8.D8.b(R8_8.7.18_f8bee6d6fb926b7ebb3b15bf98f726f9d57471456ea20fce6d17d9a020197688:1)
	at com.android.tools.r8.internal.yu.a(R8_8.7.18_f8bee6d6fb926b7ebb3b15bf98f726f9d57471456ea20fce6d17d9a020197688:28)
	at com.android.tools.r8.internal.yu.b(R8_8.7.18_f8bee6d6fb926b7ebb3b15bf98f726f9d57471456ea20fce6d17d9a020197688:2)
	at com.android.tools.r8.D8.run(R8_8.7.18_f8bee6d6fb926b7ebb3b15bf98f726f9d57471456ea20fce6d17d9a020197688:11)
	at com.android.builder.dexing.D8DexArchiveBuilder.convert(D8DexArchiveBuilder.java:127)
	at com.android.builder.dexing.DexArchiveBuilder.convert$default(DexArchiveBuilder.kt:44)
	at com.lagradost.cloudstream3.gradle.tasks.CompileDexTask.compileDex(CompileDexTask.kt:88)
	at java.base/jdk.internal.reflect.DirectMethodHandleAccessor.invoke(DirectMethodHandleAccessor.java:103)
	at java.base/java.lang.reflect.Method.invoke(Method.java:580)
	at org.gradle.internal.reflect.JavaMethod.invoke(JavaMethod.java:125)
	at org.gradle.api.internal.project.taskfactory.StandardTaskAction.doExecute(StandardTaskAction.java:58)
	at org.gradle.api.internal.project.taskfactory.StandardTaskAction.execute(StandardTaskAction.java:51)
	at org.gradle.api.internal.project.taskfactory.StandardTaskAction.execute(StandardTaskAction.java:29)
	at org.gradle.api.internal.tasks.execution.TaskExecution$3.run(TaskExecution.java:259)
	at org.gradle.internal.operations.DefaultBuildOperationRunner$1.execute(DefaultBuildOperationRunner.java:30)
	at org.gradle.internal.operations.DefaultBuildOperationRunner$1.execute(DefaultBuildOperationRunner.java:27)
	at org.gradle.internal.operations.DefaultBuildOperationRunner$2.execute(DefaultBuildOperationRunner.java:67)
	at org.gradle.internal.operations.DefaultBuildOperationRunner$2.execute(DefaultBuildOperationRunner.java:60)
	at org.gradle.internal.operations.DefaultBuildOperationRunner.execute(DefaultBuildOperationRunner.java:167)
	at org.gradle.internal.operations.DefaultBuildOperationRunner.execute(DefaultBuildOperationRunner.java:60)
	at org.gradle.internal.operations.DefaultBuildOperationRunner.run(DefaultBuildOperationRunner.java:48)
	at org.gradle.api.internal.tasks.execution.TaskExecution.executeAction(TaskExecution.java:244)
	at org.gradle.api.internal.tasks.execution.TaskExecution.executeActions(TaskExecution.java:227)
	at org.gradle.api.internal.tasks.execution.TaskExecution.executeWithPreviousOutputFiles(TaskExecution.java:210)
	at org.gradle.api.internal.tasks.execution.TaskExecution.execute(TaskExecution.java:176)
	at org.gradle.internal.execution.steps.ExecuteStep.executeInternal(ExecuteStep.java:167)
	at org.gradle.internal.execution.steps.ExecuteStep.access$000(ExecuteStep.java:47)
	at org.gradle.internal.execution.steps.ExecuteStep$1.call(ExecuteStep.java:137)
	at org.gradle.internal.execution.steps.ExecuteStep$1.call(ExecuteStep.java:134)
	at org.gradle.internal.operations.DefaultBuildOperationRunner$CallableBuildOperationWorker.execute(DefaultBuildOperationRunner.java:210)
	at org.gradle.internal.operations.DefaultBuildOperationRunner$CallableBuildOperationWorker.execute(DefaultBuildOperationRunner.java:205)
	at org.gradle.internal.operations.DefaultBuildOperationRunner$2.execute(DefaultBuildOperationRunner.java:67)
	at org.gradle.internal.operations.DefaultBuildOperationRunner$2.execute(DefaultBuildOperationRunner.java:60)
	at org.gradle.internal.operations.DefaultBuildOperationRunner.execute(DefaultBuildOperationRunner.java:167)
	at org.gradle.internal.operations.DefaultBuildOperationRunner.execute(DefaultBuildOperationRunner.java:60)
	at org.gradle.internal.operations.DefaultBuildOperationRunner.call(DefaultBuildOperationRunner.java:54)
	at org.gradle.internal.execution.steps.ExecuteStep.execute(ExecuteStep.java:134)
	at org.gradle.internal.execution.steps.ExecuteStep$Mutable.execute(ExecuteStep.java:80)
	at org.gradle.internal.execution.steps.CancelExecutionStep.execute(CancelExecutionStep.java:42)
	at org.gradle.internal.execution.steps.TimeoutStep.executeWithoutTimeout(TimeoutStep.java:75)
	at org.gradle.internal.execution.steps.TimeoutStep.execute(TimeoutStep.java:55)
	at org.gradle.internal.execution.steps.PreCreateOutputParentsStep.execute(PreCreateOutputParentsStep.java:51)
	at org.gradle.internal.execution.steps.PreCreateOutputParentsStep.execute(PreCreateOutputParentsStep.java:29)
	at org.gradle.internal.execution.steps.RemovePreviousOutputsStep.executeMutable(RemovePreviousOutputsStep.java:67)
	at org.gradle.internal.execution.steps.RemovePreviousOutputsStep.executeMutable(RemovePreviousOutputsStep.java:39)
	at org.gradle.internal.execution.steps.MutableStep.execute(MutableStep.java:26)
	at org.gradle.internal.execution.steps.BroadcastChangingOutputsStep.execute(BroadcastChangingOutputsStep.java:42)
	at org.gradle.internal.execution.steps.BroadcastChangingOutputsStep.execute(BroadcastChangingOutputsStep.java:24)
	at org.gradle.internal.execution.steps.CaptureOutputsAfterExecutionStep.execute(CaptureOutputsAfterExecutionStep.java:69)
	at org.gradle.internal.execution.steps.CaptureOutputsAfterExecutionStep.execute(CaptureOutputsAfterExecutionStep.java:46)
	at org.gradle.internal.execution.steps.ResolveInputChangesStep.executeMutable(ResolveInputChangesStep.java:39)
	at org.gradle.internal.execution.steps.ResolveInputChangesStep.executeMutable(ResolveInputChangesStep.java:28)
	at org.gradle.internal.execution.steps.MutableStep.execute(MutableStep.java:26)
	at org.gradle.internal.execution.steps.BuildCacheStep.executeWithoutCache(BuildCacheStep.java:189)
	at org.gradle.internal.execution.steps.BuildCacheStep.lambda$execute$1(BuildCacheStep.java:76)
	at org.gradle.internal.Either$Right.fold(Either.java:176)
	at org.gradle.internal.execution.caching.CachingState.fold(CachingState.java:62)
	at org.gradle.internal.execution.steps.BuildCacheStep.execute(BuildCacheStep.java:74)
	at org.gradle.internal.execution.steps.BuildCacheStep.execute(BuildCacheStep.java:49)
	at org.gradle.internal.execution.steps.StoreExecutionStateStep.executeMutable(StoreExecutionStateStep.java:46)
	at org.gradle.internal.execution.steps.StoreExecutionStateStep.executeMutable(StoreExecutionStateStep.java:35)
	at org.gradle.internal.execution.steps.MutableStep.execute(MutableStep.java:26)
	at org.gradle.internal.execution.steps.SkipUpToDateStep.executeBecause(SkipUpToDateStep.java:75)
	at org.gradle.internal.execution.steps.SkipUpToDateStep.lambda$execute$2(SkipUpToDateStep.java:53)
	at java.base/java.util.Optional.orElseGet(Optional.java:364)
	at org.gradle.internal.execution.steps.SkipUpToDateStep.execute(SkipUpToDateStep.java:53)
	at org.gradle.internal.execution.steps.SkipUpToDateStep.execute(SkipUpToDateStep.java:35)
	at org.gradle.internal.execution.steps.legacy.MarkSnapshottingInputsFinishedStep.execute(MarkSnapshottingInputsFinishedStep.java:37)
	at org.gradle.internal.execution.steps.legacy.MarkSnapshottingInputsFinishedStep.execute(MarkSnapshottingInputsFinishedStep.java:27)
	at org.gradle.internal.execution.steps.ResolveMutableCachingStateStep.executeDelegate(ResolveMutableCachingStateStep.java:70)
	at org.gradle.internal.execution.steps.ResolveMutableCachingStateStep.executeDelegate(ResolveMutableCachingStateStep.java:32)
	at org.gradle.internal.execution.steps.AbstractResolveCachingStateStep.execute(AbstractResolveCachingStateStep.java:69)
	at org.gradle.internal.execution.steps.AbstractResolveCachingStateStep.execute(AbstractResolveCachingStateStep.java:37)
	at org.gradle.internal.execution.steps.ResolveChangesStep.executeMutable(ResolveChangesStep.java:63)
	at org.gradle.internal.execution.steps.ResolveChangesStep.executeMutable(ResolveChangesStep.java:34)
	at org.gradle.internal.execution.steps.MutableStep.execute(MutableStep.java:26)
	at org.gradle.internal.execution.steps.ValidateStep$Mutable.executeDelegate(ValidateStep.java:79)
	at org.gradle.internal.execution.steps.ValidateStep$Mutable.executeDelegate(ValidateStep.java:65)
	at org.gradle.internal.execution.steps.ValidateStep.execute(ValidateStep.java:105)
	at org.gradle.internal.execution.steps.ValidateStep$Mutable.execute(ValidateStep.java:65)
	at org.gradle.internal.execution.steps.CaptureMutableStateBeforeExecutionStep.executeMutable(CaptureMutableStateBeforeExecutionStep.java:86)
	at org.gradle.internal.execution.steps.CaptureMutableStateBeforeExecutionStep.execute(CaptureMutableStateBeforeExecutionStep.java:65)
	at org.gradle.internal.execution.steps.CaptureMutableStateBeforeExecutionStep.execute(CaptureMutableStateBeforeExecutionStep.java:45)
	at org.gradle.internal.execution.steps.SkipEmptyMutableWorkStep.executeWithNonEmptySources(SkipEmptyMutableWorkStep.java:210)
	at org.gradle.internal.execution.steps.SkipEmptyMutableWorkStep.executeMutable(SkipEmptyMutableWorkStep.java:90)
	at org.gradle.internal.execution.steps.SkipEmptyMutableWorkStep.executeMutable(SkipEmptyMutableWorkStep.java:53)
	at org.gradle.internal.execution.steps.MutableStep.execute(MutableStep.java:26)
	at org.gradle.internal.execution.steps.legacy.MarkSnapshottingInputsStartedStep.execute(MarkSnapshottingInputsStartedStep.java:38)
	at org.gradle.internal.execution.steps.LoadPreviousExecutionStateStep.executeMutable(LoadPreviousExecutionStateStep.java:36)
	at org.gradle.internal.execution.steps.LoadPreviousExecutionStateStep.executeMutable(LoadPreviousExecutionStateStep.java:23)
	at org.gradle.internal.execution.steps.MutableStep.execute(MutableStep.java:26)
	at org.gradle.internal.execution.steps.HandleStaleOutputsStep.executeMutable(HandleStaleOutputsStep.java:77)
	at org.gradle.internal.execution.steps.HandleStaleOutputsStep.executeMutable(HandleStaleOutputsStep.java:43)
	at org.gradle.internal.execution.steps.MutableStep.execute(MutableStep.java:26)
	at org.gradle.internal.execution.steps.AssignMutableWorkspaceStep.lambda$executeMutable$0(AssignMutableWorkspaceStep.java:34)
	at org.gradle.api.internal.tasks.execution.TaskExecution$4.withWorkspace(TaskExecution.java:305)
	at org.gradle.internal.execution.steps.AssignMutableWorkspaceStep.executeMutable(AssignMutableWorkspaceStep.java:30)
	at org.gradle.internal.execution.steps.AssignMutableWorkspaceStep.executeMutable(AssignMutableWorkspaceStep.java:21)
	at org.gradle.internal.execution.steps.MutableStep.execute(MutableStep.java:26)
	at org.gradle.internal.execution.steps.ChoosePipelineStep.execute(ChoosePipelineStep.java:40)
	at org.gradle.internal.execution.steps.ChoosePipelineStep.execute(ChoosePipelineStep.java:23)
	at org.gradle.internal.execution.steps.ExecuteWorkBuildOperationFiringStep.lambda$execute$2(ExecuteWorkBuildOperationFiringStep.java:67)
	at java.base/java.util.Optional.orElseGet(Optional.java:364)
	at org.gradle.internal.execution.steps.ExecuteWorkBuildOperationFiringStep.execute(ExecuteWorkBuildOperationFiringStep.java:67)
	at org.gradle.internal.execution.steps.ExecuteWorkBuildOperationFiringStep.execute(ExecuteWorkBuildOperationFiringStep.java:39)
	at org.gradle.internal.execution.steps.IdentityCacheStep.execute(IdentityCacheStep.java:46)
	at org.gradle.internal.execution.steps.IdentityCacheStep.execute(IdentityCacheStep.java:34)
	at org.gradle.internal.execution.steps.IdentifyStep.execute(IdentifyStep.java:56)
	at org.gradle.internal.execution.steps.IdentifyStep.execute(IdentifyStep.java:38)
	at org.gradle.internal.execution.impl.DefaultExecutionEngine$1.execute(DefaultExecutionEngine.java:68)
	at org.gradle.api.internal.tasks.execution.ExecuteActionsTaskExecuter.executeIfValid(ExecuteActionsTaskExecuter.java:132)
	at org.gradle.api.internal.tasks.execution.ExecuteActionsTaskExecuter.execute(ExecuteActionsTaskExecuter.java:121)
	at org.gradle.api.internal.tasks.execution.ProblemsTaskPathTrackingTaskExecuter.execute(ProblemsTaskPathTrackingTaskExecuter.java:41)
	at org.gradle.api.internal.tasks.execution.ResolveTaskExecutionModeExecuter.execute(ResolveTaskExecutionModeExecuter.java:51)
	at org.gradle.api.internal.tasks.execution.FinalizePropertiesTaskExecuter.execute(FinalizePropertiesTaskExecuter.java:46)
	at org.gradle.api.internal.tasks.execution.SkipTaskWithNoActionsExecuter.execute(SkipTaskWithNoActionsExecuter.java:57)
	at org.gradle.api.internal.tasks.execution.SkipOnlyIfTaskExecuter.execute(SkipOnlyIfTaskExecuter.java:74)
	at org.gradle.api.internal.tasks.execution.CatchExceptionTaskExecuter.execute(CatchExceptionTaskExecuter.java:36)
	at org.gradle.api.internal.tasks.execution.EventFiringTaskExecuter$1.executeTask(EventFiringTaskExecuter.java:77)
	at org.gradle.api.internal.tasks.execution.EventFiringTaskExecuter$1.call(EventFiringTaskExecuter.java:55)
	at org.gradle.api.internal.tasks.execution.EventFiringTaskExecuter$1.call(EventFiringTaskExecuter.java:52)
	at org.gradle.internal.operations.DefaultBuildOperationRunner$CallableBuildOperationWorker.execute(DefaultBuildOperationRunner.java:210)
	at org.gradle.internal.operations.DefaultBuildOperationRunner$CallableBuildOperationWorker.execute(DefaultBuildOperationRunner.java:205)
	at org.gradle.internal.operations.DefaultBuildOperationRunner$2.execute(DefaultBuildOperationRunner.java:67)
	at org.gradle.internal.operations.DefaultBuildOperationRunner$2.execute(DefaultBuildOperationRunner.java:60)
	at org.gradle.internal.operations.DefaultBuildOperationRunner.execute(DefaultBuildOperationRunner.java:167)
	at org.gradle.internal.operations.DefaultBuildOperationRunner.execute(DefaultBuildOperationRunner.java:60)
	at org.gradle.internal.operations.DefaultBuildOperationRunner.call(DefaultBuildOperationRunner.java:54)
	at org.gradle.api.internal.tasks.execution.EventFiringTaskExecuter.execute(EventFiringTaskExecuter.java:52)
	at org.gradle.execution.plan.DefaultNodeExecutor.executeLocalTaskNode(DefaultNodeExecutor.java:55)
	at org.gradle.execution.plan.DefaultNodeExecutor.execute(DefaultNodeExecutor.java:34)
	at org.gradle.execution.taskgraph.DefaultTaskExecutionGraph$InvokeNodeExecutorsAction.execute(DefaultTaskExecutionGraph.java:355)
	at org.gradle.execution.taskgraph.DefaultTaskExecutionGraph$InvokeNodeExecutorsAction.execute(DefaultTaskExecutionGraph.java:343)
	at org.gradle.execution.taskgraph.DefaultTaskExecutionGraph$BuildOperationAwareExecutionAction.lambda$execute$0(DefaultTaskExecutionGraph.java:339)
	at org.gradle.internal.operations.CurrentBuildOperationRef.with(CurrentBuildOperationRef.java:84)
	at org.gradle.execution.taskgraph.DefaultTaskExecutionGraph$BuildOperationAwareExecutionAction.execute(DefaultTaskExecutionGraph.java:339)
	at org.gradle.execution.taskgraph.DefaultTaskExecutionGraph$BuildOperationAwareExecutionAction.execute(DefaultTaskExecutionGraph.java:328)
	at org.gradle.execution.plan.DefaultPlanExecutor$ExecutorWorker.execute(DefaultPlanExecutor.java:459)
	at org.gradle.execution.plan.DefaultPlanExecutor$ExecutorWorker.run(DefaultPlanExecutor.java:376)
	at org.gradle.execution.plan.DefaultPlanExecutor.process(DefaultPlanExecutor.java:111)
	at org.gradle.execution.taskgraph.DefaultTaskExecutionGraph.executeWithServices(DefaultTaskExecutionGraph.java:146)
	at org.gradle.execution.taskgraph.DefaultTaskExecutionGraph.execute(DefaultTaskExecutionGraph.java:131)
	at org.gradle.execution.SelectedTaskExecutionAction.execute(SelectedTaskExecutionAction.java:35)
	at org.gradle.execution.BuildOperationFiringBuildWorkerExecutor$ExecuteTasks.call(BuildOperationFiringBuildWorkerExecutor.java:54)
	at org.gradle.execution.BuildOperationFiringBuildWorkerExecutor$ExecuteTasks.call(BuildOperationFiringBuildWorkerExecutor.java:43)
	at org.gradle.internal.operations.DefaultBuildOperationRunner$CallableBuildOperationWorker.execute(DefaultBuildOperationRunner.java:210)
	at org.gradle.internal.operations.DefaultBuildOperationRunner$CallableBuildOperationWorker.execute(DefaultBuildOperationRunner.java:205)
	at org.gradle.internal.operations.DefaultBuildOperationRunner$2.execute(DefaultBuildOperationRunner.java:67)
	at org.gradle.internal.operations.DefaultBuildOperationRunner$2.execute(DefaultBuildOperationRunner.java:60)
	at org.gradle.internal.operations.DefaultBuildOperationRunner.execute(DefaultBuildOperationRunner.java:167)
	at org.gradle.internal.operations.DefaultBuildOperationRunner.execute(DefaultBuildOperationRunner.java:60)
	at org.gradle.internal.operations.DefaultBuildOperationRunner.call(DefaultBuildOperationRunner.java:54)
	at org.gradle.execution.BuildOperationFiringBuildWorkerExecutor.execute(BuildOperationFiringBuildWorkerExecutor.java:40)
	at org.gradle.internal.build.DefaultBuildLifecycleController.lambda$executeTasks$11(DefaultBuildLifecycleController.java:323)
	at org.gradle.internal.model.StateTransitionController.doTransition(StateTransitionController.java:304)
	at org.gradle.internal.model.StateTransitionController.lambda$tryTransition$9(StateTransitionController.java:215)
	at org.gradle.internal.work.DefaultSynchronizer.withLock(DefaultSynchronizer.java:45)
	at org.gradle.internal.model.StateTransitionController.tryTransition(StateTransitionController.java:215)
	at org.gradle.internal.build.DefaultBuildLifecycleController.executeTasks(DefaultBuildLifecycleController.java:314)
	at org.gradle.internal.build.DefaultBuildWorkGraphController$DefaultBuildWorkGraph.runWork(DefaultBuildWorkGraphController.java:220)
	at org.gradle.internal.work.DefaultWorkerLeaseService.lambda$runAndReleaseLocks$0(DefaultWorkerLeaseService.java:300)
	at org.gradle.internal.work.ResourceLockStatistics$1.measure(ResourceLockStatistics.java:43)
	at org.gradle.internal.work.DefaultWorkerLeaseService.runAndReleaseLocks(DefaultWorkerLeaseService.java:298)
	at org.gradle.internal.work.DefaultWorkerLeaseService.withLocksAcquired(DefaultWorkerLeaseService.java:294)
	at org.gradle.internal.work.DefaultWorkerLeaseService.withLocks(DefaultWorkerLeaseService.java:286)
	at org.gradle.internal.work.DefaultWorkerLeaseService.runAsWorkerThread(DefaultWorkerLeaseService.java:130)
	at org.gradle.composite.internal.DefaultBuildController.doRun(DefaultBuildController.java:182)
	at org.gradle.composite.internal.DefaultBuildController$BuildOpRunnable.lambda$run$0(DefaultBuildController.java:199)
	at org.gradle.internal.operations.CurrentBuildOperationRef.with(CurrentBuildOperationRef.java:84)
	at org.gradle.composite.internal.DefaultBuildController$BuildOpRunnable.run(DefaultBuildController.java:199)
	at java.base/java.util.concurrent.Executors$RunnableAdapter.call(Executors.java:572)
	at java.base/java.util.concurrent.FutureTask.run(FutureTask.java:317)
	at org.gradle.internal.concurrent.ExecutorPolicy$CatchAndRecordFailures.onExecute(ExecutorPolicy.java:64)
	at org.gradle.internal.concurrent.AbstractManagedExecutor$1.run(AbstractManagedExecutor.java:47)
	at java.base/java.util.concurrent.ThreadPoolExecutor.runWorker(ThreadPoolExecutor.java:1144)
	at java.base/java.util.concurrent.ThreadPoolExecutor$Worker.run(ThreadPoolExecutor.java:642)
	at java.base/java.lang.Thread.run(Thread.java:1583)

WARNING: D8: An error occurred when parsing kotlin metadata. This normally happens when using a newer version of kotlin than the kotlin version released when this version of R8 was created. To find compatible kotlin versions, please see: https://developer.android.com/studio/build/kotlin-d8-r8-versions
WARNING: D8: Unexpected error during rewriting of Kotlin metadata for class 'com.reelshort.plugin.ReelShortProvider$search$1':
com.android.tools.r8.internal.Os0: Should never be called
	at com.android.tools.r8.kotlin.a0.a(R8_8.7.18_f8bee6d6fb926b7ebb3b15bf98f726f9d57471456ea20fce6d17d9a020197688:2)
	at com.android.tools.r8.kotlin.Z.a(R8_8.7.18_f8bee6d6fb926b7ebb3b15bf98f726f9d57471456ea20fce6d17d9a020197688:185)
	at com.android.tools.r8.kotlin.Z.a(R8_8.7.18_f8bee6d6fb926b7ebb3b15bf98f726f9d57471456ea20fce6d17d9a020197688:184)
	at com.android.tools.r8.internal.ep0.a(R8_8.7.18_f8bee6d6fb926b7ebb3b15bf98f726f9d57471456ea20fce6d17d9a020197688:23)
	at com.android.tools.r8.internal.ep0.a(R8_8.7.18_f8bee6d6fb926b7ebb3b15bf98f726f9d57471456ea20fce6d17d9a020197688:34)
	at com.android.tools.r8.internal.ep0.a(R8_8.7.18_f8bee6d6fb926b7ebb3b15bf98f726f9d57471456ea20fce6d17d9a020197688:17)
	at com.google.common.util.concurrent.TrustedListenableFutureTask$TrustedFutureInterruptibleTask.runInterruptibly(TrustedListenableFutureTask.java:131)
	at com.google.common.util.concurrent.InterruptibleTask.run(InterruptibleTask.java:75)
	at com.google.common.util.concurrent.TrustedListenableFutureTask.run(TrustedListenableFutureTask.java:82)
	at com.google.common.util.concurrent.MoreExecutors$DirectExecutorService.execute(MoreExecutors.java:327)
	at java.base/java.util.concurrent.AbstractExecutorService.submit(AbstractExecutorService.java:145)
	at com.google.common.util.concurrent.AbstractListeningExecutorService.submit(AbstractListeningExecutorService.java:79)
	at com.google.common.util.concurrent.AbstractListeningExecutorService.submit(AbstractListeningExecutorService.java:37)
	at com.android.tools.r8.internal.fp0.submit(R8_8.7.18_f8bee6d6fb926b7ebb3b15bf98f726f9d57471456ea20fce6d17d9a020197688:1)
	at com.android.tools.r8.internal.Ro0.a(R8_8.7.18_f8bee6d6fb926b7ebb3b15bf98f726f9d57471456ea20fce6d17d9a020197688:1)
	at com.android.tools.r8.internal.ep0.a(R8_8.7.18_f8bee6d6fb926b7ebb3b15bf98f726f9d57471456ea20fce6d17d9a020197688:19)
	at com.android.tools.r8.internal.Yw.a(R8_8.7.18_f8bee6d6fb926b7ebb3b15bf98f726f9d57471456ea20fce6d17d9a020197688:3)
	at java.base/java.util.ArrayList.forEach(ArrayList.java:1596)
	at com.android.tools.r8.internal.Yw.a(R8_8.7.18_f8bee6d6fb926b7ebb3b15bf98f726f9d57471456ea20fce6d17d9a020197688:2)
	at com.android.tools.r8.internal.ep0.a(R8_8.7.18_f8bee6d6fb926b7ebb3b15bf98f726f9d57471456ea20fce6d17d9a020197688:10)
	at com.android.tools.r8.internal.ep0.a(R8_8.7.18_f8bee6d6fb926b7ebb3b15bf98f726f9d57471456ea20fce6d17d9a020197688:33)
	at com.android.tools.r8.internal.ep0.a(R8_8.7.18_f8bee6d6fb926b7ebb3b15bf98f726f9d57471456ea20fce6d17d9a020197688:25)
	at com.android.tools.r8.internal.ep0.a(R8_8.7.18_f8bee6d6fb926b7ebb3b15bf98f726f9d57471456ea20fce6d17d9a020197688:22)
	at com.android.tools.r8.K.a(R8_8.7.18_f8bee6d6fb926b7ebb3b15bf98f726f9d57471456ea20fce6d17d9a020197688:3)
	at com.android.tools.r8.kotlin.Z.a(R8_8.7.18_f8bee6d6fb926b7ebb3b15bf98f726f9d57471456ea20fce6d17d9a020197688:9)
	at com.android.tools.r8.D8.b(R8_8.7.18_f8bee6d6fb926b7ebb3b15bf98f726f9d57471456ea20fce6d17d9a020197688:17)
	at com.android.tools.r8.internal.Gp0.a(R8_8.7.18_f8bee6d6fb926b7ebb3b15bf98f726f9d57471456ea20fce6d17d9a020197688:57)
	at com.android.tools.r8.D8.a(R8_8.7.18_f8bee6d6fb926b7ebb3b15bf98f726f9d57471456ea20fce6d17d9a020197688:88)
	at com.android.tools.r8.D8.d(R8_8.7.18_f8bee6d6fb926b7ebb3b15bf98f726f9d57471456ea20fce6d17d9a020197688:137)
	at com.android.tools.r8.D8.b(R8_8.7.18_f8bee6d6fb926b7ebb3b15bf98f726f9d57471456ea20fce6d17d9a020197688:1)
	at com.android.tools.r8.internal.yu.a(R8_8.7.18_f8bee6d6fb926b7ebb3b15bf98f726f9d57471456ea20fce6d17d9a020197688:28)
	at com.android.tools.r8.internal.yu.b(R8_8.7.18_f8bee6d6fb926b7ebb3b15bf98f726f9d57471456ea20fce6d17d9a020197688:2)
	at com.android.tools.r8.D8.run(R8_8.7.18_f8bee6d6fb926b7ebb3b15bf98f726f9d57471456ea20fce6d17d9a020197688:11)
	at com.android.builder.dexing.D8DexArchiveBuilder.convert(D8DexArchiveBuilder.java:127)
	at com.android.builder.dexing.DexArchiveBuilder.convert$default(DexArchiveBuilder.kt:44)
	at com.lagradost.cloudstream3.gradle.tasks.CompileDexTask.compileDex(CompileDexTask.kt:88)
	at java.base/jdk.internal.reflect.DirectMethodHandleAccessor.invoke(DirectMethodHandleAccessor.java:103)
	at java.base/java.lang.reflect.Method.invoke(Method.java:580)
	at org.gradle.internal.reflect.JavaMethod.invoke(JavaMethod.java:125)
	at org.gradle.api.internal.project.taskfactory.StandardTaskAction.doExecute(StandardTaskAction.java:58)
	at org.gradle.api.internal.project.taskfactory.StandardTaskAction.execute(StandardTaskAction.java:51)
	at org.gradle.api.internal.project.taskfactory.StandardTaskAction.execute(StandardTaskAction.java:29)
	at org.gradle.api.internal.tasks.execution.TaskExecution$3.run(TaskExecution.java:259)
	at org.gradle.internal.operations.DefaultBuildOperationRunner$1.execute(DefaultBuildOperationRunner.java:30)
	at org.gradle.internal.operations.DefaultBuildOperationRunner$1.execute(DefaultBuildOperationRunner.java:27)
	at org.gradle.internal.operations.DefaultBuildOperationRunner$2.execute(DefaultBuildOperationRunner.java:67)
	at org.gradle.internal.operations.DefaultBuildOperationRunner$2.execute(DefaultBuildOperationRunner.java:60)
	at org.gradle.internal.operations.DefaultBuildOperationRunner.execute(DefaultBuildOperationRunner.java:167)
	at org.gradle.internal.operations.DefaultBuildOperationRunner.execute(DefaultBuildOperationRunner.java:60)
	at org.gradle.internal.operations.DefaultBuildOperationRunner.run(DefaultBuildOperationRunner.java:48)
	at org.gradle.api.internal.tasks.execution.TaskExecution.executeAction(TaskExecution.java:244)
	at org.gradle.api.internal.tasks.execution.TaskExecution.executeActions(TaskExecution.java:227)
	at org.gradle.api.internal.tasks.execution.TaskExecution.executeWithPreviousOutputFiles(TaskExecution.java:210)
	at org.gradle.api.internal.tasks.execution.TaskExecution.execute(TaskExecution.java:176)
	at org.gradle.internal.execution.steps.ExecuteStep.executeInternal(ExecuteStep.java:167)
	at org.gradle.internal.execution.steps.ExecuteStep.access$000(ExecuteStep.java:47)
	at org.gradle.internal.execution.steps.ExecuteStep$1.call(ExecuteStep.java:137)
	at org.gradle.internal.execution.steps.ExecuteStep$1.call(ExecuteStep.java:134)
	at org.gradle.internal.operations.DefaultBuildOperationRunner$CallableBuildOperationWorker.execute(DefaultBuildOperationRunner.java:210)
	at org.gradle.internal.operations.DefaultBuildOperationRunner$CallableBuildOperationWorker.execute(DefaultBuildOperationRunner.java:205)
	at org.gradle.internal.operations.DefaultBuildOperationRunner$2.execute(DefaultBuildOperationRunner.java:67)
	at org.gradle.internal.operations.DefaultBuildOperationRunner$2.execute(DefaultBuildOperationRunner.java:60)
	at org.gradle.internal.operations.DefaultBuildOperationRunner.execute(DefaultBuildOperationRunner.java:167)
	at org.gradle.internal.operations.DefaultBuildOperationRunner.execute(DefaultBuildOperationRunner.java:60)
	at org.gradle.internal.operations.DefaultBuildOperationRunner.call(DefaultBuildOperationRunner.java:54)
	at org.gradle.internal.execution.steps.ExecuteStep.execute(ExecuteStep.java:134)
	at org.gradle.internal.execution.steps.ExecuteStep$Mutable.execute(ExecuteStep.java:80)
	at org.gradle.internal.execution.steps.CancelExecutionStep.execute(CancelExecutionStep.java:42)
	at org.gradle.internal.execution.steps.TimeoutStep.executeWithoutTimeout(TimeoutStep.java:75)
	at org.gradle.internal.execution.steps.TimeoutStep.execute(TimeoutStep.java:55)
	at org.gradle.internal.execution.steps.PreCreateOutputParentsStep.execute(PreCreateOutputParentsStep.java:51)
	at org.gradle.internal.execution.steps.PreCreateOutputParentsStep.execute(PreCreateOutputParentsStep.java:29)
	at org.gradle.internal.execution.steps.RemovePreviousOutputsStep.executeMutable(RemovePreviousOutputsStep.java:67)
	at org.gradle.internal.execution.steps.RemovePreviousOutputsStep.executeMutable(RemovePreviousOutputsStep.java:39)
	at org.gradle.internal.execution.steps.MutableStep.execute(MutableStep.java:26)
	at org.gradle.internal.execution.steps.BroadcastChangingOutputsStep.execute(BroadcastChangingOutputsStep.java:42)
	at org.gradle.internal.execution.steps.BroadcastChangingOutputsStep.execute(BroadcastChangingOutputsStep.java:24)
	at org.gradle.internal.execution.steps.CaptureOutputsAfterExecutionStep.execute(CaptureOutputsAfterExecutionStep.java:69)
	at org.gradle.internal.execution.steps.CaptureOutputsAfterExecutionStep.execute(CaptureOutputsAfterExecutionStep.java:46)
	at org.gradle.internal.execution.steps.ResolveInputChangesStep.executeMutable(ResolveInputChangesStep.java:39)
	at org.gradle.internal.execution.steps.ResolveInputChangesStep.executeMutable(ResolveInputChangesStep.java:28)
	at org.gradle.internal.execution.steps.MutableStep.execute(MutableStep.java:26)
	at org.gradle.internal.execution.steps.BuildCacheStep.executeWithoutCache(BuildCacheStep.java:189)
	at org.gradle.internal.execution.steps.BuildCacheStep.lambda$execute$1(BuildCacheStep.java:76)
	at org.gradle.internal.Either$Right.fold(Either.java:176)
	at org.gradle.internal.execution.caching.CachingState.fold(CachingState.java:62)
	at org.gradle.internal.execution.steps.BuildCacheStep.execute(BuildCacheStep.java:74)
	at org.gradle.internal.execution.steps.BuildCacheStep.execute(BuildCacheStep.java:49)
	at org.gradle.internal.execution.steps.StoreExecutionStateStep.executeMutable(StoreExecutionStateStep.java:46)
	at org.gradle.internal.execution.steps.StoreExecutionStateStep.executeMutable(StoreExecutionStateStep.java:35)
	at org.gradle.internal.execution.steps.MutableStep.execute(MutableStep.java:26)
	at org.gradle.internal.execution.steps.SkipUpToDateStep.executeBecause(SkipUpToDateStep.java:75)
	at org.gradle.internal.execution.steps.SkipUpToDateStep.lambda$execute$2(SkipUpToDateStep.java:53)
	at java.base/java.util.Optional.orElseGet(Optional.java:364)
	at org.gradle.internal.execution.steps.SkipUpToDateStep.execute(SkipUpToDateStep.java:53)
	at org.gradle.internal.execution.steps.SkipUpToDateStep.execute(SkipUpToDateStep.java:35)
	at org.gradle.internal.execution.steps.legacy.MarkSnapshottingInputsFinishedStep.execute(MarkSnapshottingInputsFinishedStep.java:37)
	at org.gradle.internal.execution.steps.legacy.MarkSnapshottingInputsFinishedStep.execute(MarkSnapshottingInputsFinishedStep.java:27)
	at org.gradle.internal.execution.steps.ResolveMutableCachingStateStep.executeDelegate(ResolveMutableCachingStateStep.java:70)
	at org.gradle.internal.execution.steps.ResolveMutableCachingStateStep.executeDelegate(ResolveMutableCachingStateStep.java:32)
	at org.gradle.internal.execution.steps.AbstractResolveCachingStateStep.execute(AbstractResolveCachingStateStep.java:69)
	at org.gradle.internal.execution.steps.AbstractResolveCachingStateStep.execute(AbstractResolveCachingStateStep.java:37)
	at org.gradle.internal.execution.steps.ResolveChangesStep.executeMutable(ResolveChangesStep.java:63)
	at org.gradle.internal.execution.steps.ResolveChangesStep.executeMutable(ResolveChangesStep.java:34)
	at org.gradle.internal.execution.steps.MutableStep.execute(MutableStep.java:26)
	at org.gradle.internal.execution.steps.ValidateStep$Mutable.executeDelegate(ValidateStep.java:79)
	at org.gradle.internal.execution.steps.ValidateStep$Mutable.executeDelegate(ValidateStep.java:65)
	at org.gradle.internal.execution.steps.ValidateStep.execute(ValidateStep.java:105)
	at org.gradle.internal.execution.steps.ValidateStep$Mutable.execute(ValidateStep.java:65)
	at org.gradle.internal.execution.steps.CaptureMutableStateBeforeExecutionStep.executeMutable(CaptureMutableStateBeforeExecutionStep.java:86)
	at org.gradle.internal.execution.steps.CaptureMutableStateBeforeExecutionStep.execute(CaptureMutableStateBeforeExecutionStep.java:65)
	at org.gradle.internal.execution.steps.CaptureMutableStateBeforeExecutionStep.execute(CaptureMutableStateBeforeExecutionStep.java:45)
	at org.gradle.internal.execution.steps.SkipEmptyMutableWorkStep.executeWithNonEmptySources(SkipEmptyMutableWorkStep.java:210)
	at org.gradle.internal.execution.steps.SkipEmptyMutableWorkStep.executeMutable(SkipEmptyMutableWorkStep.java:90)
	at org.gradle.internal.execution.steps.SkipEmptyMutableWorkStep.executeMutable(SkipEmptyMutableWorkStep.java:53)
	at org.gradle.internal.execution.steps.MutableStep.execute(MutableStep.java:26)
	at org.gradle.internal.execution.steps.legacy.MarkSnapshottingInputsStartedStep.execute(MarkSnapshottingInputsStartedStep.java:38)
	at org.gradle.internal.execution.steps.LoadPreviousExecutionStateStep.executeMutable(LoadPreviousExecutionStateStep.java:36)
	at org.gradle.internal.execution.steps.LoadPreviousExecutionStateStep.executeMutable(LoadPreviousExecutionStateStep.java:23)
	at org.gradle.internal.execution.steps.MutableStep.execute(MutableStep.java:26)
	at org.gradle.internal.execution.steps.HandleStaleOutputsStep.executeMutable(HandleStaleOutputsStep.java:77)
	at org.gradle.internal.execution.steps.HandleStaleOutputsStep.executeMutable(HandleStaleOutputsStep.java:43)
	at org.gradle.internal.execution.steps.MutableStep.execute(MutableStep.java:26)
	at org.gradle.internal.execution.steps.AssignMutableWorkspaceStep.lambda$executeMutable$0(AssignMutableWorkspaceStep.java:34)
	at org.gradle.api.internal.tasks.execution.TaskExecution$4.withWorkspace(TaskExecution.java:305)
	at org.gradle.internal.execution.steps.AssignMutableWorkspaceStep.executeMutable(AssignMutableWorkspaceStep.java:30)
	at org.gradle.internal.execution.steps.AssignMutableWorkspaceStep.executeMutable(AssignMutableWorkspaceStep.java:21)
	at org.gradle.internal.execution.steps.MutableStep.execute(MutableStep.java:26)
	at org.gradle.internal.execution.steps.ChoosePipelineStep.execute(ChoosePipelineStep.java:40)
	at org.gradle.internal.execution.steps.ChoosePipelineStep.execute(ChoosePipelineStep.java:23)
	at org.gradle.internal.execution.steps.ExecuteWorkBuildOperationFiringStep.lambda$execute$2(ExecuteWorkBuildOperationFiringStep.java:67)
	at java.base/java.util.Optional.orElseGet(Optional.java:364)
	at org.gradle.internal.execution.steps.ExecuteWorkBuildOperationFiringStep.execute(ExecuteWorkBuildOperationFiringStep.java:67)
	at org.gradle.internal.execution.steps.ExecuteWorkBuildOperationFiringStep.execute(ExecuteWorkBuildOperationFiringStep.java:39)
	at org.gradle.internal.execution.steps.IdentityCacheStep.execute(IdentityCacheStep.java:46)
	at org.gradle.internal.execution.steps.IdentityCacheStep.execute(IdentityCacheStep.java:34)
	at org.gradle.internal.execution.steps.IdentifyStep.execute(IdentifyStep.java:56)
	at org.gradle.internal.execution.steps.IdentifyStep.execute(IdentifyStep.java:38)
	at org.gradle.internal.execution.impl.DefaultExecutionEngine$1.execute(DefaultExecutionEngine.java:68)
	at org.gradle.api.internal.tasks.execution.ExecuteActionsTaskExecuter.executeIfValid(ExecuteActionsTaskExecuter.java:132)
	at org.gradle.api.internal.tasks.execution.ExecuteActionsTaskExecuter.execute(ExecuteActionsTaskExecuter.java:121)
	at org.gradle.api.internal.tasks.execution.ProblemsTaskPathTrackingTaskExecuter.execute(ProblemsTaskPathTrackingTaskExecuter.java:41)
	at org.gradle.api.internal.tasks.execution.ResolveTaskExecutionModeExecuter.execute(ResolveTaskExecutionModeExecuter.java:51)
	at org.gradle.api.internal.tasks.execution.FinalizePropertiesTaskExecuter.execute(FinalizePropertiesTaskExecuter.java:46)
	at org.gradle.api.internal.tasks.execution.SkipTaskWithNoActionsExecuter.execute(SkipTaskWithNoActionsExecuter.java:57)
	at org.gradle.api.internal.tasks.execution.SkipOnlyIfTaskExecuter.execute(SkipOnlyIfTaskExecuter.java:74)
	at org.gradle.api.internal.tasks.execution.CatchExceptionTaskExecuter.execute(CatchExceptionTaskExecuter.java:36)
	at org.gradle.api.internal.tasks.execution.EventFiringTaskExecuter$1.executeTask(EventFiringTaskExecuter.java:77)
	at org.gradle.api.internal.tasks.execution.EventFiringTaskExecuter$1.call(EventFiringTaskExecuter.java:55)
	at org.gradle.api.internal.tasks.execution.EventFiringTaskExecuter$1.call(EventFiringTaskExecuter.java:52)
	at org.gradle.internal.operations.DefaultBuildOperationRunner$CallableBuildOperationWorker.execute(DefaultBuildOperationRunner.java:210)
	at org.gradle.internal.operations.DefaultBuildOperationRunner$CallableBuildOperationWorker.execute(DefaultBuildOperationRunner.java:205)
	at org.gradle.internal.operations.DefaultBuildOperationRunner$2.execute(DefaultBuildOperationRunner.java:67)
	at org.gradle.internal.operations.DefaultBuildOperationRunner$2.execute(DefaultBuildOperationRunner.java:60)
	at org.gradle.internal.operations.DefaultBuildOperationRunner.execute(DefaultBuildOperationRunner.java:167)
	at org.gradle.internal.operations.DefaultBuildOperationRunner.execute(DefaultBuildOperationRunner.java:60)
	at org.gradle.internal.operations.DefaultBuildOperationRunner.call(DefaultBuildOperationRunner.java:54)
	at org.gradle.api.internal.tasks.execution.EventFiringTaskExecuter.execute(EventFiringTaskExecuter.java:52)
	at org.gradle.execution.plan.DefaultNodeExecutor.executeLocalTaskNode(DefaultNodeExecutor.java:55)
	at org.gradle.execution.plan.DefaultNodeExecutor.execute(DefaultNodeExecutor.java:34)
	at org.gradle.execution.taskgraph.DefaultTaskExecutionGraph$InvokeNodeExecutorsAction.execute(DefaultTaskExecutionGraph.java:355)
	at org.gradle.execution.taskgraph.DefaultTaskExecutionGraph$InvokeNodeExecutorsAction.execute(DefaultTaskExecutionGraph.java:343)
	at org.gradle.execution.taskgraph.DefaultTaskExecutionGraph$BuildOperationAwareExecutionAction.lambda$execute$0(DefaultTaskExecutionGraph.java:339)
	at org.gradle.internal.operations.CurrentBuildOperationRef.with(CurrentBuildOperationRef.java:84)
	at org.gradle.execution.taskgraph.DefaultTaskExecutionGraph$BuildOperationAwareExecutionAction.execute(DefaultTaskExecutionGraph.java:339)
	at org.gradle.execution.taskgraph.DefaultTaskExecutionGraph$BuildOperationAwareExecutionAction.execute(DefaultTaskExecutionGraph.java:328)
	at org.gradle.execution.plan.DefaultPlanExecutor$ExecutorWorker.execute(DefaultPlanExecutor.java:459)
	at org.gradle.execution.plan.DefaultPlanExecutor$ExecutorWorker.run(DefaultPlanExecutor.java:376)
	at org.gradle.execution.plan.DefaultPlanExecutor.process(DefaultPlanExecutor.java:111)
	at org.gradle.execution.taskgraph.DefaultTaskExecutionGraph.executeWithServices(DefaultTaskExecutionGraph.java:146)
	at org.gradle.execution.taskgraph.DefaultTaskExecutionGraph.execute(DefaultTaskExecutionGraph.java:131)
	at org.gradle.execution.SelectedTaskExecutionAction.execute(SelectedTaskExecutionAction.java:35)
	at org.gradle.execution.BuildOperationFiringBuildWorkerExecutor$ExecuteTasks.call(BuildOperationFiringBuildWorkerExecutor.java:54)
	at org.gradle.execution.BuildOperationFiringBuildWorkerExecutor$ExecuteTasks.call(BuildOperationFiringBuildWorkerExecutor.java:43)
	at org.gradle.internal.operations.DefaultBuildOperationRunner$CallableBuildOperationWorker.execute(DefaultBuildOperationRunner.java:210)
	at org.gradle.internal.operations.DefaultBuildOperationRunner$CallableBuildOperationWorker.execute(DefaultBuildOperationRunner.java:205)
	at org.gradle.internal.operations.DefaultBuildOperationRunner$2.execute(DefaultBuildOperationRunner.java:67)
	at org.gradle.internal.operations.DefaultBuildOperationRunner$2.execute(DefaultBuildOperationRunner.java:60)
	at org.gradle.internal.operations.DefaultBuildOperationRunner.execute(DefaultBuildOperationRunner.java:167)
	at org.gradle.internal.operations.DefaultBuildOperationRunner.execute(DefaultBuildOperationRunner.java:60)
	at org.gradle.internal.operations.DefaultBuildOperationRunner.call(DefaultBuildOperationRunner.java:54)
	at org.gradle.execution.BuildOperationFiringBuildWorkerExecutor.execute(BuildOperationFiringBuildWorkerExecutor.java:40)
	at org.gradle.internal.build.DefaultBuildLifecycleController.lambda$executeTasks$11(DefaultBuildLifecycleController.java:323)
	at org.gradle.internal.model.StateTransitionController.doTransition(StateTransitionController.java:304)
	at org.gradle.internal.model.StateTransitionController.lambda$tryTransition$9(StateTransitionController.java:215)
	at org.gradle.internal.work.DefaultSynchronizer.withLock(DefaultSynchronizer.java:45)
	at org.gradle.internal.model.StateTransitionController.tryTransition(StateTransitionController.java:215)
	at org.gradle.internal.build.DefaultBuildLifecycleController.executeTasks(DefaultBuildLifecycleController.java:314)
	at org.gradle.internal.build.DefaultBuildWorkGraphController$DefaultBuildWorkGraph.runWork(DefaultBuildWorkGraphController.java:220)
	at org.gradle.internal.work.DefaultWorkerLeaseService.lambda$runAndReleaseLocks$0(DefaultWorkerLeaseService.java:300)
	at org.gradle.internal.work.ResourceLockStatistics$1.measure(ResourceLockStatistics.java:43)
	at org.gradle.internal.work.DefaultWorkerLeaseService.runAndReleaseLocks(DefaultWorkerLeaseService.java:298)
	at org.gradle.internal.work.DefaultWorkerLeaseService.withLocksAcquired(DefaultWorkerLeaseService.java:294)
	at org.gradle.internal.work.DefaultWorkerLeaseService.withLocks(DefaultWorkerLeaseService.java:286)
	at org.gradle.internal.work.DefaultWorkerLeaseService.runAsWorkerThread(DefaultWorkerLeaseService.java:130)
	at org.gradle.composite.internal.DefaultBuildController.doRun(DefaultBuildController.java:182)
	at org.gradle.composite.internal.DefaultBuildController$BuildOpRunnable.lambda$run$0(DefaultBuildController.java:199)
	at org.gradle.internal.operations.CurrentBuildOperationRef.with(CurrentBuildOperationRef.java:84)
	at org.gradle.composite.internal.DefaultBuildController$BuildOpRunnable.run(DefaultBuildController.java:199)
	at java.base/java.util.concurrent.Executors$RunnableAdapter.call(Executors.java:572)
	at java.base/java.util.concurrent.FutureTask.run(FutureTask.java:317)
	at org.gradle.internal.concurrent.ExecutorPolicy$CatchAndRecordFailures.onExecute(ExecutorPolicy.java:64)
	at org.gradle.internal.concurrent.AbstractManagedExecutor$1.run(AbstractManagedExecutor.java:47)
	at java.base/java.util.concurrent.ThreadPoolExecutor.runWorker(ThreadPoolExecutor.java:1144)
	at java.base/java.util.concurrent.ThreadPoolExecutor$Worker.run(ThreadPoolExecutor.java:642)
	at java.base/java.lang.Thread.run(Thread.java:1583)

WARNING: D8: An error occurred when parsing kotlin metadata. This normally happens when using a newer version of kotlin than the kotlin version released when this version of R8 was created. To find compatible kotlin versions, please see: https://developer.android.com/studio/build/kotlin-d8-r8-versions
WARNING: D8: Unexpected error during rewriting of Kotlin metadata for class 'com.reelshort.plugin.ReelShortPlugin':
com.android.tools.r8.internal.Os0: Should never be called
	at com.android.tools.r8.kotlin.a0.a(R8_8.7.18_f8bee6d6fb926b7ebb3b15bf98f726f9d57471456ea20fce6d17d9a020197688:2)
	at com.android.tools.r8.kotlin.Z.a(R8_8.7.18_f8bee6d6fb926b7ebb3b15bf98f726f9d57471456ea20fce6d17d9a020197688:185)
	at com.android.tools.r8.kotlin.Z.a(R8_8.7.18_f8bee6d6fb926b7ebb3b15bf98f726f9d57471456ea20fce6d17d9a020197688:184)
	at com.android.tools.r8.internal.ep0.a(R8_8.7.18_f8bee6d6fb926b7ebb3b15bf98f726f9d57471456ea20fce6d17d9a020197688:23)
	at com.android.tools.r8.internal.ep0.a(R8_8.7.18_f8bee6d6fb926b7ebb3b15bf98f726f9d57471456ea20fce6d17d9a020197688:34)
	at com.android.tools.r8.internal.ep0.a(R8_8.7.18_f8bee6d6fb926b7ebb3b15bf98f726f9d57471456ea20fce6d17d9a020197688:17)
	at com.google.common.util.concurrent.TrustedListenableFutureTask$TrustedFutureInterruptibleTask.runInterruptibly(TrustedListenableFutureTask.java:131)
	at com.google.common.util.concurrent.InterruptibleTask.run(InterruptibleTask.java:75)
	at com.google.common.util.concurrent.TrustedListenableFutureTask.run(TrustedListenableFutureTask.java:82)
	at com.google.common.util.concurrent.MoreExecutors$DirectExecutorService.execute(MoreExecutors.java:327)
	at java.base/java.util.concurrent.AbstractExecutorService.submit(AbstractExecutorService.java:145)
	at com.google.common.util.concurrent.AbstractListeningExecutorService.submit(AbstractListeningExecutorService.java:79)
	at com.google.common.util.concurrent.AbstractListeningExecutorService.submit(AbstractListeningExecutorService.java:37)
	at com.android.tools.r8.internal.fp0.submit(R8_8.7.18_f8bee6d6fb926b7ebb3b15bf98f726f9d57471456ea20fce6d17d9a020197688:1)
	at com.android.tools.r8.internal.Ro0.a(R8_8.7.18_f8bee6d6fb926b7ebb3b15bf98f726f9d57471456ea20fce6d17d9a020197688:1)
	at com.android.tools.r8.internal.ep0.a(R8_8.7.18_f8bee6d6fb926b7ebb3b15bf98f726f9d57471456ea20fce6d17d9a020197688:19)
	at com.android.tools.r8.internal.Yw.a(R8_8.7.18_f8bee6d6fb926b7ebb3b15bf98f726f9d57471456ea20fce6d17d9a020197688:3)
	at java.base/java.util.ArrayList.forEach(ArrayList.java:1596)
	at com.android.tools.r8.internal.Yw.a(R8_8.7.18_f8bee6d6fb926b7ebb3b15bf98f726f9d57471456ea20fce6d17d9a020197688:2)
	at com.android.tools.r8.internal.ep0.a(R8_8.7.18_f8bee6d6fb926b7ebb3b15bf98f726f9d57471456ea20fce6d17d9a020197688:10)
	at com.android.tools.r8.internal.ep0.a(R8_8.7.18_f8bee6d6fb926b7ebb3b15bf98f726f9d57471456ea20fce6d17d9a020197688:33)
	at com.android.tools.r8.internal.ep0.a(R8_8.7.18_f8bee6d6fb926b7ebb3b15bf98f726f9d57471456ea20fce6d17d9a020197688:25)
	at com.android.tools.r8.internal.ep0.a(R8_8.7.18_f8bee6d6fb926b7ebb3b15bf98f726f9d57471456ea20fce6d17d9a020197688:22)
	at com.android.tools.r8.K.a(R8_8.7.18_f8bee6d6fb926b7ebb3b15bf98f726f9d57471456ea20fce6d17d9a020197688:3)
	at com.android.tools.r8.kotlin.Z.a(R8_8.7.18_f8bee6d6fb926b7ebb3b15bf98f726f9d57471456ea20fce6d17d9a020197688:9)
	at com.android.tools.r8.D8.b(R8_8.7.18_f8bee6d6fb926b7ebb3b15bf98f726f9d57471456ea20fce6d17d9a020197688:17)
	at com.android.tools.r8.internal.Gp0.a(R8_8.7.18_f8bee6d6fb926b7ebb3b15bf98f726f9d57471456ea20fce6d17d9a020197688:57)
	at com.android.tools.r8.D8.a(R8_8.7.18_f8bee6d6fb926b7ebb3b15bf98f726f9d57471456ea20fce6d17d9a020197688:88)
	at com.android.tools.r8.D8.d(R8_8.7.18_f8bee6d6fb926b7ebb3b15bf98f726f9d57471456ea20fce6d17d9a020197688:137)
	at com.android.tools.r8.D8.b(R8_8.7.18_f8bee6d6fb926b7ebb3b15bf98f726f9d57471456ea20fce6d17d9a020197688:1)
	at com.android.tools.r8.internal.yu.a(R8_8.7.18_f8bee6d6fb926b7ebb3b15bf98f726f9d57471456ea20fce6d17d9a020197688:28)
	at com.android.tools.r8.internal.yu.b(R8_8.7.18_f8bee6d6fb926b7ebb3b15bf98f726f9d57471456ea20fce6d17d9a020197688:2)
	at com.android.tools.r8.D8.run(R8_8.7.18_f8bee6d6fb926b7ebb3b15bf98f726f9d57471456ea20fce6d17d9a020197688:11)
	at com.android.builder.dexing.D8DexArchiveBuilder.convert(D8DexArchiveBuilder.java:127)
	at com.android.builder.dexing.DexArchiveBuilder.convert$default(DexArchiveBuilder.kt:44)
	at com.lagradost.cloudstream3.gradle.tasks.CompileDexTask.compileDex(CompileDexTask.kt:88)
	at java.base/jdk.internal.reflect.DirectMethodHandleAccessor.invoke(DirectMethodHandleAccessor.java:103)
	at java.base/java.lang.reflect.Method.invoke(Method.java:580)
	at org.gradle.internal.reflect.JavaMethod.invoke(JavaMethod.java:125)
	at org.gradle.api.internal.project.taskfactory.StandardTaskAction.doExecute(StandardTaskAction.java:58)
	at org.gradle.api.internal.project.taskfactory.StandardTaskAction.execute(StandardTaskAction.java:51)
	at org.gradle.api.internal.project.taskfactory.StandardTaskAction.execute(StandardTaskAction.java:29)
	at org.gradle.api.internal.tasks.execution.TaskExecution$3.run(TaskExecution.java:259)
	at org.gradle.internal.operations.DefaultBuildOperationRunner$1.execute(DefaultBuildOperationRunner.java:30)
	at org.gradle.internal.operations.DefaultBuildOperationRunner$1.execute(DefaultBuildOperationRunner.java:27)
	at org.gradle.internal.operations.DefaultBuildOperationRunner$2.execute(DefaultBuildOperationRunner.java:67)
	at org.gradle.internal.operations.DefaultBuildOperationRunner$2.execute(DefaultBuildOperationRunner.java:60)
	at org.gradle.internal.operations.DefaultBuildOperationRunner.execute(DefaultBuildOperationRunner.java:167)
	at org.gradle.internal.operations.DefaultBuildOperationRunner.execute(DefaultBuildOperationRunner.java:60)
	at org.gradle.internal.operations.DefaultBuildOperationRunner.run(DefaultBuildOperationRunner.java:48)
	at org.gradle.api.internal.tasks.execution.TaskExecution.executeAction(TaskExecution.java:244)
	at org.gradle.api.internal.tasks.execution.TaskExecution.executeActions(TaskExecution.java:227)
	at org.gradle.api.internal.tasks.execution.TaskExecution.executeWithPreviousOutputFiles(TaskExecution.java:210)
	at org.gradle.api.internal.tasks.execution.TaskExecution.execute(TaskExecution.java:176)
	at org.gradle.internal.execution.steps.ExecuteStep.executeInternal(ExecuteStep.java:167)
	at org.gradle.internal.execution.steps.ExecuteStep.access$000(ExecuteStep.java:47)
	at org.gradle.internal.execution.steps.ExecuteStep$1.call(ExecuteStep.java:137)
	at org.gradle.internal.execution.steps.ExecuteStep$1.call(ExecuteStep.java:134)
	at org.gradle.internal.operations.DefaultBuildOperationRunner$CallableBuildOperationWorker.execute(DefaultBuildOperationRunner.java:210)
	at org.gradle.internal.operations.DefaultBuildOperationRunner$CallableBuildOperationWorker.execute(DefaultBuildOperationRunner.java:205)
	at org.gradle.internal.operations.DefaultBuildOperationRunner$2.execute(DefaultBuildOperationRunner.java:67)
	at org.gradle.internal.operations.DefaultBuildOperationRunner$2.execute(DefaultBuildOperationRunner.java:60)
	at org.gradle.internal.operations.DefaultBuildOperationRunner.execute(DefaultBuildOperationRunner.java:167)
	at org.gradle.internal.operations.DefaultBuildOperationRunner.execute(DefaultBuildOperationRunner.java:60)
	at org.gradle.internal.operations.DefaultBuildOperationRunner.call(DefaultBuildOperationRunner.java:54)
	at org.gradle.internal.execution.steps.ExecuteStep.execute(ExecuteStep.java:134)
	at org.gradle.internal.execution.steps.ExecuteStep$Mutable.execute(ExecuteStep.java:80)
	at org.gradle.internal.execution.steps.CancelExecutionStep.execute(CancelExecutionStep.java:42)
	at org.gradle.internal.execution.steps.TimeoutStep.executeWithoutTimeout(TimeoutStep.java:75)
	at org.gradle.internal.execution.steps.TimeoutStep.execute(TimeoutStep.java:55)
	at org.gradle.internal.execution.steps.PreCreateOutputParentsStep.execute(PreCreateOutputParentsStep.java:51)
	at org.gradle.internal.execution.steps.PreCreateOutputParentsStep.execute(PreCreateOutputParentsStep.java:29)
	at org.gradle.internal.execution.steps.RemovePreviousOutputsStep.executeMutable(RemovePreviousOutputsStep.java:67)
	at org.gradle.internal.execution.steps.RemovePreviousOutputsStep.executeMutable(RemovePreviousOutputsStep.java:39)
	at org.gradle.internal.execution.steps.MutableStep.execute(MutableStep.java:26)
	at org.gradle.internal.execution.steps.BroadcastChangingOutputsStep.execute(BroadcastChangingOutputsStep.java:42)
	at org.gradle.internal.execution.steps.BroadcastChangingOutputsStep.execute(BroadcastChangingOutputsStep.java:24)
	at org.gradle.internal.execution.steps.CaptureOutputsAfterExecutionStep.execute(CaptureOutputsAfterExecutionStep.java:69)
	at org.gradle.internal.execution.steps.CaptureOutputsAfterExecutionStep.execute(CaptureOutputsAfterExecutionStep.java:46)
	at org.gradle.internal.execution.steps.ResolveInputChangesStep.executeMutable(ResolveInputChangesStep.java:39)
	at org.gradle.internal.execution.steps.ResolveInputChangesStep.executeMutable(ResolveInputChangesStep.java:28)
	at org.gradle.internal.execution.steps.MutableStep.execute(MutableStep.java:26)
	at org.gradle.internal.execution.steps.BuildCacheStep.executeWithoutCache(BuildCacheStep.java:189)
	at org.gradle.internal.execution.steps.BuildCacheStep.lambda$execute$1(BuildCacheStep.java:76)
	at org.gradle.internal.Either$Right.fold(Either.java:176)
	at org.gradle.internal.execution.caching.CachingState.fold(CachingState.java:62)
	at org.gradle.internal.execution.steps.BuildCacheStep.execute(BuildCacheStep.java:74)
	at org.gradle.internal.execution.steps.BuildCacheStep.execute(BuildCacheStep.java:49)
	at org.gradle.internal.execution.steps.StoreExecutionStateStep.executeMutable(StoreExecutionStateStep.java:46)
	at org.gradle.internal.execution.steps.StoreExecutionStateStep.executeMutable(StoreExecutionStateStep.java:35)
	at org.gradle.internal.execution.steps.MutableStep.execute(MutableStep.java:26)
	at org.gradle.internal.execution.steps.SkipUpToDateStep.executeBecause(SkipUpToDateStep.java:75)
	at org.gradle.internal.execution.steps.SkipUpToDateStep.lambda$execute$2(SkipUpToDateStep.java:53)
	at java.base/java.util.Optional.orElseGet(Optional.java:364)
	at org.gradle.internal.execution.steps.SkipUpToDateStep.execute(SkipUpToDateStep.java:53)
	at org.gradle.internal.execution.steps.SkipUpToDateStep.execute(SkipUpToDateStep.java:35)
	at org.gradle.internal.execution.steps.legacy.MarkSnapshottingInputsFinishedStep.execute(MarkSnapshottingInputsFinishedStep.java:37)
	at org.gradle.internal.execution.steps.legacy.MarkSnapshottingInputsFinishedStep.execute(MarkSnapshottingInputsFinishedStep.java:27)
	at org.gradle.internal.execution.steps.ResolveMutableCachingStateStep.executeDelegate(ResolveMutableCachingStateStep.java:70)
	at org.gradle.internal.execution.steps.ResolveMutableCachingStateStep.executeDelegate(ResolveMutableCachingStateStep.java:32)
	at org.gradle.internal.execution.steps.AbstractResolveCachingStateStep.execute(AbstractResolveCachingStateStep.java:69)
	at org.gradle.internal.execution.steps.AbstractResolveCachingStateStep.execute(AbstractResolveCachingStateStep.java:37)
	at org.gradle.internal.execution.steps.ResolveChangesStep.executeMutable(ResolveChangesStep.java:63)
	at org.gradle.internal.execution.steps.ResolveChangesStep.executeMutable(ResolveChangesStep.java:34)
	at org.gradle.internal.execution.steps.MutableStep.execute(MutableStep.java:26)
	at org.gradle.internal.execution.steps.ValidateStep$Mutable.executeDelegate(ValidateStep.java:79)
	at org.gradle.internal.execution.steps.ValidateStep$Mutable.executeDelegate(ValidateStep.java:65)
	at org.gradle.internal.execution.steps.ValidateStep.execute(ValidateStep.java:105)
	at org.gradle.internal.execution.steps.ValidateStep$Mutable.execute(ValidateStep.java:65)
	at org.gradle.internal.execution.steps.CaptureMutableStateBeforeExecutionStep.executeMutable(CaptureMutableStateBeforeExecutionStep.java:86)
	at org.gradle.internal.execution.steps.CaptureMutableStateBeforeExecutionStep.execute(CaptureMutableStateBeforeExecutionStep.java:65)
	at org.gradle.internal.execution.steps.CaptureMutableStateBeforeExecutionStep.execute(CaptureMutableStateBeforeExecutionStep.java:45)
	at org.gradle.internal.execution.steps.SkipEmptyMutableWorkStep.executeWithNonEmptySources(SkipEmptyMutableWorkStep.java:210)
	at org.gradle.internal.execution.steps.SkipEmptyMutableWorkStep.executeMutable(SkipEmptyMutableWorkStep.java:90)
	at org.gradle.internal.execution.steps.SkipEmptyMutableWorkStep.executeMutable(SkipEmptyMutableWorkStep.java:53)
	at org.gradle.internal.execution.steps.MutableStep.execute(MutableStep.java:26)
	at org.gradle.internal.execution.steps.legacy.MarkSnapshottingInputsStartedStep.execute(MarkSnapshottingInputsStartedStep.java:38)
	at org.gradle.internal.execution.steps.LoadPreviousExecutionStateStep.executeMutable(LoadPreviousExecutionStateStep.java:36)
	at org.gradle.internal.execution.steps.LoadPreviousExecutionStateStep.executeMutable(LoadPreviousExecutionStateStep.java:23)
	at org.gradle.internal.execution.steps.MutableStep.execute(MutableStep.java:26)
	at org.gradle.internal.execution.steps.HandleStaleOutputsStep.executeMutable(HandleStaleOutputsStep.java:77)
	at org.gradle.internal.execution.steps.HandleStaleOutputsStep.executeMutable(HandleStaleOutputsStep.java:43)
	at org.gradle.internal.execution.steps.MutableStep.execute(MutableStep.java:26)
	at org.gradle.internal.execution.steps.AssignMutableWorkspaceStep.lambda$executeMutable$0(AssignMutableWorkspaceStep.java:34)
	at org.gradle.api.internal.tasks.execution.TaskExecution$4.withWorkspace(TaskExecution.java:305)
	at org.gradle.internal.execution.steps.AssignMutableWorkspaceStep.executeMutable(AssignMutableWorkspaceStep.java:30)
	at org.gradle.internal.execution.steps.AssignMutableWorkspaceStep.executeMutable(AssignMutableWorkspaceStep.java:21)
	at org.gradle.internal.execution.steps.MutableStep.execute(MutableStep.java:26)
	at org.gradle.internal.execution.steps.ChoosePipelineStep.execute(ChoosePipelineStep.java:40)
	at org.gradle.internal.execution.steps.ChoosePipelineStep.execute(ChoosePipelineStep.java:23)
	at org.gradle.internal.execution.steps.ExecuteWorkBuildOperationFiringStep.lambda$execute$2(ExecuteWorkBuildOperationFiringStep.java:67)
	at java.base/java.util.Optional.orElseGet(Optional.java:364)
	at org.gradle.internal.execution.steps.ExecuteWorkBuildOperationFiringStep.execute(ExecuteWorkBuildOperationFiringStep.java:67)
	at org.gradle.internal.execution.steps.ExecuteWorkBuildOperationFiringStep.execute(ExecuteWorkBuildOperationFiringStep.java:39)
	at org.gradle.internal.execution.steps.IdentityCacheStep.execute(IdentityCacheStep.java:46)
	at org.gradle.internal.execution.steps.IdentityCacheStep.execute(IdentityCacheStep.java:34)
	at org.gradle.internal.execution.steps.IdentifyStep.execute(IdentifyStep.java:56)
	at org.gradle.internal.execution.steps.IdentifyStep.execute(IdentifyStep.java:38)
	at org.gradle.internal.execution.impl.DefaultExecutionEngine$1.execute(DefaultExecutionEngine.java:68)
	at org.gradle.api.internal.tasks.execution.ExecuteActionsTaskExecuter.executeIfValid(ExecuteActionsTaskExecuter.java:132)
	at org.gradle.api.internal.tasks.execution.ExecuteActionsTaskExecuter.execute(ExecuteActionsTaskExecuter.java:121)
	at org.gradle.api.internal.tasks.execution.ProblemsTaskPathTrackingTaskExecuter.execute(ProblemsTaskPathTrackingTaskExecuter.java:41)
	at org.gradle.api.internal.tasks.execution.ResolveTaskExecutionModeExecuter.execute(ResolveTaskExecutionModeExecuter.java:51)
	at org.gradle.api.internal.tasks.execution.FinalizePropertiesTaskExecuter.execute(FinalizePropertiesTaskExecuter.java:46)
	at org.gradle.api.internal.tasks.execution.SkipTaskWithNoActionsExecuter.execute(SkipTaskWithNoActionsExecuter.java:57)
	at org.gradle.api.internal.tasks.execution.SkipOnlyIfTaskExecuter.execute(SkipOnlyIfTaskExecuter.java:74)
	at org.gradle.api.internal.tasks.execution.CatchExceptionTaskExecuter.execute(CatchExceptionTaskExecuter.java:36)
	at org.gradle.api.internal.tasks.execution.EventFiringTaskExecuter$1.executeTask(EventFiringTaskExecuter.java:77)
	at org.gradle.api.internal.tasks.execution.EventFiringTaskExecuter$1.call(EventFiringTaskExecuter.java:55)
	at org.gradle.api.internal.tasks.execution.EventFiringTaskExecuter$1.call(EventFiringTaskExecuter.java:52)
	at org.gradle.internal.operations.DefaultBuildOperationRunner$CallableBuildOperationWorker.execute(DefaultBuildOperationRunner.java:210)
	at org.gradle.internal.operations.DefaultBuildOperationRunner$CallableBuildOperationWorker.execute(DefaultBuildOperationRunner.java:205)
	at org.gradle.internal.operations.DefaultBuildOperationRunner$2.execute(DefaultBuildOperationRunner.java:67)
	at org.gradle.internal.operations.DefaultBuildOperationRunner$2.execute(DefaultBuildOperationRunner.java:60)
	at org.gradle.internal.operations.DefaultBuildOperationRunner.execute(DefaultBuildOperationRunner.java:167)
	at org.gradle.internal.operations.DefaultBuildOperationRunner.execute(DefaultBuildOperationRunner.java:60)
	at org.gradle.internal.operations.DefaultBuildOperationRunner.call(DefaultBuildOperationRunner.java:54)
	at org.gradle.api.internal.tasks.execution.EventFiringTaskExecuter.execute(EventFiringTaskExecuter.java:52)
	at org.gradle.execution.plan.DefaultNodeExecutor.executeLocalTaskNode(DefaultNodeExecutor.java:55)
	at org.gradle.execution.plan.DefaultNodeExecutor.execute(DefaultNodeExecutor.java:34)
	at org.gradle.execution.taskgraph.DefaultTaskExecutionGraph$InvokeNodeExecutorsAction.execute(DefaultTaskExecutionGraph.java:355)
	at org.gradle.execution.taskgraph.DefaultTaskExecutionGraph$InvokeNodeExecutorsAction.execute(DefaultTaskExecutionGraph.java:343)
	at org.gradle.execution.taskgraph.DefaultTaskExecutionGraph$BuildOperationAwareExecutionAction.lambda$execute$0(DefaultTaskExecutionGraph.java:339)
	at org.gradle.internal.operations.CurrentBuildOperationRef.with(CurrentBuildOperationRef.java:84)
	at org.gradle.execution.taskgraph.DefaultTaskExecutionGraph$BuildOperationAwareExecutionAction.execute(DefaultTaskExecutionGraph.java:339)
	at org.gradle.execution.taskgraph.DefaultTaskExecutionGraph$BuildOperationAwareExecutionAction.execute(DefaultTaskExecutionGraph.java:328)
	at org.gradle.execution.plan.DefaultPlanExecutor$ExecutorWorker.execute(DefaultPlanExecutor.java:459)
	at org.gradle.execution.plan.DefaultPlanExecutor$ExecutorWorker.run(DefaultPlanExecutor.java:376)
	at org.gradle.execution.plan.DefaultPlanExecutor.process(DefaultPlanExecutor.java:111)
	at org.gradle.execution.taskgraph.DefaultTaskExecutionGraph.executeWithServices(DefaultTaskExecutionGraph.java:146)
	at org.gradle.execution.taskgraph.DefaultTaskExecutionGraph.execute(DefaultTaskExecutionGraph.java:131)
	at org.gradle.execution.SelectedTaskExecutionAction.execute(SelectedTaskExecutionAction.java:35)
	at org.gradle.execution.BuildOperationFiringBuildWorkerExecutor$ExecuteTasks.call(BuildOperationFiringBuildWorkerExecutor.java:54)
	at org.gradle.execution.BuildOperationFiringBuildWorkerExecutor$ExecuteTasks.call(BuildOperationFiringBuildWorkerExecutor.java:43)
	at org.gradle.internal.operations.DefaultBuildOperationRunner$CallableBuildOperationWorker.execute(DefaultBuildOperationRunner.java:210)
	at org.gradle.internal.operations.DefaultBuildOperationRunner$CallableBuildOperationWorker.execute(DefaultBuildOperationRunner.java:205)
	at org.gradle.internal.operations.DefaultBuildOperationRunner$2.execute(DefaultBuildOperationRunner.java:67)
	at org.gradle.internal.operations.DefaultBuildOperationRunner$2.execute(DefaultBuildOperationRunner.java:60)
	at org.gradle.internal.operations.DefaultBuildOperationRunner.execute(DefaultBuildOperationRunner.java:167)
	at org.gradle.internal.operations.DefaultBuildOperationRunner.execute(DefaultBuildOperationRunner.java:60)
	at org.gradle.internal.operations.DefaultBuildOperationRunner.call(DefaultBuildOperationRunner.java:54)
	at org.gradle.execution.BuildOperationFiringBuildWorkerExecutor.execute(BuildOperationFiringBuildWorkerExecutor.java:40)
	at org.gradle.internal.build.DefaultBuildLifecycleController.lambda$executeTasks$11(DefaultBuildLifecycleController.java:323)
	at org.gradle.internal.model.StateTransitionController.doTransition(StateTransitionController.java:304)
	at org.gradle.internal.model.StateTransitionController.lambda$tryTransition$9(StateTransitionController.java:215)
	at org.gradle.internal.work.DefaultSynchronizer.withLock(DefaultSynchronizer.java:45)
	at org.gradle.internal.model.StateTransitionController.tryTransition(StateTransitionController.java:215)
	at org.gradle.internal.build.DefaultBuildLifecycleController.executeTasks(DefaultBuildLifecycleController.java:314)
	at org.gradle.internal.build.DefaultBuildWorkGraphController$DefaultBuildWorkGraph.runWork(DefaultBuildWorkGraphController.java:220)
	at org.gradle.internal.work.DefaultWorkerLeaseService.lambda$runAndReleaseLocks$0(DefaultWorkerLeaseService.java:300)
	at org.gradle.internal.work.ResourceLockStatistics$1.measure(ResourceLockStatistics.java:43)
	at org.gradle.internal.work.DefaultWorkerLeaseService.runAndReleaseLocks(DefaultWorkerLeaseService.java:298)
	at org.gradle.internal.work.DefaultWorkerLeaseService.withLocksAcquired(DefaultWorkerLeaseService.java:294)
	at org.gradle.internal.work.DefaultWorkerLeaseService.withLocks(DefaultWorkerLeaseService.java:286)
	at org.gradle.internal.work.DefaultWorkerLeaseService.runAsWorkerThread(DefaultWorkerLeaseService.java:130)
	at org.gradle.composite.internal.DefaultBuildController.doRun(DefaultBuildController.java:182)
	at org.gradle.composite.internal.DefaultBuildController$BuildOpRunnable.lambda$run$0(DefaultBuildController.java:199)
	at org.gradle.internal.operations.CurrentBuildOperationRef.with(CurrentBuildOperationRef.java:84)
	at org.gradle.composite.internal.DefaultBuildController$BuildOpRunnable.run(DefaultBuildController.java:199)
	at java.base/java.util.concurrent.Executors$RunnableAdapter.call(Executors.java:572)
	at java.base/java.util.concurrent.FutureTask.run(FutureTask.java:317)
	at org.gradle.internal.concurrent.ExecutorPolicy$CatchAndRecordFailures.onExecute(ExecutorPolicy.java:64)
	at org.gradle.internal.concurrent.AbstractManagedExecutor$1.run(AbstractManagedExecutor.java:47)
	at java.base/java.util.concurrent.ThreadPoolExecutor.runWorker(ThreadPoolExecutor.java:1144)
	at java.base/java.util.concurrent.ThreadPoolExecutor$Worker.run(ThreadPoolExecutor.java:642)
	at java.base/java.lang.Thread.run(Thread.java:1583)

WARNING: D8: An error occurred when parsing kotlin metadata. This normally happens when using a newer version of kotlin than the kotlin version released when this version of R8 was created. To find compatible kotlin versions, please see: https://developer.android.com/studio/build/kotlin-d8-r8-versions
WARNING: D8: Unexpected error during rewriting of Kotlin metadata for class 'com.reelshort.plugin.ReelShortProvider$Episode':
com.android.tools.r8.internal.Os0: Should never be called
	at com.android.tools.r8.kotlin.a0.a(R8_8.7.18_f8bee6d6fb926b7ebb3b15bf98f726f9d57471456ea20fce6d17d9a020197688:2)
	at com.android.tools.r8.kotlin.Z.a(R8_8.7.18_f8bee6d6fb926b7ebb3b15bf98f726f9d57471456ea20fce6d17d9a020197688:185)
	at com.android.tools.r8.kotlin.Z.a(R8_8.7.18_f8bee6d6fb926b7ebb3b15bf98f726f9d57471456ea20fce6d17d9a020197688:184)
	at com.android.tools.r8.internal.ep0.a(R8_8.7.18_f8bee6d6fb926b7ebb3b15bf98f726f9d57471456ea20fce6d17d9a020197688:23)
	at com.android.tools.r8.internal.ep0.a(R8_8.7.18_f8bee6d6fb926b7ebb3b15bf98f726f9d57471456ea20fce6d17d9a020197688:34)
	at com.android.tools.r8.internal.ep0.a(R8_8.7.18_f8bee6d6fb926b7ebb3b15bf98f726f9d57471456ea20fce6d17d9a020197688:17)
	at com.google.common.util.concurrent.TrustedListenableFutureTask$TrustedFutureInterruptibleTask.runInterruptibly(TrustedListenableFutureTask.java:131)
	at com.google.common.util.concurrent.InterruptibleTask.run(InterruptibleTask.java:75)
	at com.google.common.util.concurrent.TrustedListenableFutureTask.run(TrustedListenableFutureTask.java:82)
	at com.google.common.util.concurrent.MoreExecutors$DirectExecutorService.execute(MoreExecutors.java:327)
	at java.base/java.util.concurrent.AbstractExecutorService.submit(AbstractExecutorService.java:145)
	at com.google.common.util.concurrent.AbstractListeningExecutorService.submit(AbstractListeningExecutorService.java:79)
	at com.google.common.util.concurrent.AbstractListeningExecutorService.submit(AbstractListeningExecutorService.java:37)
	at com.android.tools.r8.internal.fp0.submit(R8_8.7.18_f8bee6d6fb926b7ebb3b15bf98f726f9d57471456ea20fce6d17d9a020197688:1)
	at com.android.tools.r8.internal.Ro0.a(R8_8.7.18_f8bee6d6fb926b7ebb3b15bf98f726f9d57471456ea20fce6d17d9a020197688:1)
	at com.android.tools.r8.internal.ep0.a(R8_8.7.18_f8bee6d6fb926b7ebb3b15bf98f726f9d57471456ea20fce6d17d9a020197688:19)
	at com.android.tools.r8.internal.Yw.a(R8_8.7.18_f8bee6d6fb926b7ebb3b15bf98f726f9d57471456ea20fce6d17d9a020197688:3)
	at java.base/java.util.ArrayList.forEach(ArrayList.java:1596)
	at com.android.tools.r8.internal.Yw.a(R8_8.7.18_f8bee6d6fb926b7ebb3b15bf98f726f9d57471456ea20fce6d17d9a020197688:2)
	at com.android.tools.r8.internal.ep0.a(R8_8.7.18_f8bee6d6fb926b7ebb3b15bf98f726f9d57471456ea20fce6d17d9a020197688:10)
	at com.android.tools.r8.internal.ep0.a(R8_8.7.18_f8bee6d6fb926b7ebb3b15bf98f726f9d57471456ea20fce6d17d9a020197688:33)
	at com.android.tools.r8.internal.ep0.a(R8_8.7.18_f8bee6d6fb926b7ebb3b15bf98f726f9d57471456ea20fce6d17d9a020197688:25)
	at com.android.tools.r8.internal.ep0.a(R8_8.7.18_f8bee6d6fb926b7ebb3b15bf98f726f9d57471456ea20fce6d17d9a020197688:22)
	at com.android.tools.r8.K.a(R8_8.7.18_f8bee6d6fb926b7ebb3b15bf98f726f9d57471456ea20fce6d17d9a020197688:3)
	at com.android.tools.r8.kotlin.Z.a(R8_8.7.18_f8bee6d6fb926b7ebb3b15bf98f726f9d57471456ea20fce6d17d9a020197688:9)
	at com.android.tools.r8.D8.b(R8_8.7.18_f8bee6d6fb926b7ebb3b15bf98f726f9d57471456ea20fce6d17d9a020197688:17)
	at com.android.tools.r8.internal.Gp0.a(R8_8.7.18_f8bee6d6fb926b7ebb3b15bf98f726f9d57471456ea20fce6d17d9a020197688:57)
	at com.android.tools.r8.D8.a(R8_8.7.18_f8bee6d6fb926b7ebb3b15bf98f726f9d57471456ea20fce6d17d9a020197688:88)
	at com.android.tools.r8.D8.d(R8_8.7.18_f8bee6d6fb926b7ebb3b15bf98f726f9d57471456ea20fce6d17d9a020197688:137)
	at com.android.tools.r8.D8.b(R8_8.7.18_f8bee6d6fb926b7ebb3b15bf98f726f9d57471456ea20fce6d17d9a020197688:1)
	at com.android.tools.r8.internal.yu.a(R8_8.7.18_f8bee6d6fb926b7ebb3b15bf98f726f9d57471456ea20fce6d17d9a020197688:28)
	at com.android.tools.r8.internal.yu.b(R8_8.7.18_f8bee6d6fb926b7ebb3b15bf98f726f9d57471456ea20fce6d17d9a020197688:2)
	at com.android.tools.r8.D8.run(R8_8.7.18_f8bee6d6fb926b7ebb3b15bf98f726f9d57471456ea20fce6d17d9a020197688:11)
	at com.android.builder.dexing.D8DexArchiveBuilder.convert(D8DexArchiveBuilder.java:127)
	at com.android.builder.dexing.DexArchiveBuilder.convert$default(DexArchiveBuilder.kt:44)
	at com.lagradost.cloudstream3.gradle.tasks.CompileDexTask.compileDex(CompileDexTask.kt:88)
	at java.base/jdk.internal.reflect.DirectMethodHandleAccessor.invoke(DirectMethodHandleAccessor.java:103)
	at java.base/java.lang.reflect.Method.invoke(Method.java:580)
	at org.gradle.internal.reflect.JavaMethod.invoke(JavaMethod.java:125)
	at org.gradle.api.internal.project.taskfactory.StandardTaskAction.doExecute(StandardTaskAction.java:58)
	at org.gradle.api.internal.project.taskfactory.StandardTaskAction.execute(StandardTaskAction.java:51)
	at org.gradle.api.internal.project.taskfactory.StandardTaskAction.execute(StandardTaskAction.java:29)
	at org.gradle.api.internal.tasks.execution.TaskExecution$3.run(TaskExecution.java:259)
	at org.gradle.internal.operations.DefaultBuildOperationRunner$1.execute(DefaultBuildOperationRunner.java:30)
	at org.gradle.internal.operations.DefaultBuildOperationRunner$1.execute(DefaultBuildOperationRunner.java:27)
	at org.gradle.internal.operations.DefaultBuildOperationRunner$2.execute(DefaultBuildOperationRunner.java:67)
	at org.gradle.internal.operations.DefaultBuildOperationRunner$2.execute(DefaultBuildOperationRunner.java:60)
	at org.gradle.internal.operations.DefaultBuildOperationRunner.execute(DefaultBuildOperationRunner.java:167)
	at org.gradle.internal.operations.DefaultBuildOperationRunner.execute(DefaultBuildOperationRunner.java:60)
	at org.gradle.internal.operations.DefaultBuildOperationRunner.run(DefaultBuildOperationRunner.java:48)
	at org.gradle.api.internal.tasks.execution.TaskExecution.executeAction(TaskExecution.java:244)
	at org.gradle.api.internal.tasks.execution.TaskExecution.executeActions(TaskExecution.java:227)
	at org.gradle.api.internal.tasks.execution.TaskExecution.executeWithPreviousOutputFiles(TaskExecution.java:210)
	at org.gradle.api.internal.tasks.execution.TaskExecution.execute(TaskExecution.java:176)
	at org.gradle.internal.execution.steps.ExecuteStep.executeInternal(ExecuteStep.java:167)
	at org.gradle.internal.execution.steps.ExecuteStep.access$000(ExecuteStep.java:47)
	at org.gradle.internal.execution.steps.ExecuteStep$1.call(ExecuteStep.java:137)
	at org.gradle.internal.execution.steps.ExecuteStep$1.call(ExecuteStep.java:134)
	at org.gradle.internal.operations.DefaultBuildOperationRunner$CallableBuildOperationWorker.execute(DefaultBuildOperationRunner.java:210)
	at org.gradle.internal.operations.DefaultBuildOperationRunner$CallableBuildOperationWorker.execute(DefaultBuildOperationRunner.java:205)
	at org.gradle.internal.operations.DefaultBuildOperationRunner$2.execute(DefaultBuildOperationRunner.java:67)
	at org.gradle.internal.operations.DefaultBuildOperationRunner$2.execute(DefaultBuildOperationRunner.java:60)
	at org.gradle.internal.operations.DefaultBuildOperationRunner.execute(DefaultBuildOperationRunner.java:167)
	at org.gradle.internal.operations.DefaultBuildOperationRunner.execute(DefaultBuildOperationRunner.java:60)
	at org.gradle.internal.operations.DefaultBuildOperationRunner.call(DefaultBuildOperationRunner.java:54)
	at org.gradle.internal.execution.steps.ExecuteStep.execute(ExecuteStep.java:134)
	at org.gradle.internal.execution.steps.ExecuteStep$Mutable.execute(ExecuteStep.java:80)
	at org.gradle.internal.execution.steps.CancelExecutionStep.execute(CancelExecutionStep.java:42)
	at org.gradle.internal.execution.steps.TimeoutStep.executeWithoutTimeout(TimeoutStep.java:75)
	at org.gradle.internal.execution.steps.TimeoutStep.execute(TimeoutStep.java:55)
	at org.gradle.internal.execution.steps.PreCreateOutputParentsStep.execute(PreCreateOutputParentsStep.java:51)
	at org.gradle.internal.execution.steps.PreCreateOutputParentsStep.execute(PreCreateOutputParentsStep.java:29)
	at org.gradle.internal.execution.steps.RemovePreviousOutputsStep.executeMutable(RemovePreviousOutputsStep.java:67)
	at org.gradle.internal.execution.steps.RemovePreviousOutputsStep.executeMutable(RemovePreviousOutputsStep.java:39)
	at org.gradle.internal.execution.steps.MutableStep.execute(MutableStep.java:26)
	at org.gradle.internal.execution.steps.BroadcastChangingOutputsStep.execute(BroadcastChangingOutputsStep.java:42)
	at org.gradle.internal.execution.steps.BroadcastChangingOutputsStep.execute(BroadcastChangingOutputsStep.java:24)
	at org.gradle.internal.execution.steps.CaptureOutputsAfterExecutionStep.execute(CaptureOutputsAfterExecutionStep.java:69)
	at org.gradle.internal.execution.steps.CaptureOutputsAfterExecutionStep.execute(CaptureOutputsAfterExecutionStep.java:46)
	at org.gradle.internal.execution.steps.ResolveInputChangesStep.executeMutable(ResolveInputChangesStep.java:39)
	at org.gradle.internal.execution.steps.ResolveInputChangesStep.executeMutable(ResolveInputChangesStep.java:28)
	at org.gradle.internal.execution.steps.MutableStep.execute(MutableStep.java:26)
	at org.gradle.internal.execution.steps.BuildCacheStep.executeWithoutCache(BuildCacheStep.java:189)
	at org.gradle.internal.execution.steps.BuildCacheStep.lambda$execute$1(BuildCacheStep.java:76)
	at org.gradle.internal.Either$Right.fold(Either.java:176)
	at org.gradle.internal.execution.caching.CachingState.fold(CachingState.java:62)
	at org.gradle.internal.execution.steps.BuildCacheStep.execute(BuildCacheStep.java:74)
	at org.gradle.internal.execution.steps.BuildCacheStep.execute(BuildCacheStep.java:49)
	at org.gradle.internal.execution.steps.StoreExecutionStateStep.executeMutable(StoreExecutionStateStep.java:46)
	at org.gradle.internal.execution.steps.StoreExecutionStateStep.executeMutable(StoreExecutionStateStep.java:35)
	at org.gradle.internal.execution.steps.MutableStep.execute(MutableStep.java:26)
	at org.gradle.internal.execution.steps.SkipUpToDateStep.executeBecause(SkipUpToDateStep.java:75)
	at org.gradle.internal.execution.steps.SkipUpToDateStep.lambda$execute$2(SkipUpToDateStep.java:53)
	at java.base/java.util.Optional.orElseGet(Optional.java:364)
	at org.gradle.internal.execution.steps.SkipUpToDateStep.execute(SkipUpToDateStep.java:53)
	at org.gradle.internal.execution.steps.SkipUpToDateStep.execute(SkipUpToDateStep.java:35)
	at org.gradle.internal.execution.steps.legacy.MarkSnapshottingInputsFinishedStep.execute(MarkSnapshottingInputsFinishedStep.java:37)
	at org.gradle.internal.execution.steps.legacy.MarkSnapshottingInputsFinishedStep.execute(MarkSnapshottingInputsFinishedStep.java:27)
	at org.gradle.internal.execution.steps.ResolveMutableCachingStateStep.executeDelegate(ResolveMutableCachingStateStep.java:70)
	at org.gradle.internal.execution.steps.ResolveMutableCachingStateStep.executeDelegate(ResolveMutableCachingStateStep.java:32)
	at org.gradle.internal.execution.steps.AbstractResolveCachingStateStep.execute(AbstractResolveCachingStateStep.java:69)
	at org.gradle.internal.execution.steps.AbstractResolveCachingStateStep.execute(AbstractResolveCachingStateStep.java:37)
	at org.gradle.internal.execution.steps.ResolveChangesStep.executeMutable(ResolveChangesStep.java:63)
	at org.gradle.internal.execution.steps.ResolveChangesStep.executeMutable(ResolveChangesStep.java:34)
	at org.gradle.internal.execution.steps.MutableStep.execute(MutableStep.java:26)
	at org.gradle.internal.execution.steps.ValidateStep$Mutable.executeDelegate(ValidateStep.java:79)
	at org.gradle.internal.execution.steps.ValidateStep$Mutable.executeDelegate(ValidateStep.java:65)
	at org.gradle.internal.execution.steps.ValidateStep.execute(ValidateStep.java:105)
	at org.gradle.internal.execution.steps.ValidateStep$Mutable.execute(ValidateStep.java:65)
	at org.gradle.internal.execution.steps.CaptureMutableStateBeforeExecutionStep.executeMutable(CaptureMutableStateBeforeExecutionStep.java:86)
	at org.gradle.internal.execution.steps.CaptureMutableStateBeforeExecutionStep.execute(CaptureMutableStateBeforeExecutionStep.java:65)
	at org.gradle.internal.execution.steps.CaptureMutableStateBeforeExecutionStep.execute(CaptureMutableStateBeforeExecutionStep.java:45)
	at org.gradle.internal.execution.steps.SkipEmptyMutableWorkStep.executeWithNonEmptySources(SkipEmptyMutableWorkStep.java:210)
	at org.gradle.internal.execution.steps.SkipEmptyMutableWorkStep.executeMutable(SkipEmptyMutableWorkStep.java:90)
	at org.gradle.internal.execution.steps.SkipEmptyMutableWorkStep.executeMutable(SkipEmptyMutableWorkStep.java:53)
	at org.gradle.internal.execution.steps.MutableStep.execute(MutableStep.java:26)
	at org.gradle.internal.execution.steps.legacy.MarkSnapshottingInputsStartedStep.execute(MarkSnapshottingInputsStartedStep.java:38)
	at org.gradle.internal.execution.steps.LoadPreviousExecutionStateStep.executeMutable(LoadPreviousExecutionStateStep.java:36)
	at org.gradle.internal.execution.steps.LoadPreviousExecutionStateStep.executeMutable(LoadPreviousExecutionStateStep.java:23)
	at org.gradle.internal.execution.steps.MutableStep.execute(MutableStep.java:26)
	at org.gradle.internal.execution.steps.HandleStaleOutputsStep.executeMutable(HandleStaleOutputsStep.java:77)
	at org.gradle.internal.execution.steps.HandleStaleOutputsStep.executeMutable(HandleStaleOutputsStep.java:43)
	at org.gradle.internal.execution.steps.MutableStep.execute(MutableStep.java:26)
	at org.gradle.internal.execution.steps.AssignMutableWorkspaceStep.lambda$executeMutable$0(AssignMutableWorkspaceStep.java:34)
	at org.gradle.api.internal.tasks.execution.TaskExecution$4.withWorkspace(TaskExecution.java:305)
	at org.gradle.internal.execution.steps.AssignMutableWorkspaceStep.executeMutable(AssignMutableWorkspaceStep.java:30)
	at org.gradle.internal.execution.steps.AssignMutableWorkspaceStep.executeMutable(AssignMutableWorkspaceStep.java:21)
	at org.gradle.internal.execution.steps.MutableStep.execute(MutableStep.java:26)
	at org.gradle.internal.execution.steps.ChoosePipelineStep.execute(ChoosePipelineStep.java:40)
	at org.gradle.internal.execution.steps.ChoosePipelineStep.execute(ChoosePipelineStep.java:23)
	at org.gradle.internal.execution.steps.ExecuteWorkBuildOperationFiringStep.lambda$execute$2(ExecuteWorkBuildOperationFiringStep.java:67)
	at java.base/java.util.Optional.orElseGet(Optional.java:364)
	at org.gradle.internal.execution.steps.ExecuteWorkBuildOperationFiringStep.execute(ExecuteWorkBuildOperationFiringStep.java:67)
	at org.gradle.internal.execution.steps.ExecuteWorkBuildOperationFiringStep.execute(ExecuteWorkBuildOperationFiringStep.java:39)
	at org.gradle.internal.execution.steps.IdentityCacheStep.execute(IdentityCacheStep.java:46)
	at org.gradle.internal.execution.steps.IdentityCacheStep.execute(IdentityCacheStep.java:34)
	at org.gradle.internal.execution.steps.IdentifyStep.execute(IdentifyStep.java:56)
	at org.gradle.internal.execution.steps.IdentifyStep.execute(IdentifyStep.java:38)
	at org.gradle.internal.execution.impl.DefaultExecutionEngine$1.execute(DefaultExecutionEngine.java:68)
	at org.gradle.api.internal.tasks.execution.ExecuteActionsTaskExecuter.executeIfValid(ExecuteActionsTaskExecuter.java:132)
	at org.gradle.api.internal.tasks.execution.ExecuteActionsTaskExecuter.execute(ExecuteActionsTaskExecuter.java:121)
	at org.gradle.api.internal.tasks.execution.ProblemsTaskPathTrackingTaskExecuter.execute(ProblemsTaskPathTrackingTaskExecuter.java:41)
	at org.gradle.api.internal.tasks.execution.ResolveTaskExecutionModeExecuter.execute(ResolveTaskExecutionModeExecuter.java:51)
	at org.gradle.api.internal.tasks.execution.FinalizePropertiesTaskExecuter.execute(FinalizePropertiesTaskExecuter.java:46)
	at org.gradle.api.internal.tasks.execution.SkipTaskWithNoActionsExecuter.execute(SkipTaskWithNoActionsExecuter.java:57)
	at org.gradle.api.internal.tasks.execution.SkipOnlyIfTaskExecuter.execute(SkipOnlyIfTaskExecuter.java:74)
	at org.gradle.api.internal.tasks.execution.CatchExceptionTaskExecuter.execute(CatchExceptionTaskExecuter.java:36)
	at org.gradle.api.internal.tasks.execution.EventFiringTaskExecuter$1.executeTask(EventFiringTaskExecuter.java:77)
	at org.gradle.api.internal.tasks.execution.EventFiringTaskExecuter$1.call(EventFiringTaskExecuter.java:55)
	at org.gradle.api.internal.tasks.execution.EventFiringTaskExecuter$1.call(EventFiringTaskExecuter.java:52)
	at org.gradle.internal.operations.DefaultBuildOperationRunner$CallableBuildOperationWorker.execute(DefaultBuildOperationRunner.java:210)
	at org.gradle.internal.operations.DefaultBuildOperationRunner$CallableBuildOperationWorker.execute(DefaultBuildOperationRunner.java:205)
	at org.gradle.internal.operations.DefaultBuildOperationRunner$2.execute(DefaultBuildOperationRunner.java:67)
	at org.gradle.internal.operations.DefaultBuildOperationRunner$2.execute(DefaultBuildOperationRunner.java:60)
	at org.gradle.internal.operations.DefaultBuildOperationRunner.execute(DefaultBuildOperationRunner.java:167)
	at org.gradle.internal.operations.DefaultBuildOperationRunner.execute(DefaultBuildOperationRunner.java:60)
	at org.gradle.internal.operations.DefaultBuildOperationRunner.call(DefaultBuildOperationRunner.java:54)
	at org.gradle.api.internal.tasks.execution.EventFiringTaskExecuter.execute(EventFiringTaskExecuter.java:52)
	at org.gradle.execution.plan.DefaultNodeExecutor.executeLocalTaskNode(DefaultNodeExecutor.java:55)
	at org.gradle.execution.plan.DefaultNodeExecutor.execute(DefaultNodeExecutor.java:34)
	at org.gradle.execution.taskgraph.DefaultTaskExecutionGraph$InvokeNodeExecutorsAction.execute(DefaultTaskExecutionGraph.java:355)
	at org.gradle.execution.taskgraph.DefaultTaskExecutionGraph$InvokeNodeExecutorsAction.execute(DefaultTaskExecutionGraph.java:343)
	at org.gradle.execution.taskgraph.DefaultTaskExecutionGraph$BuildOperationAwareExecutionAction.lambda$execute$0(DefaultTaskExecutionGraph.java:339)
	at org.gradle.internal.operations.CurrentBuildOperationRef.with(CurrentBuildOperationRef.java:84)
	at org.gradle.execution.taskgraph.DefaultTaskExecutionGraph$BuildOperationAwareExecutionAction.execute(DefaultTaskExecutionGraph.java:339)
	at org.gradle.execution.taskgraph.DefaultTaskExecutionGraph$BuildOperationAwareExecutionAction.execute(DefaultTaskExecutionGraph.java:328)
	at org.gradle.execution.plan.DefaultPlanExecutor$ExecutorWorker.execute(DefaultPlanExecutor.java:459)
	at org.gradle.execution.plan.DefaultPlanExecutor$ExecutorWorker.run(DefaultPlanExecutor.java:376)
	at org.gradle.execution.plan.DefaultPlanExecutor.process(DefaultPlanExecutor.java:111)
	at org.gradle.execution.taskgraph.DefaultTaskExecutionGraph.executeWithServices(DefaultTaskExecutionGraph.java:146)
	at org.gradle.execution.taskgraph.DefaultTaskExecutionGraph.execute(DefaultTaskExecutionGraph.java:131)
	at org.gradle.execution.SelectedTaskExecutionAction.execute(SelectedTaskExecutionAction.java:35)
	at org.gradle.execution.BuildOperationFiringBuildWorkerExecutor$ExecuteTasks.call(BuildOperationFiringBuildWorkerExecutor.java:54)
	at org.gradle.execution.BuildOperationFiringBuildWorkerExecutor$ExecuteTasks.call(BuildOperationFiringBuildWorkerExecutor.java:43)
	at org.gradle.internal.operations.DefaultBuildOperationRunner$CallableBuildOperationWorker.execute(DefaultBuildOperationRunner.java:210)
	at org.gradle.internal.operations.DefaultBuildOperationRunner$CallableBuildOperationWorker.execute(DefaultBuildOperationRunner.java:205)
	at org.gradle.internal.operations.DefaultBuildOperationRunner$2.execute(DefaultBuildOperationRunner.java:67)
	at org.gradle.internal.operations.DefaultBuildOperationRunner$2.execute(DefaultBuildOperationRunner.java:60)
	at org.gradle.internal.operations.DefaultBuildOperationRunner.execute(DefaultBuildOperationRunner.java:167)
	at org.gradle.internal.operations.DefaultBuildOperationRunner.execute(DefaultBuildOperationRunner.java:60)
	at org.gradle.internal.operations.DefaultBuildOperationRunner.call(DefaultBuildOperationRunner.java:54)
	at org.gradle.execution.BuildOperationFiringBuildWorkerExecutor.execute(BuildOperationFiringBuildWorkerExecutor.java:40)
	at org.gradle.internal.build.DefaultBuildLifecycleController.lambda$executeTasks$11(DefaultBuildLifecycleController.java:323)
	at org.gradle.internal.model.StateTransitionController.doTransition(StateTransitionController.java:304)
	at org.gradle.internal.model.StateTransitionController.lambda$tryTransition$9(StateTransitionController.java:215)
	at org.gradle.internal.work.DefaultSynchronizer.withLock(DefaultSynchronizer.java:45)
	at org.gradle.internal.model.StateTransitionController.tryTransition(StateTransitionController.java:215)
	at org.gradle.internal.build.DefaultBuildLifecycleController.executeTasks(DefaultBuildLifecycleController.java:314)
	at org.gradle.internal.build.DefaultBuildWorkGraphController$DefaultBuildWorkGraph.runWork(DefaultBuildWorkGraphController.java:220)
	at org.gradle.internal.work.DefaultWorkerLeaseService.lambda$runAndReleaseLocks$0(DefaultWorkerLeaseService.java:300)
	at org.gradle.internal.work.ResourceLockStatistics$1.measure(ResourceLockStatistics.java:43)
	at org.gradle.internal.work.DefaultWorkerLeaseService.runAndReleaseLocks(DefaultWorkerLeaseService.java:298)
	at org.gradle.internal.work.DefaultWorkerLeaseService.withLocksAcquired(DefaultWorkerLeaseService.java:294)
	at org.gradle.internal.work.DefaultWorkerLeaseService.withLocks(DefaultWorkerLeaseService.java:286)
	at org.gradle.internal.work.DefaultWorkerLeaseService.runAsWorkerThread(DefaultWorkerLeaseService.java:130)
	at org.gradle.composite.internal.DefaultBuildController.doRun(DefaultBuildController.java:182)
	at org.gradle.composite.internal.DefaultBuildController$BuildOpRunnable.lambda$run$0(DefaultBuildController.java:199)
	at org.gradle.internal.operations.CurrentBuildOperationRef.with(CurrentBuildOperationRef.java:84)
	at org.gradle.composite.internal.DefaultBuildController$BuildOpRunnable.run(DefaultBuildController.java:199)
	at java.base/java.util.concurrent.Executors$RunnableAdapter.call(Executors.java:572)
	at java.base/java.util.concurrent.FutureTask.run(FutureTask.java:317)
	at org.gradle.internal.concurrent.ExecutorPolicy$CatchAndRecordFailures.onExecute(ExecutorPolicy.java:64)
	at org.gradle.internal.concurrent.AbstractManagedExecutor$1.run(AbstractManagedExecutor.java:47)
	at java.base/java.util.concurrent.ThreadPoolExecutor.runWorker(ThreadPoolExecutor.java:1144)
	at java.base/java.util.concurrent.ThreadPoolExecutor$Worker.run(ThreadPoolExecutor.java:642)
	at java.base/java.lang.Thread.run(Thread.java:1583)

WARNING: D8: An error occurred when parsing kotlin metadata. This normally happens when using a newer version of kotlin than the kotlin version released when this version of R8 was created. To find compatible kotlin versions, please see: https://developer.android.com/studio/build/kotlin-d8-r8-versions
WARNING: D8: Unexpected error during rewriting of Kotlin metadata for class 'com.reelshort.plugin.ReelShortProvider$loadLinks$3':
com.android.tools.r8.internal.Os0: Should never be called
	at com.android.tools.r8.kotlin.a0.a(R8_8.7.18_f8bee6d6fb926b7ebb3b15bf98f726f9d57471456ea20fce6d17d9a020197688:2)
	at com.android.tools.r8.kotlin.Z.a(R8_8.7.18_f8bee6d6fb926b7ebb3b15bf98f726f9d57471456ea20fce6d17d9a020197688:185)
	at com.android.tools.r8.kotlin.Z.a(R8_8.7.18_f8bee6d6fb926b7ebb3b15bf98f726f9d57471456ea20fce6d17d9a020197688:184)
	at com.android.tools.r8.internal.ep0.a(R8_8.7.18_f8bee6d6fb926b7ebb3b15bf98f726f9d57471456ea20fce6d17d9a020197688:23)
	at com.android.tools.r8.internal.ep0.a(R8_8.7.18_f8bee6d6fb926b7ebb3b15bf98f726f9d57471456ea20fce6d17d9a020197688:34)
	at com.android.tools.r8.internal.ep0.a(R8_8.7.18_f8bee6d6fb926b7ebb3b15bf98f726f9d57471456ea20fce6d17d9a020197688:17)
	at com.google.common.util.concurrent.TrustedListenableFutureTask$TrustedFutureInterruptibleTask.runInterruptibly(TrustedListenableFutureTask.java:131)
	at com.google.common.util.concurrent.InterruptibleTask.run(InterruptibleTask.java:75)
	at com.google.common.util.concurrent.TrustedListenableFutureTask.run(TrustedListenableFutureTask.java:82)
	at com.google.common.util.concurrent.MoreExecutors$DirectExecutorService.execute(MoreExecutors.java:327)
	at java.base/java.util.concurrent.AbstractExecutorService.submit(AbstractExecutorService.java:145)
	at com.google.common.util.concurrent.AbstractListeningExecutorService.submit(AbstractListeningExecutorService.java:79)
	at com.google.common.util.concurrent.AbstractListeningExecutorService.submit(AbstractListeningExecutorService.java:37)
	at com.android.tools.r8.internal.fp0.submit(R8_8.7.18_f8bee6d6fb926b7ebb3b15bf98f726f9d57471456ea20fce6d17d9a020197688:1)
	at com.android.tools.r8.internal.Ro0.a(R8_8.7.18_f8bee6d6fb926b7ebb3b15bf98f726f9d57471456ea20fce6d17d9a020197688:1)
	at com.android.tools.r8.internal.ep0.a(R8_8.7.18_f8bee6d6fb926b7ebb3b15bf98f726f9d57471456ea20fce6d17d9a020197688:19)
	at com.android.tools.r8.internal.Yw.a(R8_8.7.18_f8bee6d6fb926b7ebb3b15bf98f726f9d57471456ea20fce6d17d9a020197688:3)
	at java.base/java.util.ArrayList.forEach(ArrayList.java:1596)
	at com.android.tools.r8.internal.Yw.a(R8_8.7.18_f8bee6d6fb926b7ebb3b15bf98f726f9d57471456ea20fce6d17d9a020197688:2)
	at com.android.tools.r8.internal.ep0.a(R8_8.7.18_f8bee6d6fb926b7ebb3b15bf98f726f9d57471456ea20fce6d17d9a020197688:10)
	at com.android.tools.r8.internal.ep0.a(R8_8.7.18_f8bee6d6fb926b7ebb3b15bf98f726f9d57471456ea20fce6d17d9a020197688:33)
	at com.android.tools.r8.internal.ep0.a(R8_8.7.18_f8bee6d6fb926b7ebb3b15bf98f726f9d57471456ea20fce6d17d9a020197688:25)
	at com.android.tools.r8.internal.ep0.a(R8_8.7.18_f8bee6d6fb926b7ebb3b15bf98f726f9d57471456ea20fce6d17d9a020197688:22)
	at com.android.tools.r8.K.a(R8_8.7.18_f8bee6d6fb926b7ebb3b15bf98f726f9d57471456ea20fce6d17d9a020197688:3)
	at com.android.tools.r8.kotlin.Z.a(R8_8.7.18_f8bee6d6fb926b7ebb3b15bf98f726f9d57471456ea20fce6d17d9a020197688:9)
	at com.android.tools.r8.D8.b(R8_8.7.18_f8bee6d6fb926b7ebb3b15bf98f726f9d57471456ea20fce6d17d9a020197688:17)
	at com.android.tools.r8.internal.Gp0.a(R8_8.7.18_f8bee6d6fb926b7ebb3b15bf98f726f9d57471456ea20fce6d17d9a020197688:57)
	at com.android.tools.r8.D8.a(R8_8.7.18_f8bee6d6fb926b7ebb3b15bf98f726f9d57471456ea20fce6d17d9a020197688:88)
	at com.android.tools.r8.D8.d(R8_8.7.18_f8bee6d6fb926b7ebb3b15bf98f726f9d57471456ea20fce6d17d9a020197688:137)
	at com.android.tools.r8.D8.b(R8_8.7.18_f8bee6d6fb926b7ebb3b15bf98f726f9d57471456ea20fce6d17d9a020197688:1)
	at com.android.tools.r8.internal.yu.a(R8_8.7.18_f8bee6d6fb926b7ebb3b15bf98f726f9d57471456ea20fce6d17d9a020197688:28)
	at com.android.tools.r8.internal.yu.b(R8_8.7.18_f8bee6d6fb926b7ebb3b15bf98f726f9d57471456ea20fce6d17d9a020197688:2)
	at com.android.tools.r8.D8.run(R8_8.7.18_f8bee6d6fb926b7ebb3b15bf98f726f9d57471456ea20fce6d17d9a020197688:11)
	at com.android.builder.dexing.D8DexArchiveBuilder.convert(D8DexArchiveBuilder.java:127)
	at com.android.builder.dexing.DexArchiveBuilder.convert$default(DexArchiveBuilder.kt:44)
	at com.lagradost.cloudstream3.gradle.tasks.CompileDexTask.compileDex(CompileDexTask.kt:88)
	at java.base/jdk.internal.reflect.DirectMethodHandleAccessor.invoke(DirectMethodHandleAccessor.java:103)
	at java.base/java.lang.reflect.Method.invoke(Method.java:580)
	at org.gradle.internal.reflect.JavaMethod.invoke(JavaMethod.java:125)
	at org.gradle.api.internal.project.taskfactory.StandardTaskAction.doExecute(StandardTaskAction.java:58)
	at org.gradle.api.internal.project.taskfactory.StandardTaskAction.execute(StandardTaskAction.java:51)
	at org.gradle.api.internal.project.taskfactory.StandardTaskAction.execute(StandardTaskAction.java:29)
	at org.gradle.api.internal.tasks.execution.TaskExecution$3.run(TaskExecution.java:259)
	at org.gradle.internal.operations.DefaultBuildOperationRunner$1.execute(DefaultBuildOperationRunner.java:30)
	at org.gradle.internal.operations.DefaultBuildOperationRunner$1.execute(DefaultBuildOperationRunner.java:27)
	at org.gradle.internal.operations.DefaultBuildOperationRunner$2.execute(DefaultBuildOperationRunner.java:67)
	at org.gradle.internal.operations.DefaultBuildOperationRunner$2.execute(DefaultBuildOperationRunner.java:60)
	at org.gradle.internal.operations.DefaultBuildOperationRunner.execute(DefaultBuildOperationRunner.java:167)
	at org.gradle.internal.operations.DefaultBuildOperationRunner.execute(DefaultBuildOperationRunner.java:60)
	at org.gradle.internal.operations.DefaultBuildOperationRunner.run(DefaultBuildOperationRunner.java:48)
	at org.gradle.api.internal.tasks.execution.TaskExecution.executeAction(TaskExecution.java:244)
	at org.gradle.api.internal.tasks.execution.TaskExecution.executeActions(TaskExecution.java:227)
	at org.gradle.api.internal.tasks.execution.TaskExecution.executeWithPreviousOutputFiles(TaskExecution.java:210)
	at org.gradle.api.internal.tasks.execution.TaskExecution.execute(TaskExecution.java:176)
	at org.gradle.internal.execution.steps.ExecuteStep.executeInternal(ExecuteStep.java:167)
	at org.gradle.internal.execution.steps.ExecuteStep.access$000(ExecuteStep.java:47)
	at org.gradle.internal.execution.steps.ExecuteStep$1.call(ExecuteStep.java:137)
	at org.gradle.internal.execution.steps.ExecuteStep$1.call(ExecuteStep.java:134)
	at org.gradle.internal.operations.DefaultBuildOperationRunner$CallableBuildOperationWorker.execute(DefaultBuildOperationRunner.java:210)
	at org.gradle.internal.operations.DefaultBuildOperationRunner$CallableBuildOperationWorker.execute(DefaultBuildOperationRunner.java:205)
	at org.gradle.internal.operations.DefaultBuildOperationRunner$2.execute(DefaultBuildOperationRunner.java:67)
	at org.gradle.internal.operations.DefaultBuildOperationRunner$2.execute(DefaultBuildOperationRunner.java:60)
	at org.gradle.internal.operations.DefaultBuildOperationRunner.execute(DefaultBuildOperationRunner.java:167)
	at org.gradle.internal.operations.DefaultBuildOperationRunner.execute(DefaultBuildOperationRunner.java:60)
	at org.gradle.internal.operations.DefaultBuildOperationRunner.call(DefaultBuildOperationRunner.java:54)
	at org.gradle.internal.execution.steps.ExecuteStep.execute(ExecuteStep.java:134)
	at org.gradle.internal.execution.steps.ExecuteStep$Mutable.execute(ExecuteStep.java:80)
	at org.gradle.internal.execution.steps.CancelExecutionStep.execute(CancelExecutionStep.java:42)
	at org.gradle.internal.execution.steps.TimeoutStep.executeWithoutTimeout(TimeoutStep.java:75)
	at org.gradle.internal.execution.steps.TimeoutStep.execute(TimeoutStep.java:55)
	at org.gradle.internal.execution.steps.PreCreateOutputParentsStep.execute(PreCreateOutputParentsStep.java:51)
	at org.gradle.internal.execution.steps.PreCreateOutputParentsStep.execute(PreCreateOutputParentsStep.java:29)
	at org.gradle.internal.execution.steps.RemovePreviousOutputsStep.executeMutable(RemovePreviousOutputsStep.java:67)
	at org.gradle.internal.execution.steps.RemovePreviousOutputsStep.executeMutable(RemovePreviousOutputsStep.java:39)
	at org.gradle.internal.execution.steps.MutableStep.execute(MutableStep.java:26)
	at org.gradle.internal.execution.steps.BroadcastChangingOutputsStep.execute(BroadcastChangingOutputsStep.java:42)
	at org.gradle.internal.execution.steps.BroadcastChangingOutputsStep.execute(BroadcastChangingOutputsStep.java:24)
	at org.gradle.internal.execution.steps.CaptureOutputsAfterExecutionStep.execute(CaptureOutputsAfterExecutionStep.java:69)
	at org.gradle.internal.execution.steps.CaptureOutputsAfterExecutionStep.execute(CaptureOutputsAfterExecutionStep.java:46)
	at org.gradle.internal.execution.steps.ResolveInputChangesStep.executeMutable(ResolveInputChangesStep.java:39)
	at org.gradle.internal.execution.steps.ResolveInputChangesStep.executeMutable(ResolveInputChangesStep.java:28)
	at org.gradle.internal.execution.steps.MutableStep.execute(MutableStep.java:26)
	at org.gradle.internal.execution.steps.BuildCacheStep.executeWithoutCache(BuildCacheStep.java:189)
	at org.gradle.internal.execution.steps.BuildCacheStep.lambda$execute$1(BuildCacheStep.java:76)
	at org.gradle.internal.Either$Right.fold(Either.java:176)
	at org.gradle.internal.execution.caching.CachingState.fold(CachingState.java:62)
	at org.gradle.internal.execution.steps.BuildCacheStep.execute(BuildCacheStep.java:74)
	at org.gradle.internal.execution.steps.BuildCacheStep.execute(BuildCacheStep.java:49)
	at org.gradle.internal.execution.steps.StoreExecutionStateStep.executeMutable(StoreExecutionStateStep.java:46)
	at org.gradle.internal.execution.steps.StoreExecutionStateStep.executeMutable(StoreExecutionStateStep.java:35)
	at org.gradle.internal.execution.steps.MutableStep.execute(MutableStep.java:26)
	at org.gradle.internal.execution.steps.SkipUpToDateStep.executeBecause(SkipUpToDateStep.java:75)
	at org.gradle.internal.execution.steps.SkipUpToDateStep.lambda$execute$2(SkipUpToDateStep.java:53)
	at java.base/java.util.Optional.orElseGet(Optional.java:364)
	at org.gradle.internal.execution.steps.SkipUpToDateStep.execute(SkipUpToDateStep.java:53)
	at org.gradle.internal.execution.steps.SkipUpToDateStep.execute(SkipUpToDateStep.java:35)
	at org.gradle.internal.execution.steps.legacy.MarkSnapshottingInputsFinishedStep.execute(MarkSnapshottingInputsFinishedStep.java:37)
	at org.gradle.internal.execution.steps.legacy.MarkSnapshottingInputsFinishedStep.execute(MarkSnapshottingInputsFinishedStep.java:27)
	at org.gradle.internal.execution.steps.ResolveMutableCachingStateStep.executeDelegate(ResolveMutableCachingStateStep.java:70)
	at org.gradle.internal.execution.steps.ResolveMutableCachingStateStep.executeDelegate(ResolveMutableCachingStateStep.java:32)
	at org.gradle.internal.execution.steps.AbstractResolveCachingStateStep.execute(AbstractResolveCachingStateStep.java:69)
	at org.gradle.internal.execution.steps.AbstractResolveCachingStateStep.execute(AbstractResolveCachingStateStep.java:37)
	at org.gradle.internal.execution.steps.ResolveChangesStep.executeMutable(ResolveChangesStep.java:63)
	at org.gradle.internal.execution.steps.ResolveChangesStep.executeMutable(ResolveChangesStep.java:34)
	at org.gradle.internal.execution.steps.MutableStep.execute(MutableStep.java:26)
	at org.gradle.internal.execution.steps.ValidateStep$Mutable.executeDelegate(ValidateStep.java:79)
	at org.gradle.internal.execution.steps.ValidateStep$Mutable.executeDelegate(ValidateStep.java:65)
	at org.gradle.internal.execution.steps.ValidateStep.execute(ValidateStep.java:105)
	at org.gradle.internal.execution.steps.ValidateStep$Mutable.execute(ValidateStep.java:65)
	at org.gradle.internal.execution.steps.CaptureMutableStateBeforeExecutionStep.executeMutable(CaptureMutableStateBeforeExecutionStep.java:86)
	at org.gradle.internal.execution.steps.CaptureMutableStateBeforeExecutionStep.execute(CaptureMutableStateBeforeExecutionStep.java:65)
	at org.gradle.internal.execution.steps.CaptureMutableStateBeforeExecutionStep.execute(CaptureMutableStateBeforeExecutionStep.java:45)
	at org.gradle.internal.execution.steps.SkipEmptyMutableWorkStep.executeWithNonEmptySources(SkipEmptyMutableWorkStep.java:210)
	at org.gradle.internal.execution.steps.SkipEmptyMutableWorkStep.executeMutable(SkipEmptyMutableWorkStep.java:90)
	at org.gradle.internal.execution.steps.SkipEmptyMutableWorkStep.executeMutable(SkipEmptyMutableWorkStep.java:53)
	at org.gradle.internal.execution.steps.MutableStep.execute(MutableStep.java:26)
	at org.gradle.internal.execution.steps.legacy.MarkSnapshottingInputsStartedStep.execute(MarkSnapshottingInputsStartedStep.java:38)
	at org.gradle.internal.execution.steps.LoadPreviousExecutionStateStep.executeMutable(LoadPreviousExecutionStateStep.java:36)
	at org.gradle.internal.execution.steps.LoadPreviousExecutionStateStep.executeMutable(LoadPreviousExecutionStateStep.java:23)
	at org.gradle.internal.execution.steps.MutableStep.execute(MutableStep.java:26)
	at org.gradle.internal.execution.steps.HandleStaleOutputsStep.executeMutable(HandleStaleOutputsStep.java:77)
	at org.gradle.internal.execution.steps.HandleStaleOutputsStep.executeMutable(HandleStaleOutputsStep.java:43)
	at org.gradle.internal.execution.steps.MutableStep.execute(MutableStep.java:26)
	at org.gradle.internal.execution.steps.AssignMutableWorkspaceStep.lambda$executeMutable$0(AssignMutableWorkspaceStep.java:34)
	at org.gradle.api.internal.tasks.execution.TaskExecution$4.withWorkspace(TaskExecution.java:305)
	at org.gradle.internal.execution.steps.AssignMutableWorkspaceStep.executeMutable(AssignMutableWorkspaceStep.java:30)
	at org.gradle.internal.execution.steps.AssignMutableWorkspaceStep.executeMutable(AssignMutableWorkspaceStep.java:21)
	at org.gradle.internal.execution.steps.MutableStep.execute(MutableStep.java:26)
	at org.gradle.internal.execution.steps.ChoosePipelineStep.execute(ChoosePipelineStep.java:40)
	at org.gradle.internal.execution.steps.ChoosePipelineStep.execute(ChoosePipelineStep.java:23)
	at org.gradle.internal.execution.steps.ExecuteWorkBuildOperationFiringStep.lambda$execute$2(ExecuteWorkBuildOperationFiringStep.java:67)
	at java.base/java.util.Optional.orElseGet(Optional.java:364)
	at org.gradle.internal.execution.steps.ExecuteWorkBuildOperationFiringStep.execute(ExecuteWorkBuildOperationFiringStep.java:67)
	at org.gradle.internal.execution.steps.ExecuteWorkBuildOperationFiringStep.execute(ExecuteWorkBuildOperationFiringStep.java:39)
	at org.gradle.internal.execution.steps.IdentityCacheStep.execute(IdentityCacheStep.java:46)
	at org.gradle.internal.execution.steps.IdentityCacheStep.execute(IdentityCacheStep.java:34)
	at org.gradle.internal.execution.steps.IdentifyStep.execute(IdentifyStep.java:56)
	at org.gradle.internal.execution.steps.IdentifyStep.execute(IdentifyStep.java:38)
	at org.gradle.internal.execution.impl.DefaultExecutionEngine$1.execute(DefaultExecutionEngine.java:68)
	at org.gradle.api.internal.tasks.execution.ExecuteActionsTaskExecuter.executeIfValid(ExecuteActionsTaskExecuter.java:132)
	at org.gradle.api.internal.tasks.execution.ExecuteActionsTaskExecuter.execute(ExecuteActionsTaskExecuter.java:121)
	at org.gradle.api.internal.tasks.execution.ProblemsTaskPathTrackingTaskExecuter.execute(ProblemsTaskPathTrackingTaskExecuter.java:41)
	at org.gradle.api.internal.tasks.execution.ResolveTaskExecutionModeExecuter.execute(ResolveTaskExecutionModeExecuter.java:51)
	at org.gradle.api.internal.tasks.execution.FinalizePropertiesTaskExecuter.execute(FinalizePropertiesTaskExecuter.java:46)
	at org.gradle.api.internal.tasks.execution.SkipTaskWithNoActionsExecuter.execute(SkipTaskWithNoActionsExecuter.java:57)
	at org.gradle.api.internal.tasks.execution.SkipOnlyIfTaskExecuter.execute(SkipOnlyIfTaskExecuter.java:74)
	at org.gradle.api.internal.tasks.execution.CatchExceptionTaskExecuter.execute(CatchExceptionTaskExecuter.java:36)
	at org.gradle.api.internal.tasks.execution.EventFiringTaskExecuter$1.executeTask(EventFiringTaskExecuter.java:77)
	at org.gradle.api.internal.tasks.execution.EventFiringTaskExecuter$1.call(EventFiringTaskExecuter.java:55)
	at org.gradle.api.internal.tasks.execution.EventFiringTaskExecuter$1.call(EventFiringTaskExecuter.java:52)
	at org.gradle.internal.operations.DefaultBuildOperationRunner$CallableBuildOperationWorker.execute(DefaultBuildOperationRunner.java:210)
	at org.gradle.internal.operations.DefaultBuildOperationRunner$CallableBuildOperationWorker.execute(DefaultBuildOperationRunner.java:205)
	at org.gradle.internal.operations.DefaultBuildOperationRunner$2.execute(DefaultBuildOperationRunner.java:67)
	at org.gradle.internal.operations.DefaultBuildOperationRunner$2.execute(DefaultBuildOperationRunner.java:60)
	at org.gradle.internal.operations.DefaultBuildOperationRunner.execute(DefaultBuildOperationRunner.java:167)
	at org.gradle.internal.operations.DefaultBuildOperationRunner.execute(DefaultBuildOperationRunner.java:60)
	at org.gradle.internal.operations.DefaultBuildOperationRunner.call(DefaultBuildOperationRunner.java:54)
	at org.gradle.api.internal.tasks.execution.EventFiringTaskExecuter.execute(EventFiringTaskExecuter.java:52)
	at org.gradle.execution.plan.DefaultNodeExecutor.executeLocalTaskNode(DefaultNodeExecutor.java:55)
	at org.gradle.execution.plan.DefaultNodeExecutor.execute(DefaultNodeExecutor.java:34)
	at org.gradle.execution.taskgraph.DefaultTaskExecutionGraph$InvokeNodeExecutorsAction.execute(DefaultTaskExecutionGraph.java:355)
	at org.gradle.execution.taskgraph.DefaultTaskExecutionGraph$InvokeNodeExecutorsAction.execute(DefaultTaskExecutionGraph.java:343)
	at org.gradle.execution.taskgraph.DefaultTaskExecutionGraph$BuildOperationAwareExecutionAction.lambda$execute$0(DefaultTaskExecutionGraph.java:339)
	at org.gradle.internal.operations.CurrentBuildOperationRef.with(CurrentBuildOperationRef.java:84)
	at org.gradle.execution.taskgraph.DefaultTaskExecutionGraph$BuildOperationAwareExecutionAction.execute(DefaultTaskExecutionGraph.java:339)
	at org.gradle.execution.taskgraph.DefaultTaskExecutionGraph$BuildOperationAwareExecutionAction.execute(DefaultTaskExecutionGraph.java:328)
	at org.gradle.execution.plan.DefaultPlanExecutor$ExecutorWorker.execute(DefaultPlanExecutor.java:459)
	at org.gradle.execution.plan.DefaultPlanExecutor$ExecutorWorker.run(DefaultPlanExecutor.java:376)
	at org.gradle.execution.plan.DefaultPlanExecutor.process(DefaultPlanExecutor.java:111)
	at org.gradle.execution.taskgraph.DefaultTaskExecutionGraph.executeWithServices(DefaultTaskExecutionGraph.java:146)
	at org.gradle.execution.taskgraph.DefaultTaskExecutionGraph.execute(DefaultTaskExecutionGraph.java:131)
	at org.gradle.execution.SelectedTaskExecutionAction.execute(SelectedTaskExecutionAction.java:35)
	at org.gradle.execution.BuildOperationFiringBuildWorkerExecutor$ExecuteTasks.call(BuildOperationFiringBuildWorkerExecutor.java:54)
	at org.gradle.execution.BuildOperationFiringBuildWorkerExecutor$ExecuteTasks.call(BuildOperationFiringBuildWorkerExecutor.java:43)
	at org.gradle.internal.operations.DefaultBuildOperationRunner$CallableBuildOperationWorker.execute(DefaultBuildOperationRunner.java:210)
	at org.gradle.internal.operations.DefaultBuildOperationRunner$CallableBuildOperationWorker.execute(DefaultBuildOperationRunner.java:205)
	at org.gradle.internal.operations.DefaultBuildOperationRunner$2.execute(DefaultBuildOperationRunner.java:67)
	at org.gradle.internal.operations.DefaultBuildOperationRunner$2.execute(DefaultBuildOperationRunner.java:60)
	at org.gradle.internal.operations.DefaultBuildOperationRunner.execute(DefaultBuildOperationRunner.java:167)
	at org.gradle.internal.operations.DefaultBuildOperationRunner.execute(DefaultBuildOperationRunner.java:60)
	at org.gradle.internal.operations.DefaultBuildOperationRunner.call(DefaultBuildOperationRunner.java:54)
	at org.gradle.execution.BuildOperationFiringBuildWorkerExecutor.execute(BuildOperationFiringBuildWorkerExecutor.java:40)
	at org.gradle.internal.build.DefaultBuildLifecycleController.lambda$executeTasks$11(DefaultBuildLifecycleController.java:323)
	at org.gradle.internal.model.StateTransitionController.doTransition(StateTransitionController.java:304)
	at org.gradle.internal.model.StateTransitionController.lambda$tryTransition$9(StateTransitionController.java:215)
	at org.gradle.internal.work.DefaultSynchronizer.withLock(DefaultSynchronizer.java:45)
	at org.gradle.internal.model.StateTransitionController.tryTransition(StateTransitionController.java:215)
	at org.gradle.internal.build.DefaultBuildLifecycleController.executeTasks(DefaultBuildLifecycleController.java:314)
	at org.gradle.internal.build.DefaultBuildWorkGraphController$DefaultBuildWorkGraph.runWork(DefaultBuildWorkGraphController.java:220)
	at org.gradle.internal.work.DefaultWorkerLeaseService.lambda$runAndReleaseLocks$0(DefaultWorkerLeaseService.java:300)
	at org.gradle.internal.work.ResourceLockStatistics$1.measure(ResourceLockStatistics.java:43)
	at org.gradle.internal.work.DefaultWorkerLeaseService.runAndReleaseLocks(DefaultWorkerLeaseService.java:298)
	at org.gradle.internal.work.DefaultWorkerLeaseService.withLocksAcquired(DefaultWorkerLeaseService.java:294)
	at org.gradle.internal.work.DefaultWorkerLeaseService.withLocks(DefaultWorkerLeaseService.java:286)
	at org.gradle.internal.work.DefaultWorkerLeaseService.runAsWorkerThread(DefaultWorkerLeaseService.java:130)
	at org.gradle.composite.internal.DefaultBuildController.doRun(DefaultBuildController.java:182)
	at org.gradle.composite.internal.DefaultBuildController$BuildOpRunnable.lambda$run$0(DefaultBuildController.java:199)
	at org.gradle.internal.operations.CurrentBuildOperationRef.with(CurrentBuildOperationRef.java:84)
	at org.gradle.composite.internal.DefaultBuildController$BuildOpRunnable.run(DefaultBuildController.java:199)
	at java.base/java.util.concurrent.Executors$RunnableAdapter.call(Executors.java:572)
	at java.base/java.util.concurrent.FutureTask.run(FutureTask.java:317)
	at org.gradle.internal.concurrent.ExecutorPolicy$CatchAndRecordFailures.onExecute(ExecutorPolicy.java:64)
	at org.gradle.internal.concurrent.AbstractManagedExecutor$1.run(AbstractManagedExecutor.java:47)
	at java.base/java.util.concurrent.ThreadPoolExecutor.runWorker(ThreadPoolExecutor.java:1144)
	at java.base/java.util.concurrent.ThreadPoolExecutor$Worker.run(ThreadPoolExecutor.java:642)
	at java.base/java.lang.Thread.run(Thread.java:1583)

Compiled dex to C:\Users\yemen\Desktop\برمجه\arab-videos\ReelShort\build\intermediates\classes.dex

> Task :ReelShort:generateManifest

> Task :ReelShort:make
Made CloudStream package at C:\Users\yemen\Desktop\برمجه\arab-videos\ReelShort\build\ReelShort.cs3

[Incubating] Problems report is available at: file:///C:/Users/yemen/Desktop/%D8%A8%D8%B1%D9%85%D8%AC%D9%87/arab-videos/build/reports/problems/problems-report.html

Deprecated Gradle features were used in this build, making it incompatible with Gradle 10.

You can use '--warning-mode all' to show the individual deprecation warnings and determine if they come from your own scripts or plugins.

For more on this, please refer to https://docs.gradle.org/9.6.1/userguide/command_line_interface.html#sec:command_line_warnings in the Gradle documentation.

BUILD SUCCESSFUL in 59s
45 actionable tasks: 6 executed, 39 up-to-date
Consider enabling configuration cache to speed up this build: https://docs.gradle.org/9.6.1/userguide/configuration_cache_enabling.html
